Year,Sem,College,Dept,Num,Section,Instructor,Course Name,Course Level,Total # Students,# Responses,Response Rate,Hrs Per Week,Interest in student learning,Clearly explain course requirements,Clear learning objectives & goals,Instructor provides feedback to students to improve,Demonstrate importance of subject matter,Explains subject matter of course,Show respect for all students,Overall teaching rate,Overall course rate
2026,Spring,Heinz College,AEM,93721,A3,"IYER, Jenee",ARTS MANAGEMENT & IP,Graduate,13,7,53.8%,5.86,4.57,4.57,4.43,4.00,4.57,4.71,4.86,4.57,4.57
2026,Spring,Heinz College,AEM,93807,A3,"STEWART, GRACE",MUSEUM OPERATIONS,Graduate,18,10,55.6%,7.33,3.00,2.67,2.33,1.89,2.67,2.78,4.00,2.33,2.00
2026,Spring,Heinz College,AEM,93807,A3,,MUSEUM OPERATIONS,Graduate,18,10,55.6%,7.10,3.20,2.70,2.40,2.10,2.80,2.90,4.80,2.70,2.20
2026,Spring,Heinz College,AEM,93826,A3,"MCMAHON, JAMIE",FUNDR & INDIV GIVING,Graduate,26,14,53.8%,7.14,4.21,4.36,4.07,3.57,4.43,3.79,4.64,4.07,3.93
2026,Spring,Heinz College,AEM,93831,A3,"SOLOMON, MARCIE",LAW FUND ARTS MNGERS,Graduate,30,23,76.7%,7.52,4.09,4.09,4.17,3.61,4.22,3.96,4.74,3.91,3.91
2026,Spring,Heinz College,AEM,93844,A3,"BERLIN, LIZ",LIVE MUS TOUR REV ST,Graduate,18,12,66.7%,6.50,4.17,4.08,4.17,4.00,4.42,3.92,4.75,4.00,3.83
2026,Spring,Heinz College,AEM,93846,A3,"POULIN, JEFF",CULTURAL PLCY ADVCY,Graduate,9,6,66.7%,8.00,4.83,4.50,4.83,4.33,5.00,4.83,5.00,4.83,4.83
2026,Spring,College of Fine Arts,ARC,48386,A3,"ABRAHAM, JARED",PORT RES PREP,Undergraduate,8,1,12.5%,2.00,5.00,5.00,5.00,5.00,5.00,5.00,5.00,5.00,5.00
2026,Spring,College of Fine Arts,ARC,48575,A3,"COCHRAN, ERICA",NOMAS COMP,Undergraduate,5,0,0.0%,,,,,,,,,,
2026,Spring,College of Fine Arts,ARC,48627,A3,"NEWMAN- PERRY, MORGAN",EXPL AFTR ARCH PRAC,Graduate,4,1,25.0%,5.00,5.00,4.00,5.00,3.00,5.00,5.00,5.00,5.00,5.00
2026,Spring,College of Fine Arts,ARC,48661,A3,"CLAUS, LORI",PROF DVP,Graduate,9,2,22.2%,2.00,5.00,4.50,5.00,5.00,4.50,5.00,5.00,4.50,5.00
2026,Spring,College of Fine Arts,ARC,48677,A3,"DANES, STEFANI",HINES COMP,Graduate,12,3,25.0%,13.33,4.67,4.67,4.00,4.33,4.33,4.33,4.33,4.33,4.67
2026,Spring,College of Fine Arts,ARC,48786,A3,"ABRAHAM, JARED",PORT RES PREP,Graduate,2,0,0.0%,,,,,,,,,,
2026,Spring,College of Fine Arts,ART,60208,A3,"BLUM, AARON",ALTERNATIVE PHOTO,Undergraduate,2,0,0.0%,,,,,,,,,,
2026,Spring,Mellon College of Science,BSC,03701,A3,"MCMANUS, JOEL",PRACTICL COMPUTING,Graduate,10,2,20.0%,6.50,5.00,5.00,5.00,5.00,5.00,5.00,5.00,5.00,5.00
2026,Spring,Mellon College of Science,BSC,03728,A3,"WONG-NOONAN, STEPHANIE",GENOME EDIT BIOTECH,Graduate,14,8,57.1%,5.75,5.00,4.88,4.88,4.63,4.88,4.88,5.00,4.88,4.75
2026,Spring,Mellon College of Science,BSC,03737,A3,"ZHAO, YONGXIN",BIOSENSORS,Graduate,16,14,87.5%,6.07,4.57,4.64,4.71,4.50,4.71,4.50,4.93,4.50,4.36
2026,Spring,Mellon College of Science,BSC,03776,A3,"MCGUIER, NATALIE",MOL TECH BIOPROCESS,Graduate,20,5,25.0%,12.80,4.00,3.60,3.80,4.00,4.20,3.80,3.60,3.80,4.00
2026,Spring,Tepper School of Business,BUS,45701,M3,"SUDBURY, AUSTIN",FINL MANGL ACCNTG II,Graduate,28,8,28.6%,8.75,4.63,4.50,4.50,4.63,4.50,4.50,4.88,4.63,4.38
2026,Spring,Tepper School of Business,BUS,45701,O3,"SUDBURY, AUSTIN",FINL MANGL ACCNTG II,Graduate,27,10,37.0%,11.30,4.50,4.60,4.60,3.90,4.60,4.40,4.90,4.40,4.40
2026,Spring,Tepper School of Business,BUS,45701,P3,"SUDBURY, AUSTIN",FINL MANGL ACCNTG II,Graduate,26,16,61.5%,9.31,4.56,4.69,4.81,4.50,4.69,4.75,4.69,4.56,4.44
2026,Spring,Tepper School of Business,BUS,45710,A3,"OERY, ANIKO",MANGERL ECONOMCS,Graduate,65,25,38.5%,9.56,4.56,4.36,4.36,4.04,4.20,3.88,4.88,3.84,3.84
2026,Spring,Tepper School of Business,BUS,45710,B3,"OERY, ANIKO",MANGERL ECONOMCS,Graduate,70,35,50.0%,9.83,4.31,4.03,4.09,3.83,4.14,3.77,4.77,3.74,3.83
2026,Spring,Tepper School of Business,BUS,45710,C3,"OERY, ANIKO",MANGERL ECONOMCS,Graduate,43,28,65.1%,9.18,4.43,4.39,4.36,4.21,4.46,3.93,4.79,4.00,4.07
2026,Spring,Tepper School of Business,BUS,45751,A3,"PENA, JAVIER",OPTIMIZATION,Graduate,42,30,71.4%,7.73,4.70,4.67,4.73,4.33,4.50,4.57,4.83,4.70,4.53
2026,Spring,Tepper School of Business,BUS,45751,B3,"PENA, JAVIER",OPTIMIZATION,Graduate,69,50,72.5%,8.80,4.50,4.32,4.30,4.08,4.38,4.24,4.68,4.24,4.00
2026,Spring,Tepper School of Business,BUS,45751,C3,"PENA, JAVIER",OPTIMIZATION,Graduate,69,48,69.6%,9.02,4.60,4.29,4.27,4.10,4.38,4.29,4.83,4.31,4.15
2026,Spring,Tepper School of Business,BUS,45752,M3,"SAEEDI, MARYAM",STATISTICAL DEC MAKG,Graduate,28,11,39.3%,8.55,4.09,3.36,3.73,3.36,3.73,3.64,4.82,3.36,3.00
2026,Spring,Tepper School of Business,BUS,45752,O3,"SAEEDI, MARYAM",STATISTICAL DEC MAKG,Graduate,29,12,41.4%,9.25,3.75,3.50,3.67,3.67,3.92,3.92,4.50,3.42,3.42
2026,Spring,Tepper School of Business,BUS,45752,P3,"SAEEDI, MARYAM",STATISTICAL DEC MAKG,Graduate,27,17,63.0%,9.41,3.82,3.47,3.71,3.24,3.94,3.41,4.41,3.24,3.24
2026,Spring,Tepper School of Business,BUS,45800,A3,"SUDBURY, AUSTIN",CORPATE FINL REPRTG,Graduate,23,18,78.3%,10.11,4.72,4.61,4.78,4.56,4.78,4.78,4.78,4.61,4.72
2026,Spring,Tepper School of Business,BUS,45805,B3,,LEAN ENTREPSHP,Graduate,21,9,42.9%,6.67,4.78,5.00,5.00,5.00,5.00,5.00,5.00,4.89,5.00
2026,Spring,Tepper School of Business,BUS,45805,A3,"XU, JJ",LEAN ENTREPSHP,Graduate,20,8,40.0%,7.25,3.63,3.50,3.63,3.88,4.13,3.50,3.75,3.50,3.75
2026,Spring,Tepper School of Business,BUS,45807,A3,"COLLETTI, PATRICK",COMMCLZN & INNV STRG,Graduate,46,30,65.2%,6.20,4.77,4.53,4.67,4.63,4.70,4.63,4.97,4.67,4.73
2026,Spring,Tepper School of Business,BUS,45807,M3,"MARKOVITZ, CRAIG",COMMCLZN & INNV STRG,Graduate,24,13,54.2%,5.69,4.85,4.58,4.54,4.54,4.69,4.62,5.00,4.46,4.54
2026,Spring,Tepper School of Business,BUS,45818,E3,,FRANCHISING,Graduate,23,15,65.2%,6.40,5.00,4.93,4.93,4.93,4.93,4.73,5.00,4.93,5.00
2026,Spring,Tepper School of Business,BUS,45820,A3,"KUEHN, LARS-ALEXANDER",FINANCE II,Graduate,14,10,71.4%,8.30,5.00,5.00,4.90,5.00,5.00,5.00,4.89,4.89,5.00
2026,Spring,Tepper School of Business,BUS,45820,B3,"KUEHN, LARS-ALEXANDER",FINANCE II,Graduate,54,24,44.4%,8.63,4.46,4.46,4.50,4.29,4.54,4.54,4.58,4.58,4.50
2026,Spring,Tepper School of Business,BUS,45820,M3,"KUEHN, LARS-ALEXANDER",FINANCE II,Graduate,34,18,52.9%,8.17,4.72,4.89,4.83,4.56,4.67,4.83,4.89,4.83,4.83
2026,Spring,Tepper School of Business,BUS,45824,A3,"DENES, MATTHEW",VENT CAP & FIN INNO,Graduate,48,39,81.3%,9.13,4.74,4.59,4.69,4.28,4.79,4.55,4.79,4.53,4.49
2026,Spring,Tepper School of Business,BUS,45824,M3,"DENES, MATTHEW",VENT CAP & FIN INNO,Graduate,49,41,83.7%,7.88,4.78,4.80,4.78,4.59,4.85,4.78,4.93,4.78,4.66
2026,Spring,Tepper School of Business,BUS,45830,A3,"GALAK, JEFFREY",MARKETING RESEARCH,Graduate,31,12,38.7%,7.75,4.50,4.58,4.50,4.42,4.50,4.58,4.50,4.58,4.50
2026,Spring,Tepper School of Business,BUS,45830,B3,"GALAK, JEFFREY",MARKETING RESEARCH,Graduate,20,8,40.0%,8.38,4.75,4.50,4.63,4.50,4.75,4.75,4.75,4.75,4.63
2026,Spring,Tepper School of Business,BUS,45830,M3,"GALAK, JEFFREY",MARKETING RESEARCH,Graduate,30,11,36.7%,5.55,4.18,4.09,3.91,3.82,4.10,4.00,4.50,3.90,3.80
2026,Spring,Tepper School of Business,BUS,45831,A3,"LU, JOY",PRICING STRATEGY,Graduate,38,18,47.4%,8.06,4.17,4.28,4.22,4.28,4.22,4.22,4.67,3.94,4.06
2026,Spring,Tepper School of Business,BUS,45831,B3,"LU, JOY",PRICING STRATEGY,Graduate,44,18,40.9%,6.41,4.67,4.78,4.72,4.39,4.72,4.72,4.89,4.56,4.67
2026,Spring,Tepper School of Business,BUS,45840,A3,"SHEA, CATHERINE",NEGOTIATIONS,Graduate,18,10,55.6%,6.50,5.00,5.00,5.00,4.70,5.00,5.00,4.80,4.90,5.00
2026,Spring,Tepper School of Business,BUS,45840,B3,"SHEA, CATHERINE",NEGOTIATIONS,Graduate,23,7,30.4%,7.57,4.57,4.43,4.86,4.57,4.86,4.43,4.43,4.57,4.71
2026,Spring,Tepper School of Business,BUS,45843,A3,"CHOW, ROSALIND",ORGANIZTN PWR & INFL,Graduate,24,18,75.0%,6.83,4.44,4.17,4.33,3.94,4.89,4.72,4.78,4.33,4.33
2026,Spring,Tepper School of Business,BUS,45843,B3,"CHOW, ROSALIND",ORGANIZTN PWR & INFL,Graduate,23,9,39.1%,6.67,4.78,4.67,4.89,4.33,4.78,4.78,4.89,4.67,4.56
2026,Spring,Tepper School of Business,BUS,45848,A3,"LEBEN, DEREK",ETHICS AND AI,Graduate,32,22,68.8%,8.86,4.71,4.67,4.71,4.33,4.86,4.67,4.81,4.62,4.67
2026,Spring,Tepper School of Business,BUS,45848,B3,"LEBEN, DEREK",ETHICS AND AI,Graduate,23,8,34.8%,9.13,4.75,4.63,4.75,3.88,4.88,4.88,4.88,4.75,4.75
2026,Spring,Tepper School of Business,BUS,45850,A3,"LI, ANDREW",APPLCN OF OPERN RESR,Graduate,13,5,38.5%,7.40,4.80,5.00,5.00,4.80,4.80,4.80,4.80,4.80,4.80
2026,Spring,Tepper School of Business,BUS,45860,A3,"AKAN, MUSTAFA",DMND MNGMT PRC OPTMZ,Graduate,18,14,77.8%,6.29,4.57,4.79,4.71,4.14,4.50,4.71,4.86,4.43,4.71
2026,Spring,Tepper School of Business,BUS,45862,A3,"AGRAWAL, DEEPAK",SUPPLY CHAIN MGMT,Graduate,21,16,76.2%,7.63,3.88,3.44,3.63,3.44,4.06,3.50,4.69,3.44,3.44
2026,Spring,Tepper School of Business,BUS,45862,M3,"AGRAWAL, DEEPAK",SUPPLY CHAIN MGMT,Graduate,21,12,57.1%,7.75,4.17,3.25,3.83,3.67,4.17,4.00,4.92,3.50,3.50
2026,Spring,Tepper School of Business,BUS,45868,A3,"CHAPMAN, MING MING",DESIGN THINKING,Graduate,28,11,39.3%,7.18,4.36,3.82,4.18,4.00,4.45,4.18,4.64,3.91,4.00
2026,Spring,Tepper School of Business,BUS,45869,M3,"CHAPMAN, MING MING",DESIGN FOR DIGITAL,Graduate,25,10,40.0%,7.40,4.70,4.60,4.70,4.80,4.70,4.50,4.80,4.40,4.70
2026,Spring,Tepper School of Business,BUS,45870,E3,"MILLER, ROBERT",STRATGC CORPRT MANGM,Graduate,7,3,42.9%,6.00,4.00,4.00,4.00,4.00,4.00,4.33,4.33,4.00,4.00
2026,Spring,Tepper School of Business,BUS,45872,M3,"DERDENGER, TIM",TECHNOLOGY STRATEGY,Graduate,31,6,19.4%,6.00,4.83,4.83,4.83,4.50,4.83,4.83,4.83,4.83,4.83
2026,Spring,Tepper School of Business,BUS,45872,O3,"DERDENGER, TIM",TECHNOLOGY STRATEGY,Graduate,43,20,46.5%,5.75,4.75,4.40,4.60,4.65,4.85,4.80,4.95,4.80,4.65
2026,Spring,Tepper School of Business,BUS,45873,A3,"MAJOR, DAVID",E&I STRATEGIC ADV.,Graduate,9,8,88.9%,6.88,4.88,4.63,4.25,4.38,4.63,4.50,5.00,4.63,4.50
2026,Spring,Tepper School of Business,BUS,45877,A3,"GRELLI, ALEX",CONTRACT LAW,Graduate,27,17,63.0%,7.82,4.76,4.76,4.76,4.65,4.71,4.71,4.82,4.76,4.71
2026,Spring,Tepper School of Business,BUS,45878,A3,"APPLE, REBEKAH",HEALTH SYSTEMS,Graduate,14,8,57.1%,7.25,5.00,4.88,4.75,4.75,5.00,4.88,5.00,5.00,5.00
2026,Spring,Tepper School of Business,BUS,45881,M3,"HUANG, YAN",MODERN DATA MANAGMNT,Graduate,44,21,47.7%,7.14,4.24,4.43,4.52,4.19,4.48,4.33,4.67,4.05,4.10
2026,Spring,Tepper School of Business,BUS,45885,A3,"COLLIER, BENJAMIN",DATA VISUALIZATION,Graduate,48,34,70.8%,7.74,4.74,4.97,4.85,4.67,4.82,4.85,5.00,4.88,4.91
2026,Spring,Tepper School of Business,BUS,45885,M3,"COLLIER, BENJAMIN",DATA VISUALIZATION,Graduate,49,33,67.3%,7.27,4.85,4.88,4.94,4.61,4.88,4.85,4.94,4.88,4.94
2026,Spring,Tepper School of Business,BUS,45893,M3,"DEPRETIS, ABBE",DEI IN THE WORKPLACE,Graduate,23,9,39.1%,6.00,4.56,4.44,4.33,4.33,4.56,4.56,4.89,4.44,4.44
2026,Spring,Tepper School of Business,BUS,45895,A3,"GOYETTE, DAVID",ACTING BUS I,Graduate,7,7,100.0%,4.57,5.00,5.00,5.00,5.00,5.00,5.00,5.00,5.00,4.86
2026,Spring,Tepper School of Business,BUS,45895,B3,"GOYETTE, DAVID",ACTING BUS I,Graduate,18,18,100.0%,5.83,5.00,5.00,5.00,4.94,4.83,5.00,5.00,4.94,5.00
2026,Spring,Tepper School of Business,BUS,45900,A3,"LIANG, JINGHONG",BUS. LANG. ANALYTICS,Graduate,51,20,39.2%,8.60,4.75,4.70,4.74,4.80,4.70,4.75,4.95,4.75,4.55
2026,Spring,Tepper School of Business,BUS,45970,A3,"SHOURIDEH, ALI",STRATEGIES INFO MKTS,Graduate,11,5,45.5%,7.40,4.80,4.80,4.80,5.00,4.80,5.00,5.00,5.00,4.80
2026,Spring,Tepper School of Business,BUS,45973,A3,"DERDENGER, TIM",PROJECT COURSE,Graduate,3,3,100.0%,8.00,5.00,4.67,4.67,5.00,5.00,4.67,5.00,5.00,4.67
2026,Spring,Tepper School of Business,BUS,45980,A3,"PORTNYKH, MARGARITA",BIG DATA,Graduate,35,22,62.9%,8.27,4.73,4.86,4.65,4.24,4.76,4.71,4.81,4.48,4.52
2026,Spring,Tepper School of Business,BUS,46871,A3,"MONROE, ROBERT",PRINCPLS OF PM,Graduate,10,6,60.0%,15.83,4.67,4.83,4.83,5.00,5.00,4.83,5.00,4.83,4.67
2026,Spring,Tepper School of Business,BUS,46873,A3,"WALTER, BETH",BUS PRES PROD MAN,Graduate,10,6,60.0%,15.33,5.00,5.00,5.00,5.00,5.00,5.00,5.00,5.00,5.00
2026,Spring,Tepper School of Business,BUS,46884,M3,"HUANG, YAN",MODERN DATA MGMT,Graduate,32,21,65.6%,9.95,4.76,4.48,4.48,4.52,4.67,4.48,4.95,4.43,4.48
2026,Spring,Tepper School of Business,BUS,46885,M3,"COLLIER, BENJAMIN",DATA EXPLOR AND VISU,Graduate,34,24,70.6%,8.42,4.96,4.96,4.92,4.88,5.00,4.92,5.00,4.96,4.92
2026,Spring,Tepper School of Business,BUS,46885,A3,"JIANG, ZOEY",DATA EXPLOR AND VISU,Graduate,51,35,68.6%,7.06,4.86,4.83,4.83,4.83,4.83,4.83,4.89,4.83,4.83
2026,Spring,Tepper School of Business,BUS,46885,B3,"JIANG, ZOEY",DATA EXPLOR AND VISU,Graduate,68,41,60.3%,6.39,4.90,4.83,4.90,4.88,4.90,4.88,4.98,4.85,4.72
2026,Spring,Tepper School of Business,BUS,46888,A3,"VAN HOEVE, WILLEM-JAN",OPT PRESCRIPT ANALYT,Graduate,67,27,40.3%,9.56,4.85,4.89,4.85,4.81,4.89,4.85,4.85,4.85,4.77
2026,Spring,Tepper School of Business,BUS,46888,B3,"VAN HOEVE, WILLEM-JAN",OPT PRESCRIPT ANALYT,Graduate,53,17,32.1%,9.06,4.71,4.82,4.82,4.82,4.88,4.88,4.82,4.76,4.76
2026,Spring,Tepper School of Business,BUS,46892,B3,"KHOKHER, ZEIGHAM",DATA ANALY FINANCE,Graduate,80,19,23.8%,8.84,4.47,4.47,4.58,4.58,4.63,4.37,4.74,4.47,4.32
2026,Spring,Tepper School of Business,BUS,46894,A3,"MONTGOMERY, ALAN",ANALYTICAL MARKETING,Graduate,57,10,17.5%,8.00,4.50,4.50,4.50,4.30,4.10,4.40,4.50,4.50,4.11
2026,Spring,Tepper School of Business,BUS,46894,M3,"MONTGOMERY, ALAN",ANALYTICAL MARKETING,Graduate,31,9,29.0%,9.00,5.00,4.56,4.89,4.56,4.89,4.56,4.89,4.67,4.56
2026,Spring,Tepper School of Business,BUS,46927,M3,"REINHART, ALEXANDER",STS MCHN LRN II,Graduate,51,15,29.4%,9.20,4.73,4.60,4.71,4.46,4.79,4.80,4.80,4.67,4.60
2026,Spring,Tepper School of Business,BUS,46927,I3,"REINHART, ALEXANDER",STS MCHN LRN II,Graduate,56,20,35.7%,11.00,4.50,4.80,4.60,4.40,4.65,4.70,4.85,4.60,4.63
2026,Spring,Tepper School of Business,BUS,46927,R3,"REINHART, ALEXANDER",STS MCHN LRN II,Graduate,4,1,25.0%,8.00,4.00,4.00,4.00,4.00,5.00,5.00,5.00,5.00,5.00
2026,Spring,Tepper School of Business,BUS,46929,M3,"KUCHIBHOTLA, ARUN",FIN TIME SERIES ANLY,Graduate,50,17,34.0%,10.12,4.06,4.35,4.06,3.82,4.12,3.82,4.41,3.76,3.76
2026,Spring,Tepper School of Business,BUS,46929,I3,"KUCHIBHOTLA, ARUN",FIN TIME SERIES ANLY,Graduate,57,22,38.6%,10.18,4.18,4.09,4.23,3.86,4.18,4.18,4.32,4.05,4.05
2026,Spring,Tepper School of Business,BUS,46929,R3,"KUCHIBHOTLA, ARUN",FIN TIME SERIES ANLY,Graduate,4,2,50.0%,9.50,4.00,4.00,4.00,4.00,4.00,4.00,5.00,4.00,3.00
2026,Spring,Tepper School of Business,BUS,46945,M3,"SHKOLNIKOV, MYKHAYLO",STOCHTC CALC FNC II,Graduate,51,20,39.2%,13.55,3.55,3.42,3.74,3.37,3.68,3.79,4.16,3.58,3.37
2026,Spring,Tepper School of Business,BUS,46945,I3,"SHKOLNIKOV, MYKHAYLO",STOCHTC CALC FNC II,Graduate,56,23,41.1%,13.17,4.43,4.39,4.43,4.35,4.35,4.39,4.74,4.39,4.30
2026,Spring,Tepper School of Business,BUS,46973,M3,"KHOKHER, ZEIGHAM",MSCF OPTIONS,Graduate,49,14,28.6%,6.50,3.71,3.21,3.71,3.64,3.64,3.00,4.43,3.14,2.79
2026,Spring,Tepper School of Business,BUS,46973,I3,"KHOKHER, ZEIGHAM",MSCF OPTIONS,Graduate,59,24,40.7%,7.13,4.29,4.08,4.21,4.00,4.25,3.92,4.54,3.83,3.63
2026,Spring,Tepper School of Business,BUS,46990,A3,"BRASHEAR, JEFFREY",AI & BUSINESS,Graduate,70,25,35.7%,5.12,2.96,2.72,2.68,2.64,3.08,2.96,3.56,2.80,2.36
2026,Spring,Tepper School of Business,BUS,47710,A3,"LIANG, YUCHENG",SEMINAR IN ACCOUNTNG,Graduate,4,2,50.0%,5.00,5.00,5.00,5.00,5.00,5.00,5.00,5.00,5.00,5.00
2026,Spring,Tepper School of Business,BUS,47718,A3,"LIANG, JINGHONG",INTRO ACCNTG THEORY,Graduate,2,1,50.0%,2.00,5.00,5.00,5.00,5.00,5.00,5.00,5.00,5.00,5.00
2026,Spring,Tepper School of Business,BUS,47721,A3,"ROUTLEDGE, BRYAN",SEM FINANCE I,Graduate,5,1,20.0%,8.00,5.00,5.00,5.00,4.00,5.00,5.00,5.00,5.00,5.00
2026,Spring,Tepper School of Business,BUS,47802,A3,"SHOURIDEH, ALI",MICROECONOMICS III,Graduate,4,2,50.0%,8.00,5.00,3.50,4.00,4.00,4.50,4.50,4.50,5.00,5.00
2026,Spring,Tepper School of Business,BUS,47804,A3,"SHI, LIYAN",MACROECONOMICS II,Graduate,6,2,33.3%,9.50,5.00,5.00,5.00,5.00,5.00,5.00,5.00,5.00,5.00
2026,Spring,Tepper School of Business,BUS,47813,A3,"MILLER, ROBERT",ECONOMETRICS III,Graduate,8,3,37.5%,16.00,4.67,4.67,4.67,4.33,5.00,4.67,5.00,4.67,4.67
2026,Spring,Tepper School of Business,BUS,47830,A3,"CORNUEJOLS, GERARD",INTEGER PROGRAMMING,Graduate,11,2,18.2%,14.00,5.00,5.00,5.00,5.00,5.00,5.00,5.00,5.00,5.00
2026,Spring,Tepper School of Business,BUS,47837,A3,"SINGH, KARAN",STAT FDNS OF OR,Graduate,3,3,100.0%,10.00,4.67,4.67,4.67,4.33,5.00,5.00,5.00,5.00,4.67
2026,Spring,Tepper School of Business,BUS,47837,A3,"DIANA, EMILY",STAT FDNS OF OR,Graduate,3,3,100.0%,10.00,4.33,4.67,5.00,4.33,5.00,5.00,5.00,4.67,4.67
2026,Spring,Tepper School of Business,BUS,47889,A3,"OH, JEAN",PROSEMNR OB TOPICS,Graduate,7,4,57.1%,9.50,5.00,5.00,5.00,5.00,5.00,5.00,5.00,5.00,5.00
2026,Spring,Tepper School of Business,BUS,47899,A3,"ARGOTE, LINDA",ORGANIZTL LEARNING,Graduate,11,1,9.1%,11.00,5.00,5.00,4.00,3.00,4.00,4.00,5.00,4.00,5.00
2026,Spring,Tepper School of Business,BUS,47901,A3,"MILLER, ROBERT",ADV ECON ANLYS I STR,Graduate,5,1,20.0%,11.00,5.00,5.00,5.00,5.00,5.00,5.00,5.00,5.00,5.00
2026,Spring,Tepper School of Business,BUS,47952,A3,"SINGH, PARAM",EST DYN & STRUC MODS,Graduate,8,3,37.5%,11.00,5.00,5.00,5.00,5.00,5.00,5.00,5.00,5.00,5.00
2026,Spring,Tepper School of Business,BUS,70104,A3,"JAFRY OCONNOR, RUBAB",BLE I,Undergraduate,22,19,86.4%,5.05,4.53,4.21,4.42,4.37,4.53,4.42,4.11,4.26,4.21
2026,Spring,Tepper School of Business,BUS,70104,B3,"JAFRY OCONNOR, RUBAB",BLE I,Undergraduate,44,37,84.1%,4.19,4.57,4.41,4.51,4.46,4.65,4.41,4.00,4.22,4.08
2026,Spring,Tepper School of Business,BUS,70104,C3,"JAFRY OCONNOR, RUBAB",BLE I,Undergraduate,45,37,82.2%,4.68,4.62,4.05,4.41,4.22,4.49,4.08,3.97,4.11,3.92
2026,Spring,Tepper School of Business,BUS,70304,A3,"JAFRY OCONNOR, RUBAB",BLE III,Undergraduate,35,20,57.1%,4.25,4.70,4.50,4.55,4.55,4.65,4.60,4.55,4.55,4.45
2026,Spring,Tepper School of Business,BUS,70304,B3,"JAFRY OCONNOR, RUBAB",BLE III,Undergraduate,15,10,66.7%,5.10,4.30,4.20,4.40,3.80,4.20,4.00,4.00,3.90,4.00
2026,Spring,Tepper School of Business,BUS,70304,C3,"JAFRY OCONNOR, RUBAB",BLE III,Undergraduate,22,12,54.5%,2.75,4.83,4.67,4.67,4.42,4.75,4.25,4.33,4.42,4.42
2026,Spring,Tepper School of Business,BUS,70304,W3,"FADLALLAH, HUSSEIN",BLE III,Undergraduate,31,13,41.9%,2.92,4.85,4.85,4.85,4.85,4.85,4.77,4.85,4.85,4.85
2026,Spring,Tepper School of Business,BUS,70457,A3,"BHATTACHARYAY, RIMA",INTL CONSULT EXP,Undergraduate,8,4,50.0%,5.00,3.50,3.50,3.50,3.00,3.50,3.50,4.25,3.25,3.50
2026,Spring,Carnegie Mellon University,BXA,52190,B3,"MARCUM, CARL",BXA SEM I,Undergraduate,13,1,7.7%,2.00,4.00,2.00,2.00,2.00,4.00,3.00,4.00,2.00,2.00
2026,Spring,Carnegie Mellon University,BXA,52190,A3,"MURRAY, M. STEPHANIE",BXA SEM I,Undergraduate,23,2,8.7%,2.00,4.50,4.00,1.50,2.00,2.00,2.00,5.00,2.50,2.00
2026,Spring,School of Computer Science,CB,02135,A3,"PFENNING, ANDREAS",COMPBIO & SOCIETY,Undergraduate,2,1,50.0%,5.00,5.00,5.00,5.00,5.00,5.00,5.00,5.00,5.00,5.00
2026,Spring,School of Computer Science,CB,02180,13,"COMPEAU, PHILLIP",GREAT IDEAS IN CB 1,Undergraduate,41,9,22.0%,9.67,4.89,4.56,4.78,4.44,4.89,4.56,4.78,4.78,4.67
2026,Spring,School of Computer Science,CB,02180,A3,"COMPEAU, PHILLIP",GREAT IDEAS IN CB 1,Undergraduate,41,7,17.1%,9.29,5.00,4.86,5.00,4.33,5.00,4.33,4.67,4.33,4.67
2026,Spring,School of Computer Science,CB,02720,A3,"PFENNING, ANDREAS",COMPBIO AND SOCIETY,Graduate,8,2,25.0%,3.50,5.00,5.00,5.00,5.00,5.00,5.00,5.00,5.00,5.00
2026,Spring,College of Fine Arts,CFA,62208,A3,"BLUM, AARON",ALTERNATIVE PHOTO,Undergraduate,5,0,0.0%,,,,,,,,,,
2026,Spring,College of Fine Arts,CFA,62408,A3,"BLOCK, DICK",THTR ARCH I,Undergraduate,8,0,0.0%,,,,,,,,,,
2026,Spring,College of Fine Arts,CFA,62708,A3,"BLOCK, DICK",THEA ARC I GRD,Graduate,14,2,14.3%,5.00,4.00,2.00,2.50,3.50,4.50,2.00,4.50,3.50,2.00
2026,Spring,Carnegie Institute of Technology,CHE,06642,A3,"KITCHIN, JOHN",DATA VISUALIZATION,Graduate,12,5,41.7%,9.80,5.00,5.00,5.00,5.00,4.80,5.00,5.00,5.00,5.00
2026,Spring,Carnegie Institute of Technology,CIT,39611,A3,"BLACKHURST, MICHAEL",ENRY DEMD & UTILZTN,Graduate,21,5,23.8%,8.60,4.80,4.60,4.80,4.80,5.00,5.00,5.00,5.00,4.80
2026,Spring,Carnegie Mellon University,CMU,99153,A3,"LUSK, ANGELA",MINDFUL LIVING,Undergraduate,10,1,10.0%,2.00,5.00,5.00,5.00,5.00,5.00,5.00,5.00,5.00,5.00
2026,Spring,Carnegie Mellon University,CMU,99250,W3,"THOMAS, MARIAMMA",SEMINAR PEER MENTOR,Undergraduate,14,2,14.3%,3.50,4.50,2.50,3.00,3.50,3.50,3.00,4.00,3.50,2.50
2026,Spring,Carnegie Mellon University,CMU,99250,X3,"THOMAS, MARIAMMA",SEMINAR PEER MENTOR,Undergraduate,15,3,20.0%,2.00,4.67,4.67,4.67,4.33,4.67,4.33,4.33,4.00,3.33
2026,Spring,Carnegie Mellon University,CMU,99352,A3,"PINCHUK, NATALYA",SOFT FABRICAT SKILLS,Undergraduate,16,3,18.8%,6.00,5.00,5.00,5.00,5.00,5.00,5.00,5.00,5.00,5.00
2026,Spring,Carnegie Mellon University,CMU,99353,A3,"PAETZ, RAYMOND",LASER CUTTING,Undergraduate,11,1,9.1%,2.00,5.00,5.00,5.00,5.00,5.00,5.00,5.00,5.00,5.00
2026,Spring,Carnegie Mellon University,CMU,99353,B3,"PAETZ, RAYMOND",LASER CUTTING,Undergraduate,13,4,30.8%,2.00,4.50,4.50,4.75,4.50,4.75,4.50,4.75,4.50,4.50
2026,Spring,Carnegie Mellon University,CMU,99355,A3,"PAETZ, RAYMOND",INTRO TO ARDUINO,Undergraduate,10,2,20.0%,5.00,5.00,5.00,5.00,5.00,5.00,5.00,5.00,5.00,5.00
2026,Spring,Carnegie Mellon University,CMU,99355,B3,"PAETZ, RAYMOND",INTRO TO ARDUINO,Undergraduate,15,5,33.3%,5.00,4.80,4.60,4.60,4.80,5.00,4.60,5.00,4.80,4.20
2026,Spring,Carnegie Mellon University,CMU,99357,A3,"DYAR, HUGH",IDEATE: PHOTOGRAPHY,Undergraduate,9,2,22.2%,2.00,5.00,5.00,5.00,5.00,5.00,5.00,5.00,5.00,5.00
2026,Spring,Carnegie Mellon University,CMU,99358,A3,"DYAR, HUGH",IDEATE UNITY3D INTRO,Undergraduate,11,3,27.3%,5.00,5.00,4.67,5.00,5.00,4.33,4.67,5.00,5.00,4.67
2026,Spring,Carnegie Mellon University,CMU,99358,B3,"DYAR, HUGH",IDEATE UNITY3D INTRO,Undergraduate,15,3,20.0%,5.00,5.00,4.67,5.00,5.00,5.00,4.67,5.00,4.67,4.67
2026,Spring,Carnegie Mellon University,CMU,99359,A3,"PATTON, JAYLA",IDEATE: 3D MOD/PRINT,Undergraduate,12,3,25.0%,4.00,5.00,5.00,5.00,5.00,5.00,5.00,5.00,5.00,5.00
2026,Spring,Carnegie Mellon University,CMU,99359,B3,"PATTON, JAYLA",IDEATE: 3D MOD/PRINT,Undergraduate,15,3,20.0%,5.00,5.00,5.00,4.67,5.00,4.67,4.33,5.00,5.00,4.67
2026,Spring,Carnegie Mellon University,CMU,99530,A3,"SMITH, M SHERNELL",SENIOR PREPARTN SEMR,Undergraduate,10,9,90.0%,4.67,4.78,4.44,4.44,4.56,4.67,4.67,4.78,4.67,4.56
2026,Spring,Mellon College of Science,CMY,09101,13,"PETEANU, LINDA",INTRO EXPERMNTL CHEM,Undergraduate,30,7,23.3%,7.57,4.00,3.71,3.86,3.86,3.86,3.86,4.71,3.86,3.57
2026,Spring,Mellon College of Science,CMY,09108,A3,"SILVA, GLORIA",ILLUSION MAGIC FOOD,Undergraduate,16,7,43.8%,4.14,3.71,3.00,3.14,3.71,4.00,4.00,3.86,3.57,3.86
2026,Spring,Dietrich College of Humanities and Social Sciences,CST,84310,A3,"BRANSTETTER, LEE",INTL TRADE POLICY,Undergraduate,9,0,0.0%,,,,,,,,,,
2026,Spring,Dietrich College of Humanities and Social Sciences,CST,84332,A3,"RISHIKOF, HARVEY",US CON LAW ISSUES,Undergraduate,9,6,66.7%,6.00,5.00,4.67,4.60,4.80,4.80,4.67,5.00,4.83,4.83
2026,Spring,Dietrich College of Humanities and Social Sciences,CST,84343,A3,,OFFEN CYBER LAW POL,Undergraduate,14,5,35.7%,7.40,4.40,3.60,4.40,4.40,4.60,4.40,4.60,4.40,4.40
2026,Spring,Dietrich College of Humanities and Social Sciences,CST,84450,A3,"LANE, MATTHEW",POLICY SEMINAR,Undergraduate,14,2,14.3%,5.00,4.50,5.00,5.00,4.50,4.50,4.50,5.00,4.50,4.50
2026,Spring,Dietrich College of Humanities and Social Sciences,CST,84460,A3,"BARTOS, HALEIGH",SENIOR PROF DEV SEM,Undergraduate,9,3,33.3%,5.00,5.00,5.00,5.00,5.00,5.00,5.00,5.00,5.00,5.00
2026,Spring,Dietrich College of Humanities and Social Sciences,CST,84643,A3,,OFFEN CYBER LAW POL,Graduate,8,4,50.0%,7.25,4.25,4.00,4.50,4.25,4.75,4.75,5.00,4.25,4.25
2026,Spring,College of Fine Arts,DES,51150,A3,"SCUPELLI, PETER",PERSONDESFUTURES,Undergraduate,9,5,55.6%,4.40,5.00,4.00,4.20,4.00,4.80,4.20,4.60,4.80,4.40
2026,Spring,College of Fine Arts,DES,51176,A3,"SCUPELLI, PETER",DES STUDIES: FUTURES,Undergraduate,20,10,50.0%,5.00,3.30,2.70,2.90,2.60,3.30,2.80,3.80,3.10,3.00
2026,Spring,College of Fine Arts,DES,51176,B3,"SCUPELLI, PETER",DES STUDIES: FUTURES,Undergraduate,21,9,42.9%,4.67,4.22,3.22,3.67,3.22,4.33,4.00,4.22,4.00,3.78
2026,Spring,College of Fine Arts,DES,51282,A3,"MARTIN, WILLIAM",DES STU: PERSUASION,Undergraduate,21,1,4.8%,2.00,3.00,1.00,2.00,2.00,2.00,1.00,3.00,1.00,1.00
2026,Spring,College of Fine Arts,DES,51282,B3,"MARTIN, WILLIAM",DES STU: PERSUASION,Undergraduate,17,2,11.8%,5.00,2.50,2.00,2.50,2.50,2.50,2.00,3.50,2.50,2.00
2026,Spring,College of Fine Arts,DES,51505,A3,"SEAGO, AINSLEY",BUGS & INSPIRATION,Undergraduate,13,4,30.8%,4.25,5.00,4.75,5.00,5.00,5.00,5.00,5.00,5.00,5.00
2026,Spring,College of Fine Arts,DES,51510,A3,"LUCAS, BILL",COMICS,Undergraduate,9,2,22.2%,2.00,5.00,5.00,5.00,5.00,4.50,5.00,5.00,5.00,5.00
2026,Spring,College of Fine Arts,DES,51610,A3,"LUCAS, BILL",COMICS,Graduate,4,2,50.0%,6.50,5.00,5.00,5.00,5.00,5.00,5.00,5.00,5.00,5.00
2026,Spring,College of Fine Arts,DES,51750,A3,"SCUPELLI, PETER",PERSDESFUT,Graduate,4,1,25.0%,5.00,4.00,4.00,5.00,3.00,5.00,4.00,5.00,4.00,5.00
2026,Spring,College of Fine Arts,DES,51874,A3,"SCUPELLI, PETER",DESIGN FUTURES,Graduate,4,3,75.0%,4.00,4.67,3.33,4.67,4.67,4.67,4.67,4.67,4.67,4.67
2026,Spring,College of Fine Arts,DES,51974,A3,"SCUPELLI, PETER",DESIGN FUTURES,Graduate,3,1,33.3%,5.00,5.00,5.00,5.00,5.00,5.00,5.00,5.00,5.00,5.00
2026,Spring,College of Fine Arts,DRA,54152,A3,"CARTER, BERNARD",STAGECRAFT,Undergraduate,6,2,33.3%,3.50,5.00,5.00,4.50,4.50,5.00,5.00,5.00,5.00,5.00
2026,Spring,College of Fine Arts,DRA,54152,B3,"ZAMBORSKY, BETH",STAGECRAFT,Undergraduate,6,2,33.3%,3.50,5.00,5.00,5.00,5.00,4.50,4.50,5.00,4.50,4.50
2026,Spring,College of Fine Arts,DRA,54152,C3,"KULIK, TODD",STAGECRAFT,Undergraduate,6,2,33.3%,3.50,4.50,3.50,3.50,3.00,5.00,3.00,5.00,4.00,4.00
2026,Spring,College of Fine Arts,DRA,54152,H3,"MCCORMACK, COLLIN",STAGECRAFT,Undergraduate,7,3,42.9%,4.00,3.67,3.33,3.33,4.00,4.33,4.00,3.67,3.67,4.00
2026,Spring,College of Fine Arts,DRA,54152,F3,"FEATHER, THOMAS",STAGECRAFT,Undergraduate,6,5,83.3%,9.80,4.80,4.80,4.80,4.40,4.60,4.60,5.00,4.60,4.80
2026,Spring,College of Fine Arts,DRA,54152,G3,"BROWN, ZACHARY",STAGECRAFT,Undergraduate,6,5,83.3%,5.00,4.20,4.80,4.60,4.40,4.80,4.60,4.60,4.00,4.60
2026,Spring,College of Fine Arts,DRA,54152,E3,"LAGER, TIIA",STAGECRAFT,Undergraduate,6,1,16.7%,2.00,4.00,4.00,5.00,4.00,4.00,5.00,4.00,5.00,5.00
2026,Spring,College of Fine Arts,DRA,54152,D3,"WEST, SEAN",STAGECRAFT,Undergraduate,7,3,42.9%,3.00,4.00,4.00,4.33,4.00,4.00,4.33,4.00,4.00,4.00
2026,Spring,College of Fine Arts,DRA,54262,A3,"YOUNG, TJ",CUR EDIT & PUB,Undergraduate,4,0,0.0%,,,,,,,,,,
2026,Spring,College of Fine Arts,DRA,54272,A3,"BOEVERS, DAVID",SCENIC FABRCT INSTAL,Undergraduate,8,1,12.5%,8.00,4.00,5.00,5.00,4.00,5.00,4.00,4.00,4.00,4.00
2026,Spring,College of Fine Arts,DRA,54302,A3,"MCKAY, ANTHONY",ACTING III,Undergraduate,9,0,0.0%,,,,,,,,,,
2026,Spring,College of Fine Arts,DRA,54302,B3,"KOVITZ, RANDY",ACTING III,Undergraduate,8,0,0.0%,,,,,,,,,,
2026,Spring,College of Fine Arts,DRA,54332,A3,"BARRETT, KENT",SCENC DESN BOOT CAMP,Undergraduate,3,1,33.3%,14.00,5.00,3.00,4.00,4.00,4.00,4.00,4.00,4.00,4.00
2026,Spring,College of Fine Arts,DRA,54344,A3,"GLADU, AMANDA",BASIC PHOTOSHOP,Undergraduate,10,1,10.0%,5.00,5.00,3.00,5.00,5.00,5.00,4.00,5.00,4.00,4.00
2026,Spring,College of Fine Arts,DRA,54364,A3,"GOOD, KRISTI",DRTRGY 7: EXPO PREP,Undergraduate,3,0,0.0%,,,,,,,,,,
2026,Spring,College of Fine Arts,DRA,54383,A3,"STEBBINS, MARY",LIGHT FILM TV,Undergraduate,4,0,0.0%,,,,,,,,,,
2026,Spring,College of Fine Arts,DRA,54386,A3,"WARREN, CHELSEA",SCNIC DES HAND SKILS,Undergraduate,4,0,0.0%,,,,,,,,,,
2026,Spring,College of Fine Arts,DRA,54412,A3,"WALKER-RHOZE, BRIA",REHEARS & PREFORM IV,Undergraduate,3,0,0.0%,,,,,,,,,,
2026,Spring,College of Fine Arts,DRA,54431,A3,"BLOCK, DICK",SCENOGRAPHY,Undergraduate,8,1,12.5%,11.00,5.00,4.00,4.00,4.00,4.00,4.00,5.00,4.00,3.00
2026,Spring,College of Fine Arts,DRA,54744,A3,"GLADU, AMANDA",BASIC PHOTOSHOP,Graduate,4,0,0.0%,,,,,,,,,,
2026,Spring,College of Fine Arts,DRA,54762,B3,"YOUNG, TJ",CUR EDIT & PUB,Graduate,2,0,0.0%,,,,,,,,,,
2026,Spring,College of Fine Arts,DRA,54765,A3,"THOMSON, ROBERT",DANCE LIGHT,Graduate,4,0,0.0%,,,,,,,,,,
2026,Spring,College of Fine Arts,DRA,54774,A3,"RUSSMAN, BRIAN",ARMOR CREATION,Graduate,6,2,33.3%,8.00,5.00,5.00,5.00,5.00,5.00,5.00,5.00,5.00,5.00
2026,Spring,College of Fine Arts,DRA,54777,A3,"BOEVERS, DAVID",SCNC FAB & INST,Graduate,2,0,0.0%,,,,,,,,,,
2026,Spring,College of Fine Arts,DRA,54808,A3,"HANDEL, ROB",PEDGY CREATV WRTG,Graduate,5,1,20.0%,2.00,1.00,3.00,3.00,3.00,3.00,3.00,3.00,1.00,2.00
2026,Spring,College of Fine Arts,DRA,54831,A3,"BLOCK, DICK",SCENOGRAPHY,Graduate,7,0,0.0%,,,,,,,,,,
2026,Spring,College of Fine Arts,DRA,54846,A3,"WARREN, CHELSEA",SCNC DES SKL MDL MKG,Graduate,2,0,0.0%,,,,,,,,,,
2026,Spring,College of Fine Arts,DRA,54848,A3,"HANSON, HUGH",PATTERING FUNDAMENTS,Graduate,5,0,0.0%,,,,,,,,,,
2026,Spring,College of Fine Arts,DRA,54883,A3,"STEBBINS, MARY",LIGHT FILM TV,Graduate,2,0,0.0%,,,,,,,,,,
2026,Spring,Carnegie Institute of Technology,ECE,18021,A3,"BAIN, JAMES",INTRO PCB FAB,Undergraduate,19,2,10.5%,2.00,4.50,4.00,4.00,4.00,4.00,4.50,4.50,4.50,4.50
2026,Spring,Carnegie Institute of Technology,ECE,18787,K3,,DATA ANALYTICS,Graduate,29,27,93.1%,11.04,4.63,4.44,4.44,4.48,4.59,4.56,4.89,4.67,4.37
2026,Spring,Carnegie Institute of Technology,ECE,18787,A3,,DATA ANALYTICS,Graduate,8,7,87.5%,9.71,4.43,4.57,4.33,4.00,4.17,4.29,4.86,4.43,4.14
2026,Spring,Carnegie Institute of Technology,ECE,18863,A3,"RAWN, BARRY",POWER SYS OPS,Graduate,7,2,28.6%,9.50,4.00,3.00,3.50,2.50,4.50,2.00,5.00,3.00,2.50
2026,Spring,Carnegie Institute of Technology,ECE,18863,R3,"RAWN, BARRY",POWER SYS OPS,Graduate,3,3,100.0%,13.00,4.33,4.67,4.33,4.00,5.00,4.33,5.00,4.67,4.33
2026,Spring,Carnegie Institute of Technology,ECE,18866,A3,"RAWN, BARRY",OFF GRID ELEC SYS,Graduate,7,1,14.3%,8.00,4.00,4.00,4.00,3.00,3.00,2.00,4.00,4.00,2.00
2026,Spring,Carnegie Institute of Technology,ECE,18866,R3,"RAWN, BARRY",OFF GRID ELEC SYS,Graduate,8,6,75.0%,7.00,4.83,5.00,5.00,4.67,5.00,5.00,5.00,5.00,5.00
2026,Spring,Dietrich College of Humanities and Social Sciences,ENG,76106,A3,"WIGGINTON, REBECCA",WRTNG ABT LIT/ART,Undergraduate,18,7,38.9%,7.14,4.71,4.71,4.71,4.14,4.43,4.29,4.86,4.43,4.29
2026,Spring,Dietrich College of Humanities and Social Sciences,ENG,76106,D3,"MORACK, Chap",WRTNG ABT LIT/ART,Undergraduate,19,2,10.5%,6.50,4.00,4.50,4.50,4.00,3.50,4.00,5.00,4.50,3.50
2026,Spring,Dietrich College of Humanities and Social Sciences,ENG,76106,C3,"ACEVES, Henry",WRTNG ABT LIT/ART,Undergraduate,18,10,55.6%,5.00,4.20,4.50,4.10,4.60,3.90,4.50,4.80,4.80,4.50
2026,Spring,Dietrich College of Humanities and Social Sciences,ENG,76106,B3,"CHANG, Rose",WRTNG ABT LIT/ART,Undergraduate,18,3,16.7%,6.00,5.00,4.67,4.33,4.67,4.67,4.67,5.00,4.67,4.67
2026,Spring,Dietrich College of Humanities and Social Sciences,ENG,76106,E3,"STRICKLAND, SETH",WRTNG ABT LIT/ART,Undergraduate,17,12,70.6%,7.25,4.67,4.17,4.42,4.33,4.17,4.42,4.50,4.33,4.33
2026,Spring,Dietrich College of Humanities and Social Sciences,ENG,76106,F3,"STRICKLAND, SETH",WRTNG ABT LIT/ART,Undergraduate,10,5,50.0%,6.20,4.80,4.00,4.40,4.60,4.20,4.60,5.00,4.40,4.40
2026,Spring,Dietrich College of Humanities and Social Sciences,ENG,76107,A3,"HILEMAN, Natalie",WRTG ABOUT DATA,Undergraduate,19,7,36.8%,5.43,4.57,4.57,4.43,4.71,4.71,4.29,4.57,4.57,4.43
2026,Spring,Dietrich College of Humanities and Social Sciences,ENG,76107,J3,"FALEYIMU, Mercy",WRTG ABOUT DATA,Undergraduate,19,8,42.1%,5.38,4.75,4.75,4.86,5.00,5.00,4.75,4.75,4.63,4.38
2026,Spring,Dietrich College of Humanities and Social Sciences,ENG,76107,D3,"FERRATO, Maria",WRTG ABOUT DATA,Undergraduate,18,13,72.2%,6.85,4.69,4.77,4.77,5.00,4.62,4.77,4.77,4.77,4.62
2026,Spring,Dietrich College of Humanities and Social Sciences,ENG,76107,C3,"MANSFIELD, Sarah",WRTG ABOUT DATA,Undergraduate,19,5,26.3%,7.40,4.40,4.60,4.80,4.60,4.40,4.40,5.00,4.40,4.00
2026,Spring,Dietrich College of Humanities and Social Sciences,ENG,76107,G3,"GILBERT, Kiera",WRTG ABOUT DATA,Undergraduate,17,1,5.9%,8.00,4.00,4.00,4.00,4.00,4.00,4.00,4.00,4.00,4.00
2026,Spring,Dietrich College of Humanities and Social Sciences,ENG,76107,F3,"WRIGHT, HEIDI",WRTG ABOUT DATA,Undergraduate,18,4,22.2%,8.00,4.25,3.75,3.75,4.00,4.00,4.00,4.25,3.75,3.25
2026,Spring,Dietrich College of Humanities and Social Sciences,ENG,76107,B3,"YOON, JUNGWAN",WRTG ABOUT DATA,Undergraduate,19,13,68.4%,7.31,4.85,4.85,4.85,4.77,4.85,4.85,5.00,4.85,4.69
2026,Spring,Dietrich College of Humanities and Social Sciences,ENG,76107,E3,"YOON, JUNGWAN",WRTG ABOUT DATA,Undergraduate,19,12,63.2%,6.00,5.00,4.67,4.82,4.91,4.64,4.82,4.91,4.91,4.64
2026,Spring,Dietrich College of Humanities and Social Sciences,ENG,76108,B3,"KIDDER, Julie",WRTG ABT PUB PROBS,Undergraduate,17,14,82.4%,8.00,4.14,3.71,3.93,3.79,4.29,4.21,4.64,3.93,3.57
2026,Spring,Dietrich College of Humanities and Social Sciences,ENG,76108,C3,"PAL-AGRAWAL, JULIE",WRTG ABT PUB PROBS,Undergraduate,17,17,100.0%,5.18,4.82,4.82,4.65,4.82,4.82,4.76,4.94,4.76,4.53
2026,Spring,Dietrich College of Humanities and Social Sciences,ENG,76108,E3,"PAL-AGRAWAL, JULIE",WRTG ABT PUB PROBS,Undergraduate,16,14,87.5%,5.00,4.43,4.21,4.21,4.64,4.29,4.21,4.64,4.36,4.00
2026,Spring,Dietrich College of Humanities and Social Sciences,ENG,76108,D3,"NOVOSAT, COURTNEY",WRTG ABT PUB PROBS,Undergraduate,17,8,47.1%,7.25,4.38,4.00,4.13,4.13,4.00,4.38,4.63,4.25,3.88
2026,Spring,Dietrich College of Humanities and Social Sciences,ENG,76108,J3,"NOVOSAT, COURTNEY",WRTG ABT PUB PROBS,Undergraduate,17,5,29.4%,6.80,4.40,4.00,4.00,4.40,4.20,4.60,4.20,4.20,3.60
2026,Spring,Dietrich College of Humanities and Social Sciences,ENG,76108,F3,"NGUYEN, MADELINE",WRTG ABT PUB PROBS,Undergraduate,19,5,26.3%,5.60,4.80,4.80,4.80,4.60,4.60,5.00,5.00,4.60,3.80
2026,Spring,Dietrich College of Humanities and Social Sciences,ENG,76108,K3,"MONTUFAR, Cecilia",WRTG ABT PUB PROBS,Undergraduate,9,6,66.7%,7.50,4.83,5.00,5.00,5.00,5.00,5.00,5.00,5.00,4.83
2026,Spring,Dietrich College of Humanities and Social Sciences,ENG,76108,A3,"CARLOCK, JANINE",WRTG ABT PUB PROBS,Undergraduate,16,11,68.8%,6.91,4.82,4.55,4.73,4.73,4.64,4.55,4.55,4.27,4.27
2026,Spring,Dietrich College of Humanities and Social Sciences,ENG,76202,A3,"KOHLER, ALAN",WRTNG W/AI,Undergraduate,6,2,33.3%,5.00,4.50,4.50,4.50,4.50,4.50,4.50,4.50,4.50,4.50
2026,Spring,Dietrich College of Humanities and Social Sciences,ENG,76264,W3,"KOHLER, ALAN",SP TPCS WRTNG & COMM,Undergraduate,2,1,50.0%,5.00,5.00,5.00,5.00,5.00,5.00,5.00,5.00,5.00,5.00
2026,Spring,Dietrich College of Humanities and Social Sciences,ENG,76471,A3,"SIMON, EDWARD",PGH REVIEW OF BOOKS,Undergraduate,6,0,0.0%,,,,,,,,,,
2026,Spring,Dietrich College of Humanities and Social Sciences,ENG,76745,A3,"YOON, JUNGWAN",GRAD WRTNG INTL,Graduate,7,5,71.4%,5.60,5.00,5.00,4.80,5.00,5.00,5.00,5.00,5.00,5.00
2026,Spring,Dietrich College of Humanities and Social Sciences,ENG,76871,A3,"SIMON, EDWARD",PGH REVIEW OF BOOKS,Graduate,7,0,0.0%,,,,,,,,,,
2026,Spring,Carnegie Institute of Technology,EPP,19689,A3,"WASSON, ROBERT",FINC INV MNGM,Graduate,40,9,22.5%,13.89,3.22,2.78,3.00,2.88,3.00,2.13,3.63,2.50,2.88
2026,Spring,Carnegie Mellon University,ETC,53654,A3,"CORBETT, THOMAS",LGHT FOR GM XR,Graduate,15,0,0.0%,,,,,,,,,,
2026,Spring,Carnegie Mellon University,ETC,53656,A3,"SHEN, VIVIAN",ARDUNINO INTRO,Graduate,7,1,14.3%,2.00,5.00,5.00,5.00,5.00,5.00,5.00,5.00,5.00,5.00
2026,Spring,Heinz College,HC,94413,A3,"SYNNOTT, LAURA",PROJECT MANAGEMENT,Undergraduate,3,2,66.7%,8.00,5.00,5.00,5.00,5.00,5.00,5.00,5.00,5.00,5.00
2026,Spring,Heinz College,HC,94465,A3,"ESCALLON BARRIOS, MARIANA",DATA ANALY DEC MKING,Undergraduate,2,1,50.0%,5.00,4.00,4.00,4.00,4.00,4.00,4.00,5.00,4.00,4.00
2026,Spring,Heinz College,HC,94703,A3,"STEIER, DAVID",DEMYSTIFYING AI,Graduate,21,17,81.0%,7.65,4.65,4.41,4.59,4.29,4.76,4.35,4.94,4.41,4.35
2026,Spring,Heinz College,HC,94718,A3,"HYATT, KIM",COMMUNICATION IN XR,Graduate,8,8,100.0%,5.38,5.00,5.00,5.00,5.00,5.00,4.75,5.00,4.88,5.00
2026,Spring,Heinz College,HC,94800,C3,"MOYA, LINDA",NEGOTIATION,Graduate,32,13,40.6%,5.92,4.54,4.46,4.54,4.31,4.69,4.54,4.77,4.46,4.38
2026,Spring,Heinz College,HC,94800,A3,"CICCONE, JOHN",NEGOTIATION,Graduate,35,27,77.1%,5.67,4.74,4.41,4.70,4.37,4.81,4.62,4.88,4.69,4.69
2026,Spring,Heinz College,HC,94801,A3,"MURPHY, SANDY",ACTING FOR LEAD&COMM,Graduate,12,9,75.0%,7.00,4.89,4.78,4.78,4.67,4.44,4.56,4.67,4.67,4.44
2026,Spring,Heinz College,HC,94801,D3,"MURPHY, SANDY",ACTING FOR LEAD&COMM,Graduate,8,4,50.0%,5.75,5.00,5.00,5.00,5.00,5.00,5.00,5.00,5.00,5.00
2026,Spring,Heinz College,HC,94806,A3,"PECA, Joanne",PRIVACY DIGITAL AGE,Graduate,23,20,87.0%,8.15,4.30,4.25,4.15,3.90,4.80,4.40,4.50,4.00,4.25
2026,Spring,Heinz College,HC,94811,A3,"SYNNOTT, LAURA",STRATEGY DEVELOPMENT,Graduate,17,12,70.6%,7.75,4.92,4.92,4.83,4.75,4.83,4.92,5.00,4.83,4.83
2026,Spring,Heinz College,HC,94813,A3,"SYNNOTT, LAURA",PROJECT MANAGEMENT,Graduate,16,14,87.5%,7.79,4.71,4.57,4.86,4.64,4.64,4.71,4.93,4.64,4.57
2026,Spring,Heinz College,HC,94813,B3,"SYNNOTT, LAURA",PROJECT MANAGEMENT,Graduate,18,16,88.9%,6.88,4.56,4.31,4.56,4.38,4.50,4.50,4.56,4.38,4.50
2026,Spring,Heinz College,HC,94818,A3,"GOGOLAK, WILLIAM",FINANCIAL INVESTING,Graduate,13,4,30.8%,5.00,3.75,3.25,3.75,3.50,4.50,4.00,5.00,3.75,3.75
2026,Spring,Heinz College,HC,94819,A3,"ESCALLON BARRIOS, MARIANA",DATA ANALY W TABLEAU,Graduate,18,13,72.2%,7.77,4.77,4.62,4.62,4.54,4.62,4.69,4.77,4.69,4.54
2026,Spring,Heinz College,HC,94819,Z3,"ESCALLON BARRIOS, MARIANA",DATA ANALY W TABLEAU,Graduate,11,8,72.7%,6.50,4.88,4.75,4.63,4.75,4.88,4.88,4.75,4.63,4.63
2026,Spring,Heinz College,HC,94820,A3,"PAWAR, MADHU",CONSMR AI SYS HC,Graduate,21,8,38.1%,5.75,4.38,3.88,4.13,3.75,4.50,4.25,4.63,4.00,3.63
2026,Spring,Heinz College,HC,94825,A3,"DZOMBAK, RACHEL",AI FOUNDATIONS,Graduate,36,9,25.0%,8.67,4.78,4.78,4.89,4.44,4.78,4.89,4.89,4.78,4.78
2026,Spring,Heinz College,HC,94828,A3,"BRIDGES, MICHAEL",SURVEY DESIGN,Graduate,22,8,36.4%,4.63,5.00,5.00,5.00,4.88,5.00,5.00,5.00,5.00,5.00
2026,Spring,Heinz College,HC,94834,A3,"JHA, AKSHAYA",APPL ECONOMETRICS I,Graduate,38,34,89.5%,6.50,4.65,4.50,4.47,4.15,4.38,4.47,4.74,4.44,4.44
2026,Spring,Heinz College,HC,94834,B3,"JHA, AKSHAYA",APPL ECONOMETRICS I,Graduate,30,25,83.3%,7.76,4.68,4.68,4.72,4.48,4.80,4.64,4.88,4.60,4.40
2026,Spring,Heinz College,HC,94842,A3,"ESCALLON BARRIOS, MARIANA",PROGRMG R ANALYTICS,Graduate,13,10,76.9%,8.60,5.00,5.00,5.00,5.00,4.80,4.80,5.00,5.00,4.80
2026,Spring,Heinz College,HC,94865,A3,"ESCALLON BARRIOS, MARIANA",DATA ANALY DEC MKING,Graduate,12,10,83.3%,6.80,4.90,4.80,4.80,4.90,5.00,4.80,5.00,4.80,4.70
2026,Spring,Heinz College,HC,94871,A3,,EDUC JUSTICE IN PPS,Graduate,21,11,52.4%,4.73,5.00,5.00,4.73,4.82,5.00,5.00,5.00,5.00,4.82
2026,Spring,Heinz College,HC,94881,Z3,"STEIER, DAVID",MANAG ANA PRJTS,Graduate,26,24,92.3%,8.13,4.79,4.67,4.75,4.54,4.75,4.71,4.75,4.67,4.58
2026,Spring,School of Computer Science,HCI,05180,A3,"HARRISON, CHRISTOPHER",INTRO TO HCI,Undergraduate,20,8,40.0%,7.25,4.50,4.25,4.38,4.63,5.00,4.63,4.13,4.88,4.75
2026,Spring,School of Computer Science,HCI,05775,A3,"KITTUR, ANIKET",COG PERSPECTIVES HCI,Graduate,32,7,21.9%,5.86,4.71,4.29,4.57,3.71,4.57,4.14,5.00,4.43,4.43
2026,Spring,Carnegie Institute of Technology,ICT,04801,W3,"BARROS, JOAO",SP TPCS ICT,Graduate,56,56,100.0%,10.48,4.80,4.79,4.80,4.62,4.80,4.80,4.86,4.79,4.66
2026,Spring,Carnegie Mellon University,III,49205,A3,,TECH VENTURE MARKET,Undergraduate,22,11,50.0%,6.64,4.82,4.55,4.73,4.55,4.64,4.55,5.00,4.64,4.45
2026,Spring,Carnegie Mellon University,III,49305,A3,"GEMPERLE, FRANCINE",CUSTOMER DISCOVERY,Undergraduate,21,9,42.9%,5.00,4.00,3.88,3.88,4.13,4.00,3.88,4.50,3.75,3.75
2026,Spring,Carnegie Mellon University,III,49720,A3,"CORDER, LLOYD",PRODUCT & BRAND MGMT,Graduate,46,37,80.4%,6.97,4.41,4.27,4.17,4.28,4.25,4.11,4.57,4.19,4.05
2026,Spring,Carnegie Mellon University,III,49756,A3,"FANG, FANG",PROD BUSINESS MODEL,Graduate,30,26,86.7%,7.08,4.46,4.00,4.15,4.50,4.23,4.15,4.65,4.31,4.23
2026,Spring,Carnegie Mellon University,III,49756,R3,"FANG, FANG",PROD BUSINESS MODEL,Graduate,5,4,80.0%,10.50,4.25,4.50,4.75,4.75,4.25,4.50,4.75,4.75,4.75
2026,Spring,Carnegie Mellon University,III,49770,A3,"ROOT, SHERYL",METRICS FOR TECH,Graduate,30,30,100.0%,7.90,4.87,4.87,4.93,4.83,4.87,4.87,4.93,4.90,4.90
2026,Spring,Carnegie Mellon University,III,49770,R3,"ROOT, SHERYL",METRICS FOR TECH,Graduate,3,3,100.0%,7.00,5.00,5.00,5.00,5.00,5.00,5.00,5.00,5.00,4.67
2026,Spring,Carnegie Mellon University,III,49779,A3,"DAI, LAKE",APPLIED AI,Graduate,35,25,71.4%,6.44,4.80,4.80,4.84,4.80,4.84,4.79,4.88,4.83,4.80
2026,Spring,Carnegie Mellon University,III,49779,R3,"DAI, LAKE",APPLIED AI,Graduate,5,2,40.0%,11.00,4.00,4.00,4.50,3.50,4.50,4.00,4.50,4.00,3.50
2026,Spring,Carnegie Mellon University,III,49781,A3,"SHAIKH, KARIMULLA",INTRO TO ML,Graduate,5,4,80.0%,7.25,4.75,4.75,4.75,4.25,4.75,5.00,5.00,4.75,4.75
2026,Spring,Carnegie Mellon University,III,49781,R3,"SHAIKH, KARIMULLA",INTRO TO ML,Graduate,2,1,50.0%,8.00,5.00,5.00,5.00,5.00,5.00,5.00,5.00,5.00,5.00
2026,Spring,Carnegie Mellon University,III,49803,A3,"KIRMAYER, MATT",LEGAL ISSUES IN VENT,Graduate,19,17,89.5%,5.88,4.94,4.94,4.88,4.88,5.00,4.94,4.94,5.00,4.94
2026,Spring,Carnegie Institute of Technology,INI,14310,W3,"HIBSHI, HANAN",CYBERSECURITY APPLIC,Undergraduate,8,7,87.5%,3.29,4.57,4.57,4.71,4.00,5.00,4.57,5.00,4.86,4.71
2026,Spring,Carnegie Institute of Technology,INI,14695,S3,"KUO, CYNTHIA",TECH ENTREPREN COACH,Graduate,5,4,80.0%,7.25,5.00,5.00,4.75,4.75,4.75,5.00,5.00,5.00,5.00
2026,Spring,Carnegie Institute of Technology,INI,14695,A3,"KUO, CYNTHIA",TECH ENTREPREN COACH,Graduate,19,15,78.9%,5.00,4.73,4.67,4.80,4.47,4.93,4.93,4.87,4.87,4.80
2026,Spring,Carnegie Institute of Technology,INI,14695,S3,"JACOBSON, QUINN",TECH ENTREPREN COACH,Graduate,5,4,80.0%,7.25,5.00,5.00,5.00,5.00,4.75,4.75,5.00,5.00,5.00
2026,Spring,Carnegie Institute of Technology,INI,14825,S3,"FARAG, MOHAMED",GEN AI LANG MDL,Graduate,11,2,18.2%,11.00,5.00,5.00,5.00,5.00,5.00,5.00,5.00,5.00,5.00
2026,Spring,Carnegie Institute of Technology,INI,14825,A3,"FARAG, MOHAMED",GEN AI LANG MDL,Graduate,26,6,23.1%,14.67,4.83,4.33,4.67,4.33,4.83,4.67,4.83,5.00,4.67
2026,Spring,Heinz College,ISM,95451,A3,"LIGHTMAN, ARI",MAKING PRODCTS COUNT,Undergraduate,2,1,50.0%,5.00,4.00,4.00,5.00,5.00,5.00,4.00,5.00,4.00,4.00
2026,Spring,Heinz College,ISM,95481,A3,"BIGRIGG, MICHAEL",WEB APP DEV,Undergraduate,2,0,0.0%,,,,,,,,,,
2026,Spring,Heinz College,ISM,95706,Z3,"COIS, CONSTANTINE",OBJ ORIENTED A & D,Graduate,25,8,32.0%,6.88,4.13,4.13,4.25,4.25,4.50,4.38,4.50,4.13,4.13
2026,Spring,Heinz College,ISM,95710,C3,"BENEDICT, MARY ELLEN",ECONOMIC ANALYSIS,Graduate,32,13,40.6%,8.69,4.54,4.23,4.38,4.46,4.62,4.38,4.85,4.38,4.23
2026,Spring,Heinz College,ISM,95710,A3,"CLAY, KAREN",ECONOMIC ANALYSIS,Graduate,21,12,57.1%,5.25,4.75,4.67,4.75,4.83,4.67,4.67,4.92,4.67,4.50
2026,Spring,Heinz College,ISM,95710,B3,"CLAY, KAREN",ECONOMIC ANALYSIS,Graduate,27,22,81.5%,6.77,4.50,4.59,4.50,4.45,4.55,4.59,4.73,4.59,4.50
2026,Spring,Heinz College,ISM,95717,A3,"FITZSIMMONS, REBEKAH",WRTG INF SYS MGT,Graduate,20,9,45.0%,8.78,4.89,4.67,4.78,4.78,4.67,4.89,4.89,4.89,4.44
2026,Spring,Heinz College,ISM,95717,B3,"MASSARO, HAYLEE",WRTG INF SYS MGT,Graduate,24,19,79.2%,4.68,5.00,4.95,4.95,5.00,4.95,4.95,5.00,5.00,4.89
2026,Spring,Heinz College,ISM,95717,F3,"MASSARO, HAYLEE",WRTG INF SYS MGT,Graduate,12,10,83.3%,7.10,5.00,5.00,5.00,5.00,5.00,5.00,5.00,5.00,4.90
2026,Spring,Heinz College,ISM,95718,J3,"MASSARO, HAYLEE",PROFESSIONAL SPEAKNG,Graduate,15,11,73.3%,6.91,4.91,4.82,4.82,5.00,4.91,4.91,5.00,5.00,4.82
2026,Spring,Heinz College,ISM,95718,G3,"FITZSIMMONS, REBEKAH",PROFESSIONAL SPEAKNG,Graduate,13,9,69.2%,6.33,4.78,5.00,5.00,5.00,5.00,4.89,5.00,4.89,4.56
2026,Spring,Heinz College,ISM,95718,I3,"FITZSIMMONS, REBEKAH",PROFESSIONAL SPEAKNG,Graduate,13,7,53.8%,7.57,4.71,4.71,4.86,5.00,5.00,4.71,4.71,4.71,4.57
2026,Spring,Heinz College,ISM,95718,A3,"ROSENBERG, STACY",PROFESSIONAL SPEAKNG,Graduate,13,8,61.5%,6.50,4.88,4.88,5.00,5.00,5.00,5.00,5.00,5.00,5.00
2026,Spring,Heinz College,ISM,95718,D3,"LABASH, STEFAN",PROFESSIONAL SPEAKNG,Graduate,15,9,60.0%,8.00,5.00,4.67,4.78,5.00,4.78,5.00,5.00,4.89,4.78
2026,Spring,Heinz College,ISM,95718,E3,"LABASH, STEFAN",PROFESSIONAL SPEAKNG,Graduate,13,9,69.2%,8.33,4.78,4.78,4.89,5.00,4.78,4.89,5.00,4.89,4.89
2026,Spring,Heinz College,ISM,95718,F3,"LABASH, STEFAN",PROFESSIONAL SPEAKNG,Graduate,13,6,46.2%,6.00,5.00,5.00,5.00,5.00,5.00,5.00,5.00,5.00,4.83
2026,Spring,Heinz College,ISM,95719,A3,"GOGOLAK, WILLIAM",ACTG & FIN ANALYTCS,Graduate,35,16,45.7%,6.13,4.31,4.19,4.25,4.06,4.31,4.19,4.56,4.13,4.06
2026,Spring,Heinz College,ISM,95719,B3,"GOGOLAK, WILLIAM",ACTG & FIN ANALYTCS,Graduate,34,16,47.1%,6.50,4.31,4.31,4.38,4.31,4.44,4.31,4.56,4.31,4.13
2026,Spring,Heinz College,ISM,95722,F3,"LIGHTMAN, ARI",DIGITAL TRANSFORMATN,Graduate,38,25,65.8%,7.56,4.80,4.52,4.48,4.60,4.64,4.60,4.88,4.72,4.16
2026,Spring,Heinz College,ISM,95722,D3,"RIEL, JAMES",DIGITAL TRANSFORMATN,Graduate,38,14,36.8%,7.79,4.29,3.79,3.77,3.77,3.77,4.00,4.50,3.86,3.71
2026,Spring,Heinz College,ISM,95736,A3,"TRZECIAK, RANDY",ADV REL DATABASE MGT,Graduate,17,4,23.5%,6.50,4.25,4.00,4.25,4.25,4.75,4.25,4.75,4.25,4.25
2026,Spring,Heinz College,ISM,95737,A3,"SPOONER, DERRICK",NOSQL DATABASE MGT,Graduate,28,12,42.9%,8.00,4.67,4.92,4.83,4.50,4.83,4.83,4.83,4.67,4.50
2026,Spring,Heinz College,ISM,95743,Z3,"HALLER, JOHN",CYBRSEC POL & GOV I,Graduate,25,8,32.0%,11.13,4.25,4.50,4.50,4.25,4.50,4.43,4.29,4.29,4.25
2026,Spring,Heinz College,ISM,95743,Z3,,CYBRSEC POL & GOV I,Graduate,25,8,32.0%,11.13,4.38,4.63,4.50,4.25,4.38,4.50,4.50,4.38,4.25
2026,Spring,Heinz College,ISM,95748,A3,"YASAR, HASAN",SOFTWARE & SECURITY,Graduate,42,19,45.2%,7.21,4.11,3.95,4.21,4.00,4.37,4.00,4.42,3.89,3.89
2026,Spring,Heinz College,ISM,95755,A3,"TUCKER, BRETT",INF SEC RSK MGT,Graduate,34,11,32.4%,6.64,3.73,3.18,3.45,3.73,4.09,3.64,3.91,3.45,3.55
2026,Spring,Heinz College,ISM,95759,A3,"MAHSOOB, KADEN",MALICIOUS CODE ANA,Graduate,20,7,35.0%,12.00,4.71,4.86,4.43,4.86,4.86,4.57,4.86,4.71,4.43
2026,Spring,Heinz College,ISM,95760,A3,"ZHANG, PETER",DCSN MKG UNCERTAINTY,Graduate,31,30,96.8%,8.80,4.60,4.73,4.70,4.67,4.73,4.73,4.83,4.53,4.57
2026,Spring,Heinz College,ISM,95760,B3,"ZHANG, PETER",DCSN MKG UNCERTAINTY,Graduate,21,19,90.5%,8.32,4.74,4.63,4.63,4.58,4.74,4.58,4.95,4.63,4.58
2026,Spring,Heinz College,ISM,95760,C3,"CHOI, DAVID",DCSN MKG UNCERTAINTY,Graduate,22,14,63.6%,7.14,4.64,4.79,4.79,4.57,4.71,4.71,4.86,4.71,4.71
2026,Spring,Heinz College,ISM,95767,A3,"SCANLON, THOMAS",CYBERSEC AI & ML,Graduate,39,12,30.8%,7.18,4.45,4.36,4.45,4.18,4.55,4.45,4.55,4.27,4.18
2026,Spring,Heinz College,ISM,95767,A3,"SCHUMOCK, GRANT",CYBERSEC AI & ML,Graduate,39,12,30.8%,7.50,4.25,4.25,4.50,4.00,4.33,4.33,4.67,4.08,4.00
2026,Spring,Heinz College,ISM,95835,A3,"SHAIKH, TANVIR AHMED",TIME SER FORCTG PYTH,Graduate,28,22,78.6%,7.73,4.77,4.68,4.76,4.81,4.76,4.73,4.82,4.68,4.50
2026,Spring,Heinz College,ISM,95851,A3,"LIGHTMAN, ARI",MAKING PRODCTS COUNT,Graduate,38,18,47.4%,8.89,4.72,4.44,4.50,4.56,4.61,4.44,4.94,4.56,4.50
2026,Spring,Heinz College,ISM,95864,A3,"RAO, ANAND",AI MODEL DEVELOPMENT,Graduate,44,20,45.5%,9.35,4.75,4.60,4.60,4.50,4.70,4.65,4.90,4.50,4.40
2026,Spring,Heinz College,ISM,95866,B3,"STONE, RONALD",ADV BUSINESS ANALYTC,Graduate,41,20,48.8%,8.35,4.16,4.32,4.53,4.26,4.47,4.32,4.74,4.21,4.32
2026,Spring,Heinz College,ISM,95874,B3,"DAVIS, JOHN",AGILE METHODS,Graduate,28,13,46.4%,5.92,4.62,4.31,4.46,4.54,4.31,4.31,5.00,4.69,4.38
2026,Spring,Heinz College,ISM,95881,A3,"BIGRIGG, MICHAEL",WEB APP DEV,Graduate,20,11,55.0%,6.64,4.45,4.00,4.45,4.45,4.27,4.45,4.45,4.27,4.27
2026,Spring,Heinz College,ISM,95888,Z3,"SIMKO, MICHAEL",DATA FOCUSED PYTHON,Graduate,30,15,50.0%,6.20,4.47,4.47,4.67,4.33,4.53,4.47,4.60,4.53,4.40
2026,Spring,Heinz College,ISM,95897,A3,"AKOGLU, LEMAN",ML TECHNOLOGIES,Graduate,40,11,27.5%,14.45,4.36,4.55,4.55,4.36,4.55,4.09,4.64,4.27,4.36
2026,Spring,Carnegie Mellon University,ISP,67309,13,"PERL, SAMUEL",SPECIAL TOPICS,Undergraduate,9,3,33.3%,6.00,4.67,4.00,4.33,4.67,4.67,4.67,4.67,4.33,4.00
2026,Spring,Dietrich College of Humanities and Social Sciences,LCL,82060,W3,"ABRAHAM, NEVINE",ARAB SOC IN FLUX,Undergraduate,13,5,38.5%,5.00,4.60,4.20,4.60,4.20,4.40,4.40,4.20,4.20,4.20
2026,Spring,School of Computer Science,LTI,11604,A3,"BROWN, RALF",PYTHONDATASCI1,Graduate,31,4,12.9%,7.25,4.50,4.75,5.00,4.75,4.50,4.75,5.00,4.50,4.00
2026,Spring,Mellon College of Science,MCS,38612,A3,"WELLING, JOEL",INFO VISUALIZATION,Graduate,13,2,15.4%,8.00,5.00,5.00,5.00,4.50,4.50,5.00,5.00,5.00,4.50
2026,Spring,Carnegie Institute of Technology,MEG,24201,J3,"HAIDAR, DIANA",ST TS PROJ FAB ASM,Undergraduate,10,2,20.0%,2.00,5.00,5.00,5.00,5.00,5.00,5.00,5.00,5.00,5.00
2026,Spring,Carnegie Institute of Technology,MEG,24204,L3,"HITCHCOCK, JENNIFER",TS: METAL JEWEL,Undergraduate,7,3,42.9%,5.00,5.00,5.00,5.00,5.00,5.00,5.00,5.00,5.00,5.00
2026,Spring,Carnegie Institute of Technology,MEG,24251,A3,"WEBER, DOUGLAS",ELEC SENS ACT,Undergraduate,38,15,39.5%,5.80,4.47,4.53,4.47,4.00,4.27,4.13,4.93,4.47,4.20
2026,Spring,Carnegie Institute of Technology,MSE,27357,A3,"SOKALSKI, VINCENT",INTRO TO MATLS SELEC,Undergraduate,17,4,23.5%,4.25,5.00,5.00,5.00,4.50,5.00,5.00,5.00,5.00,4.75
2026,Spring,Carnegie Institute of Technology,MSE,27367,A3,"ROHRER, GREGORY",SELECT PERFRMC MATRL,Undergraduate,22,4,18.2%,5.75,3.75,4.50,4.50,5.00,5.00,4.25,4.50,3.75,4.00
2026,Spring,Carnegie Institute of Technology,MSE,27704,A3,"INSPEKTOR, AHARON",PRN SURF ENG INDUSCT,Graduate,15,9,60.0%,6.00,4.56,4.56,4.89,4.67,4.89,4.22,4.67,4.44,4.56
2026,Spring,Carnegie Institute of Technology,MSE,27731,A3,"KRAUSE, AMANDA",TEXTURE/MICROS,Graduate,11,5,45.5%,9.80,5.00,4.80,5.00,4.80,5.00,4.80,5.00,5.00,4.80
2026,Spring,College of Fine Arts,MUS,57101,A3,"RIORDAN, BRIAN",INTRO MUSC TECHNLGY,Undergraduate,7,1,14.3%,8.00,5.00,5.00,5.00,5.00,5.00,5.00,5.00,5.00,4.00
2026,Spring,College of Fine Arts,MUS,57213,A3,"DE LA REZA, MICHELE",LETS DANCE,Undergraduate,16,7,43.8%,2.00,5.00,4.86,5.00,4.86,4.86,5.00,5.00,5.00,5.00
2026,Spring,College of Fine Arts,MUS,57337,A3,"SCHULZ, RICCARDO",SOUND RECORDING,Undergraduate,10,2,20.0%,5.00,5.00,5.00,5.00,5.00,5.00,5.00,5.00,5.00,5.00
2026,Spring,College of Fine Arts,MUS,57337,B3,"SCHULZ, RICCARDO",SOUND RECORDING,Undergraduate,10,3,30.0%,5.00,5.00,5.00,5.00,5.00,5.00,5.00,5.00,5.00,5.00
2026,Spring,College of Fine Arts,MUS,57438,A3,"SCHULZ, RICCARDO",MULTITRACK RECORDING,Undergraduate,14,1,7.1%,8.00,5.00,5.00,5.00,5.00,5.00,5.00,5.00,5.00,5.00
2026,Spring,College of Fine Arts,MUS,57473,A3,"DOUGLAS, THOMAS",PROD PERF OPERA 2,Undergraduate,6,0,0.0%,,,,,,,,,,
2026,Spring,College of Fine Arts,MUS,57773,A3,"DOUGLAS, THOMAS",PROD PERF OPERA 2,Graduate,8,1,12.5%,5.00,5.00,5.00,5.00,5.00,5.00,5.00,5.00,5.00,5.00
2026,Spring,College of Fine Arts,MUS,57866,A3,"CHIESA, SARA",GRAD DICTION:ITALIAN,Graduate,5,0,0.0%,,,,,,,,,,
2026,Spring,College of Fine Arts,MUS,57947,A3,"SCHULZ, RICCARDO",SOUND RECORDING,Graduate,4,3,75.0%,6.00,4.67,4.67,4.67,4.67,5.00,5.00,4.67,5.00,4.67
2026,Spring,College of Fine Arts,MUS,57947,B3,"SCHULZ, RICCARDO",SOUND RECORDING,Graduate,3,2,66.7%,5.00,5.00,4.00,4.00,4.00,5.00,4.00,5.00,4.00,4.50
2026,Spring,College of Fine Arts,MUS,57949,A3,"SCHULZ, RICCARDO",MULTITRACK RECORDING,Graduate,4,1,25.0%,8.00,4.00,3.00,5.00,3.00,4.00,4.00,3.00,4.00,4.00
2026,Spring,Mellon College of Science,PHY,33101,A3,"DI MATTEO, TIZIANA",PHY FIRST YR SEM,Undergraduate,11,4,36.4%,6.50,4.50,4.50,4.25,5.00,4.50,4.25,4.75,4.50,4.50
2026,Spring,Heinz College,PMP,91819,A3,"GOGOLAK, WILLIAM",OPT RISK MOD MGRS,Graduate,9,5,55.6%,5.00,4.00,3.40,4.00,4.00,4.20,4.00,5.00,3.40,3.80
2026,Spring,Heinz College,PPP,90401,A3,"FRANKO, GARY",MEDIA & COMM DSGN I,Undergraduate,6,2,33.3%,5.00,5.00,4.50,4.50,4.00,5.00,4.50,5.00,4.50,5.00
2026,Spring,Heinz College,PPP,90718,B3,"HYATT, KIM",STRTGC PRSNTN SKILLS,Graduate,12,5,41.7%,5.60,4.40,4.20,4.60,4.80,4.80,4.40,5.00,4.40,4.40
2026,Spring,Heinz College,PPP,90718,F3,"HYATT, KIM",STRTGC PRSNTN SKILLS,Graduate,8,4,50.0%,3.50,5.00,5.00,5.00,5.00,5.00,5.00,5.00,5.00,5.00
2026,Spring,Heinz College,PPP,90718,G3,"ROSENBERG, STACY",STRTGC PRSNTN SKILLS,Graduate,12,4,33.3%,2.75,4.75,4.75,4.75,4.75,4.75,4.50,4.75,4.50,4.75
2026,Spring,Heinz College,PPP,90723,A3,"STEPHENSON, Jill",FIN STATEMTS ANALYS,Graduate,35,31,88.6%,7.84,4.29,4.42,4.42,3.87,4.35,4.23,4.68,4.13,4.03
2026,Spring,Heinz College,PPP,90723,B3,"STEPHENSON, Jill",FIN STATEMTS ANALYS,Graduate,34,25,73.5%,7.64,4.48,4.36,4.40,4.00,4.20,4.40,4.76,4.48,4.12
2026,Spring,Heinz College,PPP,90728,A3,"TU, XIAOYING",INTRO DATABSE MGMNT,Graduate,49,41,83.7%,8.37,4.90,4.83,4.83,4.56,4.68,4.71,4.93,4.83,4.66
2026,Spring,Heinz College,PPP,90728,B3,"TU, XIAOYING",INTRO DATABSE MGMNT,Graduate,27,22,81.5%,7.64,4.86,4.91,4.81,4.36,4.64,4.64,4.91,4.81,4.45
2026,Spring,Heinz College,PPP,90784,A3,"SMITH, JESSICA",AFFDL HUSG POL & FIN,Graduate,20,12,60.0%,6.75,4.00,4.08,4.00,3.50,4.42,4.00,4.58,3.75,4.00
2026,Spring,Heinz College,PPP,90801,A3,"FRANKO, GARY",MEDIA & COMM DSGN I,Graduate,7,1,14.3%,5.00,4.00,4.00,4.00,4.00,5.00,4.00,5.00,4.00,5.00
2026,Spring,Heinz College,PPP,90824,W3,"CHEESEBROUGH, TONY",COST BENEFIT ANALYS,Graduate,15,14,93.3%,5.43,4.64,4.57,4.29,4.50,4.50,4.36,4.86,4.21,4.07
2026,Spring,Heinz College,PPP,90860,A3,"BRANSTETTER, LEE",POLICY GLOBAL ECON 1,Graduate,18,6,33.3%,9.00,4.83,4.67,4.50,4.00,5.00,4.83,4.83,4.83,4.67
2026,Spring,Heinz College,PPP,90873,A3,"LUCAS, KIM",LOCAL POLICY POWER,Graduate,9,7,77.8%,8.00,4.86,4.14,4.29,4.43,4.86,4.71,4.71,4.57,4.29
2026,Spring,Heinz College,PPP,90897,A3,"MASCHINO, KARL",WORK POLICY ECOSYST,Graduate,20,6,30.0%,9.50,4.67,3.67,3.33,3.83,4.50,3.83,4.67,4.33,3.83
2026,Spring,Heinz College,PPP,90915,A3,"JHA, AKSHAYA",ECNMTRC THEO MTHD I,Graduate,11,3,27.3%,5.00,4.67,4.00,4.00,3.67,4.00,4.33,5.00,4.33,4.00
2026,Spring,School of Computer Science,ROB,16180,A3,"ICHNOWSKI, JEFF",CONCEPTS OF ROBOTICS,Undergraduate,26,10,38.5%,6.30,4.50,4.50,4.70,4.40,4.80,4.60,4.60,4.40,4.40
2026,Spring,School of Computer Science,ROB,16703,A3,"GEYER, HARTMUT",CONTROL FUNDAMENTALS,Graduate,13,3,23.1%,8.00,4.33,4.33,4.33,3.67,4.67,4.33,5.00,4.00,3.33
2026,Spring,School of Computer Science,ROB,16704,A3,"SILWAL, ABHISESH",ROBOTIC MECHATRONICS,Graduate,25,21,84.0%,10.29,4.81,4.52,4.76,4.67,4.76,4.48,4.95,4.67,4.33
2026,Spring,School of Computer Science,S3D,17619,A3,"BERARDONE, JIM",PROD MGMT ESSEN I,Graduate,36,11,30.6%,7.18,4.64,4.64,4.73,4.45,4.82,4.73,4.82,4.73,4.73
2026,Spring,School of Computer Science,S3D,17619,B3,"BERARDONE, JIM",PROD MGMT ESSEN I,Graduate,13,3,23.1%,12.33,5.00,5.00,5.00,4.67,4.67,4.67,4.67,5.00,5.00
2026,Spring,School of Computer Science,S3D,17619,C3,"BERARDONE, JIM",PROD MGMT ESSEN I,Graduate,4,2,50.0%,8.00,4.50,4.00,4.00,4.00,4.00,4.00,4.50,4.00,4.00
2026,Spring,School of Computer Science,S3D,17619,D3,"BERARDONE, JIM",PROD MGMT ESSEN I,Graduate,5,2,40.0%,11.00,5.00,5.00,5.00,4.50,5.00,5.00,5.00,5.00,5.00
2026,Spring,School of Computer Science,S3D,17619,E3,"BERARDONE, JIM",PROD MGMT ESSEN I,Graduate,20,5,25.0%,7.40,4.60,4.80,4.80,3.80,4.60,4.40,4.60,4.40,4.20
2026,Spring,School of Computer Science,S3D,17619,G3,"BERARDONE, JIM",PROD MGMT ESSEN I,Graduate,2,0,0.0%,,,,,,,,,,
2026,Spring,School of Computer Science,S3D,17632,B3,"MIRANDA, EDUARDO",SOFTWARE PROJ MGMT,Graduate,22,6,27.3%,11.67,3.50,3.50,3.50,3.33,3.33,3.20,3.60,2.80,1.60
2026,Spring,School of Computer Science,S3D,17632,A3,"CHICK, TIMOTHY",SOFTWARE PROJ MGMT,Graduate,45,9,20.0%,8.00,2.44,2.67,2.67,2.33,2.00,2.44,2.89,1.89,1.89
2026,Spring,School of Computer Science,S3D,17632,D3,"CHICK, TIMOTHY",SOFTWARE PROJ MGMT,Graduate,15,4,26.7%,7.25,3.75,3.75,3.75,3.50,3.75,3.75,3.75,3.75,3.75
2026,Spring,School of Computer Science,S3D,17635,13,"PAVETTI, SCOTT",SW ARCHITECTURES,Graduate,60,14,23.3%,9.57,3.64,3.43,3.21,3.79,3.43,3.36,3.93,3.29,2.71
2026,Spring,School of Computer Science,S3D,17635,43,"PAVETTI, SCOTT",SW ARCHITECTURES,Graduate,11,2,18.2%,11.00,5.00,4.50,5.00,5.00,5.00,5.00,5.00,5.00,5.00
2026,Spring,School of Computer Science,SCS,07180,A3,"SIMMONS, REID",CONCEPTS IN AI,Undergraduate,54,16,29.6%,8.38,4.00,3.94,3.81,3.56,3.88,3.88,4.38,3.63,3.69
2026,Spring,Dietrich College of Humanities and Social Sciences,SDS,88323,A3,"BRANSTETTER, LEE",POL IN GLOB ECON I,Undergraduate,4,0,0.0%,,,,,,,,,,
2026,Spring,Dietrich College of Humanities and Social Sciences,STA,36615,A3,"REINHART, ALEXANDER",LARGE-SCALE DATA,Graduate,21,3,14.3%,5.00,5.00,5.00,5.00,5.00,5.00,5.00,5.00,5.00,5.00
2026,Spring,Dietrich College of Humanities and Social Sciences,STA,36640,A3,"WALCHESSEN, Julia",PROB & STAT FOR DS,Graduate,16,5,31.3%,8.60,3.40,3.60,3.60,2.80,3.40,3.20,4.40,3.40,3.00
2026,Spring,Dietrich College of Humanities and Social Sciences,STA,36644,A3,"NUGENT, REBECCA",RL WRLD DS CAPSTN,Graduate,5,1,20.0%,11.00,5.00,5.00,5.00,5.00,5.00,5.00,5.00,5.00,5.00
2026,Spring,Dietrich College of Humanities and Social Sciences,STA,36733,A3,"LEI, JING",STAT SEQ I,Graduate,13,2,15.4%,5.00,4.50,4.50,4.50,4.50,5.00,5.00,5.00,4.50,4.50
2026,Spring,Dietrich College of Humanities and Social Sciences,STA,36762,A3,,ADVANCED THEORY I,Graduate,4,2,50.0%,5.00,4.00,4.50,4.50,3.50,3.50,4.00,5.00,4.00,4.00
2026,Spring,Dietrich College of Humanities and Social Sciences,STU,98395,W3,,JEWELRY DESIGN,Undergraduate,14,4,28.6%,3.50,5.00,5.00,5.00,5.00,5.00,5.00,5.00,5.00,5.00
2026,Spring,Dietrich College of Humanities and Social Sciences,STU,98395,W3,,JEWELRY DESIGN,Undergraduate,14,4,28.6%,3.50,5.00,4.75,5.00,5.00,5.00,5.00,5.00,5.00,5.00
2026,Spring,Dietrich College of Humanities and Social Sciences,STU,98486,W3,,BUSINESS SPORTS,Undergraduate,6,1,16.7%,5.00,5.00,5.00,5.00,5.00,5.00,5.00,5.00,5.00,5.00
2026,Spring,Dietrich College of Humanities and Social Sciences,STU,98487,W3,,ADOBE AFTER EFFECTS,Undergraduate,18,7,38.9%,2.86,4.71,4.71,4.71,4.71,4.57,4.71,4.86,4.71,4.71
2026,Spring,Dietrich College of Humanities and Social Sciences,STU,98487,W3,,ADOBE AFTER EFFECTS,Undergraduate,18,7,38.9%,2.86,4.86,4.86,4.86,4.86,4.71,4.86,5.00,4.86,4.86
2026,Spring,Dietrich College of Humanities and Social Sciences,STU,98489,W3,,HIDDEN MESSAGES,Undergraduate,5,1,20.0%,2.00,5.00,5.00,5.00,5.00,5.00,5.00,5.00,5.00,5.00
2025,Fall,Heinz College,AEM,93430,A1,"CRAWFORD, BRETT",TECH TRANSFORM ARTS,Undergraduate,2,1,50.0%,2.00,5.00,5.00,5.00,5.00,5.00,5.00,5.00,5.00,5.00
2025,Fall,Heinz College,AEM,93703,A,"CRAWFORD, BRETT",ARTS ENT: STR & STR,Graduate,31,28,90.3%,8.21,4.68,3.89,4.39,3.96,4.61,4.39,4.61,4.39,4.32
2025,Fall,Heinz College,AEM,93704,A1,"MCMAHON, J",LEAD COMPLEX ART ORG,Graduate,16,10,62.5%,2.60,4.70,4.80,4.50,4.30,4.80,4.80,5.00,4.70,4.60
2025,Fall,Heinz College,AEM,93717,A1,"ROSENBERG, STACY",WRTG CREAT INDUS,Graduate,27,13,48.1%,8.23,4.15,3.62,4.15,3.85,4.15,3.85,4.08,3.77,3.69
2025,Fall,Heinz College,AEM,93717,B2,"MASSARO, HAYLEE",WRTG CREAT INDUS,Graduate,27,25,92.6%,6.32,4.64,4.60,4.72,4.72,4.28,4.52,4.72,4.52,4.32
2025,Fall,Heinz College,AEM,93808,A1,"DROEGE, CASEY",EXHIBITIONS MGMNT,Graduate,19,12,63.2%,5.25,4.58,4.50,4.58,4.33,4.75,4.58,4.83,4.67,4.58
2025,Fall,Heinz College,AEM,93811,A2,"CRAWFORD, BRETT",PERFORMING ARTS OPS,Graduate,13,8,61.5%,8.38,4.75,3.88,3.88,4.38,4.63,4.25,4.88,4.50,4.25
2025,Fall,Heinz College,AEM,93828,A2,"MCMAHON, JAMIE",ADV TPCS FUNDRAISING,Graduate,9,5,55.6%,8.00,4.60,4.60,4.40,4.40,4.80,4.80,4.80,4.60,4.60
2025,Fall,Heinz College,AEM,93828,A2,"HORTON, MICHELLE",ADV TPCS FUNDRAISING,Graduate,9,5,55.6%,9.50,5.00,5.00,5.00,5.00,5.00,5.00,5.00,5.00,5.00
2025,Fall,Heinz College,AEM,93830,A1,"CRAWFORD, BRETT",TECH TRANSFORM ARTS,Graduate,27,23,85.2%,6.96,4.52,4.48,4.57,4.30,4.57,4.39,4.57,4.45,4.45
2025,Fall,Heinz College,AEM,93832,A1,"MCDILL, SHAUNDA",ARTS & COMM DEV,Graduate,23,12,52.2%,6.75,4.75,4.42,4.50,3.83,4.83,4.33,4.92,4.42,4.50
2025,Fall,Heinz College,AEM,93834,A2,"HALDEMAN, HAYLEY",LAW & ARTS WORK PRAC,Graduate,27,21,77.8%,6.57,4.14,3.57,3.81,3.95,4.10,3.95,4.33,3.71,3.71
2025,Fall,Heinz College,AEM,93837,L,"GRINBERG, BENJAMIN",ART DEV IN MUSIC IND,Graduate,15,4,26.7%,5.75,4.00,3.00,3.50,4.00,4.75,4.50,4.75,3.75,4.25
2025,Fall,Heinz College,AEM,93852,L,"LAMMI, EDWARD",PRODUCTION MANAGEMNT,Graduate,34,7,20.6%,6.71,4.57,4.43,4.71,4.57,4.71,4.57,4.86,4.57,4.43
2025,Fall,Heinz College,AEM,93852,L,"HARRISON, JOHN",PRODUCTION MANAGEMNT,Graduate,34,7,20.6%,7.57,4.71,4.29,4.43,4.14,4.71,4.71,4.86,4.29,4.29
2025,Fall,Heinz College,AEM,93853,L,"MOCZYDLOWSKY, ROBERT",DIGITAL INN AND ENT,Graduate,34,8,23.5%,5.75,4.13,3.38,3.75,3.13,3.88,3.75,3.38,3.25,3.25
2025,Fall,Heinz College,AEM,93857,L2,"NEWMAN, HOLLY",BUSINESS OF GAMING,Graduate,20,2,10.0%,5.00,4.00,3.50,3.50,4.00,3.50,3.50,4.50,3.50,3.50
2025,Fall,Heinz College,AEM,93857,L2,"WEST, WILLIAM",BUSINESS OF GAMING,Graduate,20,2,10.0%,5.00,4.50,3.50,3.50,3.50,4.50,4.00,4.50,3.50,3.50
2025,Fall,Heinz College,AEM,93858,L,"YODER, KEVIN",MARKET RES ENTRN IND,Graduate,34,7,20.6%,9.86,4.29,4.43,4.57,4.43,4.57,4.43,4.71,4.14,4.14
2025,Fall,Heinz College,AEM,93859,L,"BEN, ALISA",FANDOM MUSIC & MEDIA,Graduate,19,6,31.6%,9.00,2.67,2.00,2.17,2.33,2.83,2.33,2.83,2.50,2.33
2025,Fall,Heinz College,AEM,93861,A,"GREEN, DANIEL",SCRIPT/STORY ANALYSS,Graduate,31,13,41.9%,4.54,4.92,4.69,4.85,4.77,4.85,4.69,4.92,4.77,4.69
2025,Fall,Heinz College,AEM,93864,L,"BARTON, OLIVIA",MUS MON & SONG REAL,Graduate,20,5,25.0%,6.20,5.00,5.00,5.00,5.00,5.00,4.80,5.00,4.80,5.00
2025,Fall,Heinz College,AEM,93869,L,"VALLERIAN, FRANCOIS",TELEVISION ECONOMICS,Graduate,34,7,20.6%,9.29,4.86,4.86,4.86,4.86,4.86,4.86,5.00,5.00,4.86
2025,Fall,Heinz College,AEM,93871,L,"HIME, ADAM",TV BUS LGL AFFRS,Graduate,34,7,20.6%,10.14,4.86,5.00,5.00,4.57,4.86,5.00,4.86,4.86,4.86
2025,Fall,Heinz College,AEM,93876,L,"FRANZMAN, ERIN",TV MARKETING & ADVTG,Graduate,34,7,20.6%,10.71,4.71,4.86,4.29,4.86,4.86,4.43,5.00,4.71,4.57
2025,Fall,Heinz College,AEM,93879,L,"WAGNER, PAULA",NAV PRC RLT FLM IND,Graduate,34,7,20.6%,6.29,4.29,4.14,4.29,3.71,4.71,4.00,4.86,4.00,4.00
2025,Fall,Heinz College,AEM,93881,L,"STEIN, KEVIN",LES PAUL MUS & INNOV,Graduate,16,4,25.0%,5.00,4.50,4.25,4.50,4.75,4.75,4.50,5.00,4.00,4.75
2025,Fall,Heinz College,AEM,93881,L,"ROSENTHAL, STEVEN",LES PAUL MUS & INNOV,Graduate,16,4,25.0%,5.00,5.00,4.75,4.75,4.75,4.75,4.75,5.00,4.50,4.75
2025,Fall,Heinz College,AEM,93882,L,"STEIN, KEVIN",AI FUTRE CREATY ENT,Graduate,17,3,17.6%,14.33,4.67,4.00,4.67,5.00,5.00,4.67,5.00,4.33,4.33
2025,Fall,Heinz College,AEM,93882,L,"GREEN, DANIEL",AI FUTRE CREATY ENT,Graduate,17,3,17.6%,13.00,5.00,4.33,4.67,4.67,5.00,4.67,4.67,4.33,4.33
2025,Fall,College of Fine Arts,ARC,48025,A,"WORKINGER, HEATHER",FRST YR SEM:ARCH EDT,Undergraduate,73,16,21.9%,3.13,4.00,4.38,4.44,3.75,4.25,4.13,4.56,3.94,3.88
2025,Fall,College of Fine Arts,ARC,48095,A,"BARBUTO, NINA MARIE",SPTL CNCP NON-ARCTSI,Undergraduate,14,4,28.6%,10.25,4.25,3.50,3.25,4.50,3.50,3.75,4.25,4.00,3.75
2025,Fall,College of Fine Arts,ARC,48100,B,"MCCULLOUGH, JOEL",ARCH DESIGN STUDIO,Undergraduate,18,3,16.7%,24.00,4.33,4.00,3.67,4.33,4.00,4.33,4.67,4.00,4.00
2025,Fall,College of Fine Arts,ARC,48100,A,"BOFFI, LIZA",ARCH DESIGN STUDIO,Undergraduate,18,10,55.6%,23.30,4.80,4.10,4.00,4.70,4.40,4.50,4.90,4.80,4.30
2025,Fall,College of Fine Arts,ARC,48100,C,"TARANNUM, NAZIA",ARCH DESIGN STUDIO,Undergraduate,18,3,16.7%,24.00,3.67,2.33,2.33,2.33,3.00,2.33,3.33,2.67,2.67
2025,Fall,College of Fine Arts,ARC,48100,D,"WOOD-STERNBURGH, GARRET",ARCH DESIGN STUDIO,Undergraduate,19,10,52.6%,21.30,4.90,4.10,4.10,4.80,4.70,4.40,4.90,4.60,4.30
2025,Fall,College of Fine Arts,ARC,48100,1,"ABRAHAM, JARED",ARCH DESIGN STUDIO,Undergraduate,73,21,28.8%,23.19,3.86,3.10,3.38,3.24,3.57,3.43,4.52,3.70,3.95
2025,Fall,College of Fine Arts,ARC,48104,A,"HOLMES, JON",SHOP SKILLS,Undergraduate,8,0,0.0%,,,,,,,,,,
2025,Fall,College of Fine Arts,ARC,48104,C,"HOLMES, JON",SHOP SKILLS,Undergraduate,8,2,25.0%,2.00,4.50,4.50,4.50,5.00,5.00,5.00,5.00,5.00,4.50
2025,Fall,College of Fine Arts,ARC,48104,E,"HOLMES, JON",SHOP SKILLS,Undergraduate,8,2,25.0%,2.00,5.00,5.00,5.00,5.00,5.00,5.00,5.00,4.50,5.00
2025,Fall,College of Fine Arts,ARC,48104,G,"HOLMES, JON",SHOP SKILLS,Undergraduate,8,2,25.0%,3.50,4.00,5.00,4.50,4.00,4.50,5.00,5.00,4.00,4.50
2025,Fall,College of Fine Arts,ARC,48104,H,"HOLMES, JON",SHOP SKILLS,Undergraduate,6,1,16.7%,2.00,5.00,5.00,4.00,5.00,3.00,5.00,4.00,5.00,4.00
2025,Fall,College of Fine Arts,ARC,48104,B,"SONTAG, Steven",SHOP SKILLS,Undergraduate,8,0,0.0%,,,,,,,,,,
2025,Fall,College of Fine Arts,ARC,48104,D,"SONTAG, Steven",SHOP SKILLS,Undergraduate,8,3,37.5%,3.00,4.33,4.33,4.33,4.67,4.00,4.33,4.33,4.67,4.33
2025,Fall,College of Fine Arts,ARC,48104,F,"SONTAG, Steven",SHOP SKILLS,Undergraduate,8,3,37.5%,2.00,4.67,4.67,5.00,4.67,5.00,5.00,5.00,4.67,4.67
2025,Fall,College of Fine Arts,ARC,48104,I,"SONTAG, Steven",SHOP SKILLS,Undergraduate,6,0,0.0%,,,,,,,,,,
2025,Fall,College of Fine Arts,ARC,48104,J,"SONTAG, Steven",SHOP SKILLS,Undergraduate,6,3,50.0%,2.00,4.67,5.00,5.00,5.00,4.67,5.00,5.00,4.67,4.67
2025,Fall,College of Fine Arts,ARC,48116,A,"SAWYER, NATHAN",INTR BLDG PHYSICS,Undergraduate,43,30,69.8%,2.20,4.23,4.40,4.37,4.40,4.50,4.40,4.73,4.33,4.27
2025,Fall,College of Fine Arts,ARC,48119,A,"KARIMI, MARYAM",DESIGN ETHICS,Undergraduate,75,22,29.3%,6.36,4.32,3.73,3.91,4.05,4.55,3.91,4.64,3.82,3.59
2025,Fall,College of Fine Arts,ARC,48120,A,"HUBER, MATTHEW",DIGITAL MEDIA I,Undergraduate,76,18,23.7%,9.33,3.78,4.06,4.11,3.50,3.94,3.72,4.33,3.61,3.56
2025,Fall,College of Fine Arts,ARC,48121,A,"COOPER, DOUGLAS",DRAWING I,Undergraduate,75,19,25.3%,9.63,4.26,3.95,4.16,4.53,4.26,4.11,4.11,4.16,4.21
2025,Fall,College of Fine Arts,ARC,48200,B,"KWON, JONGWAN",ARCH DES STDIO,Undergraduate,11,5,45.5%,22.60,4.80,4.80,4.80,4.40,4.60,4.80,4.80,4.60,4.60
2025,Fall,College of Fine Arts,ARC,48200,C,"LEE, STEPHANIE",ARCH DES STDIO,Undergraduate,11,6,54.5%,24.00,4.33,3.67,4.17,4.17,4.00,4.00,4.83,4.00,4.00
2025,Fall,College of Fine Arts,ARC,48200,D,"SPOLIDORO, BEA",ARCH DES STDIO,Undergraduate,10,8,80.0%,21.50,5.00,4.88,4.75,5.00,5.00,4.88,5.00,5.00,4.75
2025,Fall,College of Fine Arts,ARC,48200,1,"GAROFALO, LAURA",ARCH DES STDIO,Undergraduate,43,22,51.2%,21.55,4.55,3.73,3.73,4.41,4.23,4.23,4.59,4.09,4.09
2025,Fall,College of Fine Arts,ARC,48200,A,"ACHNANI, VICKY",ARCH DES STDIO,Undergraduate,11,9,81.8%,21.56,4.33,3.67,3.33,4.11,4.11,4.11,4.22,4.11,3.44
2025,Fall,College of Fine Arts,ARC,48214,1,"BARD, JOSHUA",GEN MOD + LAB,Undergraduate,47,14,29.8%,5.00,3.43,4.07,4.00,3.93,3.57,4.00,4.62,3.92,3.77
2025,Fall,College of Fine Arts,ARC,48215,A,"DAMIANI, GERARD",MATERIALS & ASSEMBLY,Undergraduate,44,24,54.5%,5.88,4.29,4.50,4.38,4.00,4.33,4.42,4.13,4.25,4.04
2025,Fall,College of Fine Arts,ARC,48300,A,"SUAREZ, LOUIS",ARCH DSGN STDIO INT,Undergraduate,42,10,23.8%,24.00,4.33,4.33,4.33,4.33,4.33,4.17,4.33,4.33,4.00
2025,Fall,College of Fine Arts,ARC,48300,1,"BIZON, HEATHER",ARCH DSGN STDIO INT,Undergraduate,42,13,31.0%,22.15,4.31,3.77,4.00,4.38,4.23,4.15,4.23,4.08,4.00
2025,Fall,College of Fine Arts,ARC,48300,A,"HITCH, NEAL",ARCH DSGN STDIO INT,Undergraduate,42,10,23.8%,20.00,4.89,4.56,4.56,4.78,4.67,4.33,4.56,4.67,4.33
2025,Fall,College of Fine Arts,ARC,48300,A,"CHANG, GLORIA",ARCH DSGN STDIO INT,Undergraduate,42,10,23.8%,24.00,4.20,4.20,4.20,4.20,4.20,4.20,4.20,4.20,4.00
2025,Fall,College of Fine Arts,ARC,48300,A,"GROFF, BRAD",ARCH DSGN STDIO INT,Undergraduate,42,10,23.8%,24.00,4.29,4.17,4.50,4.50,4.50,4.40,4.17,4.50,4.17
2025,Fall,College of Fine Arts,ARC,48307,A,"HITCH, NEAL",CARNVL PAVLN,Undergraduate,5,0,0.0%,,,,,,,,,,
2025,Fall,College of Fine Arts,ARC,48310,A,"YANG, TOMMY",DTLNG ARCH AND FLKLR,Undergraduate,5,1,20.0%,11.00,4.00,5.00,5.00,5.00,5.00,5.00,5.00,5.00,5.00
2025,Fall,College of Fine Arts,ARC,48313,E,"ALENJERY, NILOUFAR",NEW PED,Undergraduate,4,2,50.0%,12.50,5.00,5.00,5.00,5.00,5.00,5.00,5.00,5.00,5.00
2025,Fall,College of Fine Arts,ARC,48313,D,"STONE, ANDREW",NEW PED,Undergraduate,4,3,75.0%,6.00,5.00,4.67,4.67,5.00,4.33,5.00,5.00,5.00,5.00
2025,Fall,College of Fine Arts,ARC,48313,A,"SINDI, TULIZA",NEW PED,Undergraduate,2,1,50.0%,8.00,5.00,5.00,5.00,3.00,5.00,5.00,5.00,5.00,4.00
2025,Fall,College of Fine Arts,ARC,48315,1,"LI, Suzy",ENVIR I,Undergraduate,43,13,30.2%,11.46,3.31,3.69,3.77,3.38,3.62,3.38,3.85,3.23,3.23
2025,Fall,College of Fine Arts,ARC,48315,1,"LOFTNESS, VIVIAN",ENVIR I,Undergraduate,43,13,30.2%,12.36,4.00,3.55,3.82,3.55,4.45,3.55,4.36,3.91,3.18
2025,Fall,College of Fine Arts,ARC,48321,A,"SHAW, DIANE",AMERICAN CITY,Undergraduate,7,7,100.0%,6.71,4.57,4.43,4.43,4.57,4.71,4.71,4.71,4.57,4.57
2025,Fall,College of Fine Arts,ARC,48353,A,"CHANG, GLORIA",MNOPLS FOR MASSES,Undergraduate,4,3,75.0%,14.33,4.67,4.00,4.00,4.33,5.00,4.67,5.00,5.00,4.33
2025,Fall,College of Fine Arts,ARC,48356,A,"COOPER, DOUGLAS",COLOR DRAWING,Undergraduate,9,7,77.8%,8.86,4.86,4.86,4.86,4.86,4.71,4.86,5.00,5.00,4.86
2025,Fall,College of Fine Arts,ARC,48374,A,"TORELLO, FRANCESCA",HIST ARC ISLM WORLD,Undergraduate,15,5,33.3%,6.80,4.40,4.00,4.20,4.20,4.20,3.80,4.00,4.00,4.00
2025,Fall,College of Fine Arts,ARC,48386,A2,"BIZON, HEATHER",PORT RES PREP,Undergraduate,9,3,33.3%,5.00,4.33,4.00,4.67,4.00,4.33,4.33,5.00,4.00,4.33
2025,Fall,College of Fine Arts,ARC,48400,A,"ALENJERY, NILOUFAR",ASOS I,Undergraduate,14,3,21.4%,24.00,5.00,4.67,4.67,4.67,4.67,4.67,4.33,4.67,4.67
2025,Fall,College of Fine Arts,ARC,48400,C,"STONE, ANDREW",ASOS I,Undergraduate,12,11,91.7%,23.36,4.55,4.73,4.64,4.27,4.55,4.55,4.64,4.55,4.36
2025,Fall,College of Fine Arts,ARC,48400,B,"FISHER, KRISTINA",ASOS I,Undergraduate,13,10,76.9%,23.70,4.80,4.50,4.30,4.70,4.20,4.11,4.56,4.33,4.00
2025,Fall,College of Fine Arts,ARC,48400,1,"LEE, JUNEY",ASOS I,Undergraduate,39,19,48.7%,21.13,4.25,4.19,4.38,4.20,4.40,4.33,3.80,3.93,4.20
2025,Fall,College of Fine Arts,ARC,48400,1,"DAMIANI, GERARD",ASOS I,Undergraduate,39,19,48.7%,23.59,4.41,4.18,4.47,4.53,4.53,4.22,4.22,4.33,4.11
2025,Fall,College of Fine Arts,ARC,48407,A,"FISHER, KRISTINA",CARNVL PAVLN,Undergraduate,3,1,33.3%,5.00,5.00,5.00,5.00,5.00,5.00,5.00,5.00,5.00,5.00
2025,Fall,College of Fine Arts,ARC,48407,A,"HITCH, NEAL",CARNVL PAVLN,Undergraduate,3,1,33.3%,5.00,5.00,5.00,5.00,5.00,5.00,5.00,5.00,5.00,5.00
2025,Fall,College of Fine Arts,ARC,48432,A,"PAN, YIQUN",ENV II,Undergraduate,40,34,85.0%,8.09,4.24,3.94,4.00,3.76,4.12,3.62,4.56,3.74,3.65
2025,Fall,College of Fine Arts,ARC,48433,A,"MCFARLAND, JACKIE",AFROF OTH WAYS SNG,Undergraduate,2,2,100.0%,5.00,5.00,5.00,5.00,5.00,5.00,5.00,5.00,5.00,5.00
2025,Fall,College of Fine Arts,ARC,48434,A,"SHAW, DIANE",MESOAM & SP ARC,Undergraduate,8,5,62.5%,6.80,4.80,4.60,4.60,4.20,4.80,4.80,4.80,4.80,4.80
2025,Fall,College of Fine Arts,ARC,48500,1,"FICCA, JEREMY",ASOS,Undergraduate,22,3,13.6%,23.00,4.67,4.33,4.00,4.33,4.67,4.00,4.00,4.00,4.67
2025,Fall,College of Fine Arts,ARC,48500,E,"MONDOR, CHRISTINE",ASOS,Undergraduate,3,2,66.7%,22.50,4.50,3.50,3.50,4.50,5.00,4.50,4.00,4.50,4.00
2025,Fall,College of Fine Arts,ARC,48500,B,"HAYES, HAL",ASOS,Undergraduate,3,0,0.0%,,,,,,,,,,
2025,Fall,College of Fine Arts,ARC,48500,A,"BYRNE, DARAGH",ASOS,Undergraduate,3,2,66.7%,19.00,4.50,4.00,5.00,4.50,5.00,5.00,5.00,5.00,4.50
2025,Fall,College of Fine Arts,ARC,48500,F,"YANG, TOMMY",ASOS,Undergraduate,5,0,0.0%,,,,,,,,,,
2025,Fall,College of Fine Arts,ARC,48500,C,"KARIMI, MARYAM",ASOS,Undergraduate,5,4,80.0%,24.00,4.75,3.75,4.75,4.50,4.75,4.50,4.50,4.75,5.00
2025,Fall,College of Fine Arts,ARC,48500,D,"LEE, JUNEY",ASOS,Undergraduate,8,5,62.5%,21.40,5.00,5.00,5.00,4.20,4.80,4.60,4.60,4.80,4.60
2025,Fall,College of Fine Arts,ARC,48506,A,"NOEL, VERNELLE",SHP GRMRS,Undergraduate,2,1,50.0%,11.00,5.00,5.00,5.00,5.00,5.00,5.00,5.00,5.00,5.00
2025,Fall,College of Fine Arts,ARC,48507,A,"HITCH, NEAL",CARNVL PAVLN,Undergraduate,2,0,0.0%,,,,,,,,,,
2025,Fall,College of Fine Arts,ARC,48525,A,"KWON, JONGWAN",THESIS SEM UG,Undergraduate,16,7,43.8%,7.00,4.50,4.50,4.33,4.00,4.00,4.00,4.83,4.33,3.83
2025,Fall,College of Fine Arts,ARC,48525,A,"TORELLO, FRANCESCA",THESIS SEM UG,Undergraduate,16,7,43.8%,6.29,4.71,3.86,3.86,4.00,4.29,4.00,4.57,4.00,3.43
2025,Fall,College of Fine Arts,ARC,48531,A,"HITCH, NEAL",FABRICATNG CUSTOMZTN,Undergraduate,5,3,60.0%,10.00,5.00,5.00,5.00,4.67,4.67,4.67,4.67,4.67,4.33
2025,Fall,College of Fine Arts,ARC,48543,A,"GAROFALO, LAURA",COLOR CONSTRUCTS,Undergraduate,9,2,22.2%,6.50,5.00,4.50,5.00,4.50,5.00,4.50,5.00,5.00,5.00
2025,Fall,College of Fine Arts,ARC,48555,A,"BARD, JOSHUA",INTRO ARC ROBO,Undergraduate,6,1,16.7%,8.00,5.00,5.00,5.00,5.00,5.00,5.00,5.00,5.00,5.00
2025,Fall,College of Fine Arts,ARC,48561,A1,"CLAUS, LORI",PROF DVLP,Undergraduate,5,1,20.0%,5.00,4.00,5.00,5.00,5.00,5.00,5.00,5.00,4.00,4.00
2025,Fall,College of Fine Arts,ARC,48562,A1,"CHENG, JIMMY",AI THRY,Undergraduate,7,4,57.1%,4.25,5.00,5.00,5.00,4.50,4.75,4.75,5.00,5.00,4.50
2025,Fall,College of Fine Arts,ARC,48568,A,"KURLAND, KRISTEN",ADV CAD BIM 3D VISLZ,Undergraduate,23,11,47.8%,6.09,4.36,4.64,4.45,4.40,4.27,4.27,4.64,4.18,4.36
2025,Fall,College of Fine Arts,ARC,48606,A,"NOEL, VERNELLE",SHP GRMRS,Graduate,2,2,100.0%,9.50,5.00,5.00,5.00,5.00,4.50,5.00,5.00,5.00,4.50
2025,Fall,College of Fine Arts,ARC,48607,A,"ISSAIAS, THEODOSSIS THEO",ARCHITECTURAL AGENCY,Graduate,29,13,44.8%,5.69,4.54,4.23,4.31,3.85,4.62,4.46,4.77,4.38,3.92
2025,Fall,College of Fine Arts,ARC,48610,A,"YANG, TOMMY",DTLNG ARCH AND FLKLR,Graduate,6,3,50.0%,8.00,5.00,5.00,5.00,5.00,5.00,5.00,5.00,5.00,5.00
2025,Fall,College of Fine Arts,ARC,48613,A,"SINDI, TULIZA",NEW PED,Graduate,5,4,80.0%,8.00,5.00,4.25,4.25,4.75,4.50,4.75,5.00,5.00,4.25
2025,Fall,College of Fine Arts,ARC,48613,D,"STONE, ANDREW",NEW PED,Graduate,2,1,50.0%,5.00,5.00,5.00,5.00,5.00,5.00,5.00,5.00,5.00,5.00
2025,Fall,College of Fine Arts,ARC,48620,A,"REHMAN, NIDA",SITUATING RESEARCH,Graduate,53,24,45.3%,2.88,4.83,4.83,4.75,4.50,4.71,4.67,4.88,4.83,4.67
2025,Fall,College of Fine Arts,ARC,48625,A,"TORELLO, FRANCESCA",THESIS SEMINAR,Graduate,4,4,100.0%,6.50,4.50,4.25,4.00,4.00,4.25,4.25,4.50,4.25,3.75
2025,Fall,College of Fine Arts,ARC,48625,A,"KWON, JONGWAN",THESIS SEMINAR,Graduate,4,4,100.0%,7.25,4.50,4.00,4.00,4.25,4.25,3.75,4.50,4.25,3.75
2025,Fall,College of Fine Arts,ARC,48626,A,"ACHNANI, VICKY",BAMBOO BEND,Graduate,11,11,100.0%,9.73,5.00,5.00,5.00,5.00,5.00,5.00,5.00,5.00,5.00
2025,Fall,College of Fine Arts,ARC,48629,1,"COCHRAN, ERICA",ENVIRO I MARCH,Graduate,17,7,41.2%,7.14,5.00,5.00,5.00,4.86,4.86,4.71,5.00,5.00,5.00
2025,Fall,College of Fine Arts,ARC,48630,A,"KLINE, JONATHAN",MARCH PRAXIS 1,Graduate,16,12,75.0%,21.08,4.75,4.58,4.58,4.50,4.58,4.67,4.83,4.67,4.50
2025,Fall,College of Fine Arts,ARC,48630,A,"ANKLESARIA, SAROSH",MARCH PRAXIS 1,Graduate,16,12,75.0%,21.08,4.75,4.00,4.25,4.08,4.67,4.42,4.17,4.42,4.25
2025,Fall,College of Fine Arts,ARC,48634,A,"GUTSCHOW, KAI",ARCH THEORY & ISSUES,Graduate,17,6,35.3%,6.50,4.50,4.17,4.50,4.33,5.00,4.67,4.33,4.33,4.33
2025,Fall,College of Fine Arts,ARC,48635,1,"LOFTNESS, VIVIAN",ENVIRO I M.ARCH,Graduate,13,9,69.2%,15.22,5.00,4.89,5.00,4.78,5.00,4.89,5.00,5.00,5.00
2025,Fall,College of Fine Arts,ARC,48635,1,"LI, Suzy",ENVIRO I M.ARCH,Graduate,13,9,69.2%,15.89,4.78,4.67,4.89,4.56,4.89,4.78,4.89,4.89,4.89
2025,Fall,College of Fine Arts,ARC,48643,A,"GAROFALO, LAURA",COLOR CONSTRUCTS,Graduate,2,2,100.0%,8.00,4.00,3.50,4.00,3.50,4.00,4.50,4.50,4.50,3.50
2025,Fall,College of Fine Arts,ARC,48645,A,"MCFARLAND, JACKIE",DSGN CNSCNS,Graduate,4,2,50.0%,3.50,1.50,1.00,1.00,1.50,1.50,1.50,3.00,1.00,1.00
2025,Fall,College of Fine Arts,ARC,48650,F,"YANG, TOMMY",ASO MASTERS,Graduate,6,3,50.0%,17.33,4.33,4.67,4.33,4.00,4.67,4.00,4.67,4.67,4.33
2025,Fall,College of Fine Arts,ARC,48650,D,"LEE, JUNEY",ASO MASTERS,Graduate,3,1,33.3%,24.00,4.00,5.00,4.00,4.00,5.00,4.00,4.00,4.00,5.00
2025,Fall,College of Fine Arts,ARC,48650,C,"KARIMI, MARYAM",ASO MASTERS,Graduate,5,5,100.0%,18.20,3.60,2.40,2.40,3.00,3.20,2.60,2.60,2.80,3.20
2025,Fall,College of Fine Arts,ARC,48650,A,"BYRNE, DARAGH",ASO MASTERS,Graduate,2,2,100.0%,15.50,5.00,5.00,5.00,5.00,5.00,5.00,5.00,5.00,5.00
2025,Fall,College of Fine Arts,ARC,48650,E,"MONDOR, CHRISTINE",ASO MASTERS,Graduate,3,0,0.0%,,,,,,,,,,
2025,Fall,College of Fine Arts,ARC,48650,B,"HAYES, HAL",ASO MASTERS,Graduate,8,6,75.0%,18.50,5.00,5.00,5.00,5.00,5.00,5.00,5.00,5.00,4.83
2025,Fall,College of Fine Arts,ARC,48655,A,"PAN, YIQUN",ENV II GRAD,Graduate,26,23,88.5%,6.70,4.22,4.00,4.09,3.78,4.26,3.70,4.74,3.74,3.78
2025,Fall,College of Fine Arts,ARC,48657,A1,"NISA, RICHARD",INFRA LANDS I,Graduate,13,13,100.0%,5.92,4.92,4.85,4.85,4.77,5.00,4.77,4.85,4.92,4.92
2025,Fall,College of Fine Arts,ARC,48659,A2,"NISA, RICHARD",INFRA LAND II,Graduate,12,5,41.7%,4.40,5.00,4.60,5.00,4.80,4.80,4.80,5.00,5.00,5.00
2025,Fall,College of Fine Arts,ARC,48661,A1,"CLAUS, LORI",PROF DVP,Graduate,5,0,0.0%,,,,,,,,,,
2025,Fall,College of Fine Arts,ARC,48662,A2,"CHENG, JIMMY",AI WKSHP,Graduate,4,2,50.0%,3.50,5.00,4.50,4.50,5.00,5.00,5.00,5.00,5.00,4.50
2025,Fall,College of Fine Arts,ARC,48668,B2,"ACHNANI, VICKY",SAN BAMBOO GRNHS,Graduate,6,4,66.7%,5.75,5.00,5.00,5.00,5.00,5.00,5.00,5.00,5.00,5.00
2025,Fall,College of Fine Arts,ARC,48668,A1,"ACHNANI, VICKY",SAN BAMBOO GRNHS,Graduate,2,0,0.0%,,,,,,,,,,
2025,Fall,College of Fine Arts,ARC,48675,A2,"BYRNE, DARAGH",DES FOR IOT,Graduate,6,5,83.3%,9.20,4.80,4.80,4.80,4.80,4.80,4.60,4.80,4.80,4.80
2025,Fall,College of Fine Arts,ARC,48689,A1,"GORAL, Sinan",DIGI SKLLS WRKSHP,Graduate,33,7,21.2%,11.86,4.00,4.14,4.14,4.14,4.00,4.14,4.71,4.43,3.86
2025,Fall,College of Fine Arts,ARC,48689,A1,"HUBER, MATTHEW",DIGI SKLLS WRKSHP,Graduate,33,7,21.2%,11.86,3.86,4.14,3.86,4.00,4.14,3.71,4.71,4.00,4.00
2025,Fall,College of Fine Arts,ARC,48699,A,"REHMAN, NIDA",ENVIRO JSTC,Graduate,7,6,85.7%,10.50,5.00,5.00,5.00,5.00,5.00,5.00,5.00,5.00,5.00
2025,Fall,College of Fine Arts,ARC,48705,A,"MONDOR, CHRISTINE",MUD STUDIO I,Graduate,4,3,75.0%,15.00,5.00,4.33,4.33,5.00,4.67,5.00,5.00,5.00,4.33
2025,Fall,College of Fine Arts,ARC,48707,A,"DANES, STEFANI",MUD GRADUATE SEMINAR,Graduate,3,3,100.0%,6.00,5.00,5.00,5.00,5.00,5.00,5.00,5.00,5.00,5.00
2025,Fall,College of Fine Arts,ARC,48716,A,"NOEL, VERNELLE",MSCD PRE-THESIS II,Graduate,15,13,86.7%,7.08,3.69,3.69,3.85,3.08,4.00,3.85,4.54,3.69,3.54
2025,Fall,College of Fine Arts,ARC,48718,A,"GRUBER, STEFAN",MUD STUDIO III,Graduate,7,6,85.7%,16.83,5.00,5.00,5.00,5.00,5.00,5.00,5.00,5.00,5.00
2025,Fall,College of Fine Arts,ARC,48724,A,"CHENG, JIMMY",SCRIPTING,Graduate,12,11,91.7%,11.00,4.73,4.73,4.82,4.64,4.64,4.55,5.00,4.36,4.82
2025,Fall,College of Fine Arts,ARC,48725,A,"HARDY, THOMAS",GRAD REAL EST DVLPMT,Graduate,16,10,62.5%,8.30,4.80,4.80,4.70,4.90,4.90,4.90,5.00,4.70,4.80
2025,Fall,College of Fine Arts,ARC,48727,A,"CARDOSO LLACH, DANIEL",INQRY CD,Graduate,14,7,50.0%,10.14,4.86,4.86,4.57,4.29,4.43,4.43,4.71,4.86,4.43
2025,Fall,College of Fine Arts,ARC,48729,A,"LOFTNESS, VIVIAN",SUS HEA PROD,Graduate,23,13,56.5%,9.23,5.00,5.00,5.00,5.00,5.00,5.00,5.00,5.00,5.00
2025,Fall,College of Fine Arts,ARC,48731,A,"HUBER, MATTHEW",SUSTNB DES SYN PREP,Graduate,16,8,50.0%,11.50,4.38,4.38,4.38,4.13,4.63,4.63,4.88,4.50,4.25
2025,Fall,College of Fine Arts,ARC,48733,A,"SAWYER, AZADEH",ENV PERF SIM,Graduate,18,12,66.7%,10.42,4.50,4.17,4.50,4.33,4.58,4.33,4.50,4.42,4.33
2025,Fall,College of Fine Arts,ARC,48740,A,"KLINE, JONATHAN",UD METHODS & THEORY,Graduate,11,6,54.5%,6.00,5.00,4.83,5.00,4.83,5.00,5.00,5.00,4.67,4.83
2025,Fall,College of Fine Arts,ARC,48742,A,"ABRAMS, KAREN",PLNNG & PUB POL URB,Graduate,10,7,70.0%,4.57,5.00,5.00,5.00,5.00,5.00,4.86,5.00,4.86,4.86
2025,Fall,College of Fine Arts,ARC,48743,A,"CUPKOVA, DANA",INTRO ECO DES,Graduate,11,9,81.8%,8.00,5.00,5.00,4.89,4.67,5.00,4.78,5.00,4.78,4.89
2025,Fall,College of Fine Arts,ARC,48753,A,"ABRAHAM, JARED",INTRO UD MED,Graduate,4,3,75.0%,6.00,5.00,5.00,5.00,5.00,5.00,5.00,5.00,5.00,5.00
2025,Fall,College of Fine Arts,ARC,48755,A,"BARD, JOSHUA",INRTO ARC ROB,Graduate,9,8,88.9%,9.25,4.88,4.75,4.88,4.88,4.88,4.88,5.00,4.88,4.88
2025,Fall,College of Fine Arts,ARC,48763,A,"LEE, JOSHUA",SYS DSGN,Graduate,2,1,50.0%,11.00,5.00,5.00,5.00,5.00,5.00,5.00,5.00,5.00,5.00
2025,Fall,College of Fine Arts,ARC,48764,A2,"NETSER, Yael",BIM FOR ARCH,Graduate,3,0,0.0%,,,,,,,,,,
2025,Fall,College of Fine Arts,ARC,48765,A,"LEE, JOSHUA",AECM SYNTH,Graduate,15,13,86.7%,17.15,4.77,4.85,4.69,4.69,4.77,4.92,4.92,4.77,4.69
2025,Fall,College of Fine Arts,ARC,48767,A,"QUICK, STEPHEN",TRANSDISCP THINKING,Graduate,9,7,77.8%,10.57,4.86,4.86,4.86,4.86,4.71,4.71,4.86,4.71,4.71
2025,Fall,College of Fine Arts,ARC,48768,A,"COCHRAN, ERICA",IEQ,Graduate,27,16,59.3%,6.50,4.38,4.38,4.38,4.50,4.44,4.56,4.88,4.44,4.38
2025,Fall,College of Fine Arts,ARC,48769,A,"SAWYER, AZADEH",M.S. THESIS/PROJECT,Graduate,10,7,70.0%,15.00,4.00,3.43,3.86,3.43,4.00,4.14,4.29,3.71,3.86
2025,Fall,College of Fine Arts,ARC,48771,A,"HITCH, NEAL",FAB CUST,Graduate,2,2,100.0%,14.50,5.00,4.00,4.50,5.00,5.00,4.00,5.00,4.50,4.50
2025,Fall,College of Fine Arts,ARC,48783,1,"BARD, JOSHUA",GEN MOD GRAD,Graduate,32,9,28.1%,5.67,4.67,4.67,4.88,4.88,4.88,4.88,5.00,5.00,4.88
2025,Fall,College of Fine Arts,ARC,48785,A,"FICCA, JEREMY",MAAD RES PROJ,Graduate,7,4,57.1%,12.50,5.00,4.75,4.75,4.50,4.75,4.75,5.00,4.75,4.75
2025,Fall,College of Fine Arts,ARC,48786,A2,"BIZON, HEATHER",PORT RES PREP,Graduate,2,1,50.0%,2.00,4.00,4.00,4.00,4.00,4.00,4.00,4.00,4.00,4.00
2025,Fall,College of Fine Arts,ARC,48788,A,"CARDOSO LLACH, DANIEL",PROSEM COMP DES,Graduate,6,5,83.3%,5.60,4.80,5.00,4.80,4.80,5.00,4.60,4.80,4.60,4.60
2025,Fall,College of Fine Arts,ARC,48792,N,"REHMAN, NIDA",PHD INDEP STUDY,Graduate,2,2,100.0%,17.00,5.00,5.00,5.00,5.00,5.00,5.00,5.00,5.00,5.00
2025,Fall,College of Fine Arts,ARC,48798,A,"PAN, YIQUN",HVAC & PS LOW CARB B,Graduate,13,13,100.0%,10.54,4.69,4.62,4.46,4.54,4.62,4.62,4.85,4.38,4.38
2025,Fall,College of Fine Arts,ARC,48811,E,"COCHRAN, ERICA",PROPOSAL PREPARATION,Graduate,3,1,33.3%,24.00,5.00,5.00,5.00,5.00,5.00,5.00,5.00,5.00,5.00
2025,Fall,College of Fine Arts,ART,60104,A,"YEH, IMIN",ART 1ST-YEAR SEMINAR,Undergraduate,63,24,38.1%,2.86,4.52,4.43,4.48,4.10,4.52,4.24,4.67,4.29,3.95
2025,Fall,College of Fine Arts,ART,60104,A,"HENDERSON, RANEE",ART 1ST-YEAR SEMINAR,Undergraduate,63,24,38.1%,3.13,4.17,4.25,4.21,3.78,4.04,4.14,4.41,4.05,3.91
2025,Fall,College of Fine Arts,ART,60105,A,"VERSARI, MARIA ELENA",HISTORY-VISUAL ARTS,Undergraduate,16,6,37.5%,3.50,4.67,4.33,4.50,4.50,5.00,5.00,5.00,4.67,4.67
2025,Fall,College of Fine Arts,ART,60105,B,"VERSARI, MARIA ELENA",HISTORY-VISUAL ARTS,Undergraduate,15,3,20.0%,3.00,5.00,5.00,5.00,4.33,4.33,4.50,5.00,5.00,4.67
2025,Fall,College of Fine Arts,ART,60108,A,"KURTZMAN, ELIZABETH",NON-MAJORS FILM,Undergraduate,37,23,62.2%,5.70,4.82,4.45,4.55,4.23,4.59,4.64,4.86,4.59,4.59
2025,Fall,College of Fine Arts,ART,60110,B,"WOLFE, JAMIE",FOUNDATION:TIME-BASE,Undergraduate,12,12,100.0%,7.75,5.00,4.58,4.67,4.83,5.00,4.67,5.00,4.67,4.42
2025,Fall,College of Fine Arts,ART,60110,D,"PEDERCINI, PAOLO",FOUNDATION:TIME-BASE,Undergraduate,16,7,43.8%,9.71,3.86,4.14,3.71,4.00,4.33,4.00,4.80,4.60,4.17
2025,Fall,College of Fine Arts,ART,60110,C,"WORMSLEY, ALISHA",FOUNDATION:TIME-BASE,Undergraduate,12,5,41.7%,10.40,3.20,2.80,2.80,3.60,3.20,3.60,3.80,3.20,3.20
2025,Fall,College of Fine Arts,ART,60110,A,"PELL, RICHARD",FOUNDATION:TIME-BASE,Undergraduate,11,5,45.5%,9.20,3.80,4.40,4.40,4.00,4.20,4.20,4.00,3.80,3.80
2025,Fall,College of Fine Arts,ART,60125,A,"MAHLER, MOSHE",INTRO TO 3D ANIMATN,Undergraduate,17,14,82.4%,10.14,4.57,4.64,4.71,4.43,4.71,4.36,4.57,4.36,4.36
2025,Fall,College of Fine Arts,ART,60131,A,"STARBUCK, RACHAEL",FOUNDATIONS: SCULPT,Undergraduate,13,10,76.9%,11.00,4.80,4.80,4.50,5.00,4.30,4.60,4.90,4.70,4.50
2025,Fall,College of Fine Arts,ART,60131,B,"STARBUCK, RACHAEL",FOUNDATIONS: SCULPT,Undergraduate,15,13,86.7%,13.23,4.77,4.62,4.62,4.92,4.46,4.77,5.00,4.69,4.62
2025,Fall,College of Fine Arts,ART,60131,C,"SANTOS, Frankmarlin",FOUNDATIONS: SCULPT,Undergraduate,13,5,38.5%,16.60,4.80,4.60,4.40,4.60,4.40,4.40,4.80,4.60,4.60
2025,Fall,College of Fine Arts,ART,60131,D,"SANTOS, Frankmarlin",FOUNDATIONS: SCULPT,Undergraduate,14,5,35.7%,14.60,4.80,4.80,4.80,4.80,4.60,5.00,5.00,4.80,4.80
2025,Fall,College of Fine Arts,ART,60136,A,"SEKINO-BOVE, YOKO",CERAMICS NON-MAJORS,Undergraduate,14,8,57.1%,12.25,5.00,4.63,4.63,4.88,4.88,4.88,4.63,4.88,4.88
2025,Fall,College of Fine Arts,ART,60136,B,"SEKINO-BOVE, YOKO",CERAMICS NON-MAJORS,Undergraduate,8,7,87.5%,12.71,5.00,5.00,5.00,5.00,5.00,5.00,5.00,5.00,5.00
2025,Fall,College of Fine Arts,ART,60138,A2,"MANTLE, T. ROSS",PHOTO LIGHT TECH,Undergraduate,4,2,50.0%,6.50,5.00,4.50,5.00,5.00,5.00,5.00,5.00,4.50,5.00
2025,Fall,College of Fine Arts,ART,60139,A1,"MANTLE, T. ROSS",PHOTO MEDITATION,Undergraduate,3,1,33.3%,5.00,5.00,5.00,5.00,5.00,5.00,5.00,5.00,5.00,5.00
2025,Fall,College of Fine Arts,ART,60140,A,"MARTELLO, BRYAN",IMAGES IN SPACE,Undergraduate,4,2,50.0%,9.50,4.50,4.00,4.50,5.00,4.50,4.50,4.00,5.00,4.50
2025,Fall,College of Fine Arts,ART,60141,B,"CARROLL, SEAN",B & W PHOTOGRAPHY I,Undergraduate,6,0,0.0%,,,,,,,,,,
2025,Fall,College of Fine Arts,ART,60142,B,"BLUM, AARON",DIGITAL PHOTOGRPHY I,Undergraduate,3,1,33.3%,11.00,5.00,5.00,5.00,5.00,5.00,5.00,5.00,4.00,4.00
2025,Fall,College of Fine Arts,ART,60150,D,"MULLINS, PAUL",FOUNDATIONS: DRAWING,Undergraduate,15,7,46.7%,9.71,4.57,3.86,4.29,4.57,4.57,4.57,5.00,4.57,4.57
2025,Fall,College of Fine Arts,ART,60150,C,"LEMON, ALLISON",FOUNDATIONS: DRAWING,Undergraduate,13,12,92.3%,13.58,4.67,4.67,4.58,4.58,4.50,4.50,4.58,4.64,4.55
2025,Fall,College of Fine Arts,ART,60150,A,"BETTS, JULIA",FOUNDATIONS: DRAWING,Undergraduate,14,5,35.7%,12.20,4.00,4.00,3.60,3.40,3.40,3.20,4.60,3.80,4.00
2025,Fall,College of Fine Arts,ART,60150,B,"BETTS, JULIA",FOUNDATIONS: DRAWING,Undergraduate,15,4,26.7%,10.25,4.25,4.50,4.50,3.75,3.75,4.25,4.50,3.75,4.00
2025,Fall,College of Fine Arts,ART,60157,B,"PETRUZZI, JOHN",DRAWING NON-MAJORS,Undergraduate,12,6,50.0%,8.50,4.83,4.67,4.83,4.83,4.33,4.83,5.00,4.83,4.83
2025,Fall,College of Fine Arts,ART,60157,A,"PENA, JOHN",DRAWING NON-MAJORS,Undergraduate,12,10,83.3%,8.90,5.00,5.00,4.89,4.89,4.89,5.00,5.00,5.00,5.00
2025,Fall,College of Fine Arts,ART,60212,A,"LEVIN, GOLAN",INT: CREATIVE CODING,Undergraduate,14,8,57.1%,12.13,4.75,4.50,4.25,4.50,4.75,4.75,4.25,4.63,4.63
2025,Fall,College of Fine Arts,ART,60219,A,"DEYOUNG, JOHANNES",STOP-MOTION ANIMATIN,Undergraduate,8,5,62.5%,13.00,5.00,4.60,4.80,4.80,5.00,4.60,5.00,5.00,4.80
2025,Fall,College of Fine Arts,ART,60222,A,"DEYOUNG, JOHANNES",INTER: DIG ANIMATN,Undergraduate,15,10,66.7%,12.67,4.10,4.20,4.00,4.10,4.10,3.60,4.70,3.70,3.80
2025,Fall,College of Fine Arts,ART,60223,A,"ZACHARIAS, ROBERT",PHYSICAL COMPUTING,Undergraduate,18,9,50.0%,9.00,4.67,4.78,4.67,4.56,4.56,4.33,4.78,4.78,4.56
2025,Fall,College of Fine Arts,ART,60224,A,"PEDERCINI, PAOLO",GAME STUDIO:INTERACT,Undergraduate,12,8,66.7%,11.00,4.63,4.38,4.38,4.75,4.75,4.50,4.88,4.25,4.50
2025,Fall,College of Fine Arts,ART,60226,A,"SILVER, SUZIE",VIDEO ART,Undergraduate,9,4,44.4%,10.25,4.00,3.50,3.50,4.00,4.25,3.50,2.75,3.00,3.25
2025,Fall,College of Fine Arts,ART,60234,A,"SEKINO-BOVE, YOKO",INTERMED CERAMICS,Undergraduate,12,3,25.0%,11.00,5.00,5.00,5.00,5.00,4.67,5.00,5.00,5.00,5.00
2025,Fall,College of Fine Arts,ART,60237,A,"BOYLES, JENNA",ELECTRONIC SCULPTURE,Undergraduate,12,7,58.3%,9.29,4.57,4.57,4.14,4.29,4.43,4.00,4.86,4.29,3.86
2025,Fall,College of Fine Arts,ART,60241,A,"GRUZSKA, JAMIE",BL & WHT PHOTOGHY II,Undergraduate,3,3,100.0%,14.33,5.00,4.33,4.33,5.00,5.00,5.00,5.00,5.00,5.00
2025,Fall,College of Fine Arts,ART,60250,A,"RAY, SHARMISTHA",INTERMED: PAINTING,Undergraduate,12,7,58.3%,9.29,4.57,4.14,4.29,4.29,4.29,4.43,4.71,4.43,4.29
2025,Fall,College of Fine Arts,ART,60251,A,"TREMONTE, MARY",INT:PRINT MEDIA,Undergraduate,16,9,56.3%,11.00,5.00,4.67,4.78,4.56,4.89,4.89,5.00,4.89,4.89
2025,Fall,College of Fine Arts,ART,60252,A,"HENDERSON, RANEE",INTERMEDIATE: COLOR,Undergraduate,10,3,30.0%,12.00,4.00,4.00,4.00,4.00,4.00,4.00,4.00,4.00,4.00
2025,Fall,College of Fine Arts,ART,60263,A,"PENA, JOHN",INTERMD STDIO GRAPHC,Undergraduate,16,10,62.5%,9.80,5.00,4.90,4.90,4.90,4.80,4.90,4.90,5.00,4.90
2025,Fall,College of Fine Arts,ART,60281,A,"BLUM, AARON",INTERMEDIATE DIGITAL,Undergraduate,4,2,50.0%,6.50,4.50,3.50,4.00,4.50,4.50,4.50,5.00,4.50,4.50
2025,Fall,College of Fine Arts,ART,60335,A1,"LIM HAAS, ALEXA",ST ANIMTN STRY DEVLP,Undergraduate,11,3,27.3%,5.00,5.00,4.67,4.00,4.33,3.67,3.67,5.00,4.33,4.33
2025,Fall,College of Fine Arts,ART,60350,A,"FLATI, STEPHANIE",TEACHING ARTIST KIT,Undergraduate,10,5,50.0%,3.80,4.80,4.40,4.60,4.00,4.40,4.40,4.60,4.60,4.60
2025,Fall,College of Fine Arts,ART,60356,A,"SILVER, SUZIE",CS: FAIRY TALE FILM,Undergraduate,14,7,50.0%,5.43,4.14,3.57,3.86,3.14,4.14,3.57,3.29,3.57,3.86
2025,Fall,College of Fine Arts,ART,60376,A,"CHISNELL, JILL",CS ART OF ARCHIVE,Undergraduate,12,4,33.3%,4.25,4.25,4.00,4.25,4.25,4.00,4.00,5.00,4.00,4.00
2025,Fall,College of Fine Arts,ART,60379,A,"BECK, KIMBERLY",CS: ARTISTS WRITING,Undergraduate,11,3,27.3%,6.00,5.00,4.00,3.67,4.33,4.67,4.00,5.00,4.33,4.67
2025,Fall,College of Fine Arts,ART,60390,A,"KIM, JONGWOO",CS SUPER PARANORMAL,Undergraduate,14,5,35.7%,6.20,4.80,4.60,4.40,4.20,4.60,4.60,5.00,4.60,4.60
2025,Fall,College of Fine Arts,ART,60391,A,"KIM, JONGWOO",CS: KOREAN FLICKS,Undergraduate,14,5,35.7%,5.60,5.00,4.80,4.40,4.60,4.40,4.40,4.80,4.60,4.60
2025,Fall,College of Fine Arts,ART,60414,A,"WOLFE, JAMIE",ADV HAND-DRAWN ANIM,Undergraduate,12,8,66.7%,9.88,5.00,4.88,4.88,4.88,4.88,4.75,5.00,5.00,4.88
2025,Fall,College of Fine Arts,ART,60415,A,"KIM, SUJIN",ADV ETB: ANIMATION,Undergraduate,13,9,69.2%,12.33,4.56,4.22,4.33,4.22,4.22,4.22,4.67,4.33,4.22
2025,Fall,College of Fine Arts,ART,60427,A,"PELL, RICHARD",ADV ETB: OPEN STUDIO,Undergraduate,11,4,36.4%,12.50,5.00,4.25,4.25,5.00,4.75,4.50,5.00,4.50,4.50
2025,Fall,College of Fine Arts,ART,60428,A,"LEVIN, GOLAN",DRAWING W/ MACHINES,Undergraduate,15,7,46.7%,12.43,5.00,5.00,4.86,4.86,4.86,4.86,5.00,5.00,5.00
2025,Fall,College of Fine Arts,ART,60430,A,"TOURE, MARVIN",ADV SIS: OPN SCULPT,Undergraduate,12,7,58.3%,10.14,4.86,4.86,4.57,4.71,4.71,4.43,5.00,4.86,4.57
2025,Fall,College of Fine Arts,ART,60434,A,"TANCRED, SARAH",ADV CERAMICS,Undergraduate,8,1,12.5%,8.00,5.00,5.00,5.00,5.00,5.00,5.00,5.00,5.00,5.00
2025,Fall,College of Fine Arts,ART,60441,A,"RANSOM, BRITT",ADV SIS: SPECIAL TOP,Undergraduate,14,6,42.9%,11.00,5.00,4.50,4.83,4.33,4.67,4.83,5.00,4.83,4.17
2025,Fall,College of Fine Arts,ART,60443,A,"DZEGEDE, ADDOLEY",ADV SIS: SPECIAL TPC,Undergraduate,10,7,70.0%,13.29,5.00,4.86,5.00,4.43,4.86,4.86,4.86,5.00,5.00
2025,Fall,College of Fine Arts,ART,60445,A,"BOYLE, JAMIE",ADV SIS: WEAVING,Undergraduate,8,3,37.5%,9.00,5.00,4.67,4.33,4.67,4.67,5.00,5.00,5.00,5.00
2025,Fall,College of Fine Arts,ART,60453,A,"WILLIAMS, London",ADV DP3 OPEN PAINT,Undergraduate,13,4,30.8%,15.00,3.75,4.00,4.00,3.75,3.25,3.75,3.75,3.50,4.00
2025,Fall,College of Fine Arts,ART,60453,B,"MULLINS, PAUL",ADV DP3 OPEN PAINT,Undergraduate,16,4,25.0%,9.50,5.00,5.00,5.00,5.00,5.00,5.00,5.00,5.00,5.00
2025,Fall,College of Fine Arts,ART,60469,A,"PETRUZZI, JOHN",WATERCOLOR & NATURE,Undergraduate,14,6,42.9%,10.50,4.83,4.67,4.83,4.67,5.00,4.67,5.00,4.83,5.00
2025,Fall,College of Fine Arts,ART,60473,A,"YEH, IMIN",ADV DP3 SP TOPIC,Undergraduate,16,6,37.5%,8.50,5.00,4.67,4.67,4.67,4.83,5.00,5.00,4.83,4.67
2025,Fall,College of Fine Arts,ART,60474,A,"BECK, KIMBERLY",PHOTOBOOK,Undergraduate,5,3,60.0%,12.00,3.33,2.67,3.00,3.67,3.33,3.33,3.67,3.33,3.00
2025,Fall,College of Fine Arts,ART,60479,A,"RAY, SHARMISTHA",SPIRITUAL ABSTRACTIN,Undergraduate,14,12,85.7%,12.25,4.58,4.58,4.58,4.58,4.75,4.67,4.83,4.75,4.83
2025,Fall,College of Fine Arts,ART,60492,A,"RUBIN, JON",ADV SOCIAL PRACTICE,Undergraduate,5,2,40.0%,8.00,4.50,4.00,4.50,4.00,5.00,4.50,4.50,4.50,4.50
2025,Fall,College of Fine Arts,ART,60499,G,"BARROIS, LYNDON",STDIO INDEPNDNT STDY,Undergraduate,2,0,0.0%,,,,,,,,,,
2025,Fall,College of Fine Arts,ART,60701,A,"DUNN, ANDREW",MFA CRIT STUDIES I,Graduate,11,2,18.2%,9.50,5.00,5.00,5.00,5.00,5.00,5.00,5.00,5.00,5.00
2025,Fall,College of Fine Arts,ART,60713,A,"DUNN, ANDREW",MFA THESIS II,Graduate,3,1,33.3%,11.00,5.00,5.00,5.00,5.00,5.00,5.00,5.00,5.00,5.00
2025,Fall,College of Fine Arts,ART,60714,A,"CHODOS, ELIZABETH",MFA EXHIBITION,Graduate,3,1,33.3%,8.00,5.00,5.00,5.00,5.00,5.00,5.00,5.00,5.00,5.00
2025,Fall,College of Fine Arts,ART,60728,A,"LEVIN, GOLAN",DRAWING W/ MACHINES,Graduate,4,4,100.0%,11.00,4.75,5.00,5.00,4.75,5.00,5.00,5.00,5.00,5.00
2025,Fall,College of Fine Arts,ART,60791,A,"BARROIS, LYNDON",MFA INTEGRATIVE SEM,Graduate,14,3,21.4%,13.00,5.00,4.67,4.67,5.00,5.00,4.67,5.00,5.00,5.00
2025,Fall,Carnegie Institute of Technology,BMD,42101,A,"ABBOTT, ROSALYN",INTRODUCTION BIOMED,Undergraduate,77,34,44.2%,5.97,4.76,4.65,4.62,4.38,4.79,4.47,4.85,4.50,4.62
2025,Fall,Carnegie Institute of Technology,BMD,42201,A,"ZAPANTA, CONRAD",PRO ISSUES IN BIOMED,Undergraduate,41,28,68.3%,2.11,4.79,4.79,4.79,4.29,4.71,4.71,4.82,4.75,4.57
2025,Fall,Carnegie Institute of Technology,BMD,42202,A,"CAMPBELL, PHIL",PHYSIOLOGY,Undergraduate,60,33,55.0%,6.91,4.64,4.73,4.64,4.12,4.67,4.45,4.73,4.64,4.42
2025,Fall,Carnegie Institute of Technology,BMD,42203,A,"PALCHESKO, RACHELLE",BIOMED ENG LAB,Undergraduate,19,11,57.9%,5.00,4.82,4.73,4.73,4.82,4.80,4.73,5.00,4.82,4.82
2025,Fall,Carnegie Institute of Technology,BMD,42203,B,"PALCHESKO, RACHELLE",BIOMED ENG LAB,Undergraduate,23,12,52.2%,5.75,4.92,4.92,4.92,5.00,5.00,5.00,5.00,5.00,4.92
2025,Fall,Carnegie Institute of Technology,BMD,42302,A,"CHALACHEVA, PATJANAPORN",BIOMED EN SY MD ANLY,Undergraduate,9,6,66.7%,7.00,4.17,4.00,3.83,3.17,3.83,4.00,4.17,3.83,4.00
2025,Fall,Carnegie Institute of Technology,BMD,42302,B,"CHALACHEVA, PATJANAPORN",BIOMED EN SY MD ANLY,Undergraduate,24,11,45.8%,6.64,3.82,3.82,3.91,3.64,4.09,3.73,4.36,3.82,4.00
2025,Fall,Carnegie Institute of Technology,BMD,42401,A,"BIERYLA, KATIE",FNDTN OF BME DESIGN,Undergraduate,64,37,57.8%,7.19,3.62,3.35,3.65,4.03,3.86,3.49,3.62,3.38,3.38
2025,Fall,Carnegie Institute of Technology,BMD,42444,A,"CHENG, BOYLE",MEDICAL DEVICES,Undergraduate,16,8,50.0%,7.63,3.88,3.75,3.75,3.50,4.50,3.38,4.25,3.63,3.50
2025,Fall,Carnegie Institute of Technology,BMD,42612,A,"PALCHESKO, RACHELLE",TISSUE ENG,Graduate,18,9,50.0%,9.00,4.67,4.56,4.44,4.78,4.78,4.44,4.67,4.56,4.56
2025,Fall,Carnegie Institute of Technology,BMD,42620,A,"REN, CHARLIE",ENG MLC CELL BIOLOGY,Graduate,40,21,52.5%,9.57,4.71,4.62,4.76,4.43,4.76,4.48,4.95,4.57,4.57
2025,Fall,Carnegie Institute of Technology,BMD,42630,A,"SMITH, MATTHEW",INTRO NEURAL ENG,Graduate,30,18,60.0%,10.56,4.50,4.50,4.50,4.56,4.72,4.39,4.67,4.61,4.56
2025,Fall,Carnegie Institute of Technology,BMD,42631,A,"CHASE, STEVEN",NEURAL DATA ANALYS,Graduate,15,6,40.0%,11.17,4.33,4.17,4.33,4.00,4.50,4.50,4.67,4.33,4.00
2025,Fall,Carnegie Institute of Technology,BMD,42633,A,"HE, BIN",BRAIN-COMP INTER,Graduate,35,24,68.6%,9.29,4.63,4.50,4.67,4.38,4.92,4.67,4.88,4.67,4.46
2025,Fall,Carnegie Institute of Technology,BMD,42640,A,"ZHANG, JESSICA",IMG-BAS COMP MDL ANA,Graduate,26,17,65.4%,8.35,4.82,4.71,4.76,4.94,4.88,4.82,5.00,4.76,4.71
2025,Fall,Carnegie Institute of Technology,BMD,42649,A,"MOORE, AXEL",INTRO BIOMECHANICS,Graduate,23,23,100.0%,8.78,4.74,4.39,4.36,4.55,4.68,4.52,4.96,4.52,4.43
2025,Fall,Carnegie Institute of Technology,BMD,42651,A,"WOOD, SOSSENA",FUND MRI NEURO ANALY,Graduate,14,10,71.4%,13.00,4.60,3.40,3.60,3.90,4.10,3.90,5.00,3.80,3.60
2025,Fall,Carnegie Institute of Technology,BMD,42656,A,"CHALACHEVA, PATJANAPORN",INTRO BME ML,Graduate,33,17,51.5%,10.71,4.53,4.59,4.65,4.41,4.53,4.59,4.82,4.53,4.53
2025,Fall,Carnegie Institute of Technology,BMD,42660,A,"ZHENG, SIYANG",BIOINSTRU,Graduate,12,7,58.3%,12.00,4.43,4.29,4.43,4.29,4.14,3.71,4.86,3.71,3.71
2025,Fall,Carnegie Institute of Technology,BMD,42664,A,"ZHENG, SIYANG",MICRO/NANO BIOMED DV,Graduate,18,14,77.8%,9.93,3.79,3.43,3.71,3.14,3.86,3.64,4.43,3.50,3.50
2025,Fall,Carnegie Institute of Technology,BMD,42675,A,"SZAFRON, JASON",FUND OF COMP BIOMED,Graduate,30,22,73.3%,11.05,4.82,4.77,4.73,4.64,4.73,4.64,4.86,4.82,4.50
2025,Fall,Carnegie Institute of Technology,BMD,42691,A,"HALILAJ, ENI",BIO HUMAN MOVEMENT,Graduate,3,3,100.0%,11.00,4.33,3.67,4.00,4.33,5.00,5.00,4.33,4.00,4.00
2025,Fall,Carnegie Institute of Technology,BMD,42692,A,"TAYLOR, REBECCA",ST: NANO MFG DNA TCH,Graduate,13,7,53.8%,9.71,4.29,3.86,4.00,3.71,4.14,3.71,4.71,3.86,4.29
2025,Fall,Carnegie Institute of Technology,BMD,42702,A,"CAMPBELL, PHIL",ADV PHYSIOLOGY,Graduate,76,57,75.0%,9.26,4.70,4.67,4.72,4.51,4.79,4.75,4.91,4.74,4.63
2025,Fall,Carnegie Institute of Technology,BMD,42722,A,"Robinson, Anne",BIOPROCESS DESIGN,Graduate,14,8,57.1%,8.75,3.25,3.00,3.13,2.88,3.63,2.88,4.38,2.75,2.63
2025,Fall,Carnegie Institute of Technology,BMD,42744,A,"CHENG, BOYLE",MEDICAL DEVICES,Graduate,19,10,52.6%,9.80,4.00,3.20,3.50,2.90,4.20,3.40,4.60,3.50,3.60
2025,Fall,Carnegie Institute of Technology,BMD,42781,A,"ZAPANTA, CONRAD",PRO ISSUES IN BIOMED,Graduate,11,5,45.5%,3.80,4.60,4.40,4.60,4.20,4.40,4.20,5.00,4.40,4.40
2025,Fall,Carnegie Institute of Technology,BMD,42782,A,"CHALACHEVA, PATJANAPORN",BIOMED EN SY MD ANLY,Graduate,2,1,50.0%,8.00,5.00,5.00,5.00,5.00,5.00,5.00,5.00,5.00,5.00
2025,Fall,Carnegie Institute of Technology,BMD,42782,B,"CHALACHEVA, PATJANAPORN",BIOMED EN SY MD ANLY,Graduate,5,2,40.0%,6.50,5.00,5.00,5.00,4.50,5.00,5.00,5.00,5.00,4.50
2025,Fall,Carnegie Institute of Technology,BMD,42793,A,"CHALACHEVA, PATJANAPORN",BME PT INTERNSHIP,Graduate,5,0,0.0%,,,,,,,,,,
2025,Fall,Carnegie Institute of Technology,BMD,42880,A,"PALCHESKO, RACHELLE",BIOMATERIALS,Graduate,8,3,37.5%,9.00,5.00,5.00,5.00,5.00,5.00,5.00,5.00,5.00,5.00
2025,Fall,Mellon College of Science,BSC,03117,1,"DOONAN, LYNLEY",DISCOVERY IN BIO SCI,Undergraduate,15,15,100.0%,5.60,4.53,4.60,4.57,4.40,4.80,4.73,4.20,4.53,4.87
2025,Fall,Mellon College of Science,BSC,03117,1,"Willard, Amanda",DISCOVERY IN BIO SCI,Undergraduate,15,15,100.0%,5.60,5.00,4.93,4.93,4.87,4.93,5.00,5.00,5.00,5.00
2025,Fall,Mellon College of Science,BSC,03120,W1,"MCGUIER, NATALIE",BIO FOR LIFE MINI,Undergraduate,5,1,20.0%,5.00,4.00,3.00,3.00,2.00,5.00,3.00,5.00,2.00,3.00
2025,Fall,Mellon College of Science,BSC,03120,12,"MCGUIER, NATALIE",BIO FOR LIFE MINI,Undergraduate,2,1,50.0%,8.00,4.00,4.00,4.00,5.00,4.00,4.00,4.00,4.00,4.00
2025,Fall,Mellon College of Science,BSC,03121,B,"LINSTEDT, ADAM",MODERN BIOLOGY,Undergraduate,112,49,43.8%,9.08,4.18,3.50,3.51,3.39,3.78,3.65,4.33,3.35,3.33
2025,Fall,Mellon College of Science,BSC,03121,B,"WONG-NOONAN, STEPHANIE",MODERN BIOLOGY,Undergraduate,112,49,43.8%,7.33,4.40,4.31,4.35,4.02,4.50,4.33,4.69,4.33,4.02
2025,Fall,Mellon College of Science,BSC,03121,A,"WISNIEWSKI, BRETT",MODERN BIOLOGY,Undergraduate,63,33,52.4%,7.38,4.66,4.66,4.63,4.44,4.66,4.63,4.78,4.66,4.59
2025,Fall,Mellon College of Science,BSC,03124,1,"WISNIEWSKI, BRETT",MODERN BIOLOGY LAB,Undergraduate,17,4,23.5%,13.50,4.25,4.50,4.75,4.75,4.50,4.50,4.25,4.50,3.75
2025,Fall,Mellon College of Science,BSC,03124,1,"LAPERUTA, AMBER",MODERN BIOLOGY LAB,Undergraduate,17,4,23.5%,13.50,5.00,4.75,4.75,4.50,4.75,4.50,4.50,4.75,3.75
2025,Fall,Mellon College of Science,BSC,03125,A,"LAPERUTA, AMBER",EVOLTN,Undergraduate,69,22,31.9%,7.23,4.45,4.55,4.64,4.00,4.55,4.50,4.64,4.55,4.50
2025,Fall,Mellon College of Science,BSC,03125,W,"BOUAOUINA, MOHAMED",EVOLTN,Undergraduate,24,11,45.8%,7.45,4.45,4.09,4.27,4.18,4.18,4.27,4.36,4.09,3.91
2025,Fall,Mellon College of Science,BSC,03135,A,"DANTONIO, JASON",STR & FCT HUMAN BODY,Undergraduate,75,38,50.7%,4.76,4.79,4.82,4.79,4.68,4.89,4.76,4.84,4.74,4.76
2025,Fall,Mellon College of Science,BSC,03140,A,"LINSTEDT, ADAM",ECO & ENVRNMNTL SCI,Undergraduate,28,24,85.7%,4.88,4.50,4.33,4.46,4.21,4.46,4.42,4.58,4.46,4.38
2025,Fall,Mellon College of Science,BSC,03140,A,"ARMBRUSTER, CATHERINE",ECO & ENVRNMNTL SCI,Undergraduate,28,24,85.7%,4.88,4.88,4.63,4.63,4.33,4.75,4.88,4.88,4.67,4.46
2025,Fall,Mellon College of Science,BSC,03151,1,"BRIDGES, DREW",HONORS MOD BIOLOGY,Undergraduate,49,29,59.2%,10.55,3.97,3.79,3.93,3.52,4.34,4.07,4.48,3.72,3.69
2025,Fall,Mellon College of Science,BSC,03151,2,"AFFARA, NESRINE",HONORS MOD BIOLOGY,Undergraduate,18,15,83.3%,14.53,4.40,4.33,4.20,4.00,4.33,4.13,4.67,4.07,3.67
2025,Fall,Mellon College of Science,BSC,03201,W,"YOUNIS, IHAB",UNDGRAD COLLQM SOPHM,Undergraduate,16,8,50.0%,2.00,5.00,4.75,4.88,4.75,4.75,4.63,4.88,4.75,4.50
2025,Fall,Mellon College of Science,BSC,03201,A,"Willard, Amanda",UNDGRAD COLLQM SOPHM,Undergraduate,44,20,45.5%,2.00,4.95,5.00,5.00,4.90,4.90,4.90,5.00,5.00,4.85
2025,Fall,Mellon College of Science,BSC,03220,1,"WONG-NOONAN, STEPHANIE",GENETICS,Undergraduate,67,24,35.8%,8.00,4.46,4.46,4.38,4.00,4.26,4.50,4.67,4.42,4.42
2025,Fall,Mellon College of Science,BSC,03220,1,"MCMANUS, JOEL",GENETICS,Undergraduate,67,24,35.8%,8.00,4.25,4.29,4.29,3.67,4.33,3.67,4.79,3.88,4.04
2025,Fall,Mellon College of Science,BSC,03230,2,"AFFARA, NESRINE",INTRO MAMMALIAN PHYS,Undergraduate,9,8,88.9%,9.13,4.75,4.38,4.13,4.00,4.50,4.13,4.88,4.50,4.38
2025,Fall,Mellon College of Science,BSC,03231,2,"NAIK, ADVITI",HONORS BIOCHEMISTRY,Undergraduate,16,15,93.8%,10.80,4.73,4.67,4.67,4.80,4.67,4.73,4.93,4.73,4.47
2025,Fall,Mellon College of Science,BSC,03301,A,"Willard, Amanda",UNDGRAD COLLQM JUNR,Undergraduate,10,4,40.0%,2.00,5.00,5.00,5.00,5.00,5.00,5.00,5.00,5.00,5.00
2025,Fall,Mellon College of Science,BSC,03320,A,"MCCARTNEY, BROOKE",CELL BIOLOGY,Undergraduate,61,31,50.8%,13.23,4.00,3.61,3.74,3.16,3.94,3.55,4.13,3.45,3.10
2025,Fall,Mellon College of Science,BSC,03343,1,"DOONAN, CARRIE",EXP TECHN MOL BIOLGY,Undergraduate,55,29,52.7%,18.44,4.72,4.36,4.48,4.20,4.60,4.40,4.88,4.52,4.00
2025,Fall,Mellon College of Science,BSC,03343,1,"DOONAN, LYNLEY",EXP TECHN MOL BIOLGY,Undergraduate,55,29,52.7%,18.04,4.54,4.15,4.35,3.88,4.27,4.31,4.50,4.17,4.23
2025,Fall,Mellon College of Science,BSC,03343,1,"DRILL, EMILY",EXP TECHN MOL BIOLGY,Undergraduate,55,29,52.7%,17.96,4.83,4.75,4.79,4.67,4.63,4.78,4.96,4.74,4.42
2025,Fall,Mellon College of Science,BSC,03343,2,"MAJEED, YASSER",EXP TECHN MOL BIOLGY,Undergraduate,9,6,66.7%,16.67,4.83,5.00,5.00,5.00,4.83,4.50,5.00,4.50,4.83
2025,Fall,Mellon College of Science,BSC,03350,W,"BOUAOUINA, MOHAMED",DEVELOPMNTL BIOLOGY,Undergraduate,4,3,75.0%,8.00,5.00,5.00,5.00,5.00,5.00,5.00,5.00,4.67,5.00
2025,Fall,Mellon College of Science,BSC,03362,A,"GITTIS, ARYN",CELLULAR NEUROSCIENC,Undergraduate,39,22,56.4%,7.77,4.29,4.24,4.38,4.10,4.57,4.38,4.38,4.33,4.14
2025,Fall,Mellon College of Science,BSC,03365,W,"MCGUIER, NATALIE",NEURAL CORR. LRN MEM,Undergraduate,9,1,11.1%,11.00,5.00,5.00,5.00,4.00,5.00,4.00,5.00,4.00,4.00
2025,Fall,Mellon College of Science,BSC,03365,A,"MCGUIER, NATALIE",NEURAL CORR. LRN MEM,Undergraduate,19,8,42.1%,6.13,4.75,4.75,4.75,4.50,4.63,4.50,4.88,4.75,4.63
2025,Fall,Mellon College of Science,BSC,03380,W,"YOUNIS, IHAB",VIROLOGY,Undergraduate,12,4,33.3%,7.25,5.00,5.00,5.00,4.75,4.75,5.00,5.00,5.00,5.00
2025,Fall,Mellon College of Science,BSC,03401,A,"Willard, Amanda",UNDGRAD COLLQM SENRS,Undergraduate,21,6,28.6%,2.00,5.00,5.00,5.00,5.00,5.00,5.00,5.00,5.00,4.83
2025,Fall,Mellon College of Science,BSC,03435,A,"DANTONIO, JASON",CANCER BIOLOGY,Undergraduate,10,7,70.0%,7.57,4.71,4.57,4.57,4.57,4.71,4.57,4.57,4.57,4.43
2025,Fall,Mellon College of Science,BSC,03442,A,"WOOLFORD, JOHN",MOLECULAR BIOLOGY,Undergraduate,22,9,40.9%,6.67,5.00,4.22,4.78,4.67,5.00,4.56,5.00,4.67,4.67
2025,Fall,Mellon College of Science,BSC,03451,A,"ETTENSOHN, CHARLES",ADV DEV BIO HUM HLTH,Undergraduate,3,2,66.7%,11.00,4.00,4.50,4.50,3.00,4.50,5.00,4.00,4.00,4.00
2025,Fall,Mellon College of Science,BSC,03451,A,"MCCARTNEY, BROOKE",ADV DEV BIO HUM HLTH,Undergraduate,3,2,66.7%,11.00,4.00,4.50,4.50,3.50,5.00,5.00,4.00,4.00,3.50
2025,Fall,Mellon College of Science,BSC,03604,A,"BRASIER, DJ",PROFESSIONAL SKILLS,Graduate,41,30,73.2%,4.40,4.93,4.83,4.87,4.93,4.83,4.80,4.97,4.90,4.83
2025,Fall,Mellon College of Science,BSC,03604,B,"BRASIER, DJ",PROFESSIONAL SKILLS,Graduate,38,22,57.9%,3.09,4.68,4.64,4.68,4.68,4.55,4.73,4.68,4.55,4.36
2025,Fall,Mellon College of Science,BSC,03604,B,"DEBLASIO, DAN",PROFESSIONAL SKILLS,Graduate,38,22,57.9%,3.09,4.18,4.27,4.41,4.36,4.45,4.41,4.36,4.18,4.18
2025,Fall,Mellon College of Science,BSC,03622,1,"WISNIEWSKI, BRETT",MODERN BIO,Graduate,2,1,50.0%,8.00,5.00,5.00,5.00,5.00,5.00,5.00,5.00,5.00,5.00
2025,Fall,Mellon College of Science,BSC,03622,1,"BRASIER, DJ",MODERN BIO,Graduate,2,1,50.0%,8.00,5.00,5.00,5.00,5.00,5.00,5.00,5.00,5.00,5.00
2025,Fall,Mellon College of Science,BSC,03642,A,"WOOLFORD, JOHN",GRAD MOL BIOLOGY,Graduate,6,5,83.3%,7.40,5.00,5.00,5.00,5.00,5.00,5.00,5.00,5.00,5.00
2025,Fall,Mellon College of Science,BSC,03642,A,"HENNINGER, JONATHAN",GRAD MOL BIOLOGY,Graduate,6,5,83.3%,7.40,5.00,5.00,5.00,5.00,5.00,5.00,5.00,5.00,5.00
2025,Fall,Mellon College of Science,BSC,03662,A,"GITTIS, ARYN",GRAD CELL NEURO,Graduate,8,7,87.5%,11.43,4.71,4.57,4.71,4.29,4.57,4.43,4.43,4.57,4.71
2025,Fall,Mellon College of Science,BSC,03701,11,"CAI, EN",PRACTICL COMPUTING,Graduate,49,32,65.3%,9.69,4.13,4.00,3.97,4.06,4.13,3.88,4.81,3.81,3.94
2025,Fall,Mellon College of Science,BSC,03701,A1,"CAI, EN",PRACTICL COMPUTING,Graduate,49,22,44.9%,8.82,4.27,4.09,4.09,3.95,4.05,4.14,4.73,3.95,3.95
2025,Fall,Mellon College of Science,BSC,03702,12,"CAI, EN",STAT ANALYSIS BSC,Graduate,42,27,64.3%,7.22,4.26,4.33,4.30,4.04,4.30,4.04,4.48,4.15,4.04
2025,Fall,Mellon College of Science,BSC,03709,A,"BRASIER, DJ",APP CELL MOLC BIOLGY,Graduate,46,41,89.1%,11.44,4.80,4.73,4.78,4.80,4.76,4.73,4.88,4.66,4.61
2025,Fall,Mellon College of Science,BSC,03709,A,"WONG-NOONAN, STEPHANIE",APP CELL MOLC BIOLGY,Graduate,46,41,89.1%,11.34,4.88,4.88,4.85,4.80,4.83,4.78,4.90,4.78,4.71
2025,Fall,Mellon College of Science,BSC,03711,A,"DURAND, M",GENOMICS & MOLEC BIO,Graduate,18,15,83.3%,11.40,4.80,4.80,4.80,4.73,4.80,4.80,4.87,4.73,4.60
2025,Fall,Mellon College of Science,BSC,03742,1,"WOOLFORD, JOHN",ADV MOLECULAR BIO,Graduate,9,7,77.8%,9.29,5.00,4.86,4.86,5.00,5.00,4.86,5.00,5.00,4.86
2025,Fall,Mellon College of Science,BSC,03747,A,"BARTH, ALISON",PPSL PREP PEER REV,Graduate,12,6,50.0%,6.50,4.50,3.83,4.50,4.83,4.50,4.33,4.17,4.50,4.17
2025,Fall,Mellon College of Science,BSC,03751,A,"MCCARTNEY, BROOKE",ADV DEV BIO HUM HLTH,Graduate,3,3,100.0%,9.00,4.67,5.00,4.67,4.67,4.67,5.00,5.00,5.00,5.00
2025,Fall,Mellon College of Science,BSC,03751,A,"ETTENSOHN, CHARLES",ADV DEV BIO HUM HLTH,Graduate,3,3,100.0%,9.00,5.00,5.00,4.67,4.67,4.67,5.00,5.00,5.00,5.00
2025,Fall,Mellon College of Science,BSC,03757,A,"ZHANG, HUAIYING",SPECIAL TOPICS,Graduate,57,44,77.2%,7.25,4.89,4.86,4.86,4.84,4.95,4.89,4.93,4.89,4.91
2025,Fall,Mellon College of Science,BSC,03758,12,"MCGUIER, NATALIE",SPECIAL TOPICS,Graduate,10,7,70.0%,10.71,4.43,4.57,4.57,4.43,4.71,4.57,4.71,4.57,4.14
2025,Fall,Mellon College of Science,BSC,03762,1,"GITTIS, ARYN",ADV CELLULAR NEUROSC,Graduate,13,11,84.6%,7.45,4.91,5.00,4.91,4.91,5.00,5.00,4.91,4.91,4.82
2025,Fall,Tepper School of Business,BUS,45700,A1,"SUDBURY, AUSTIN",FINCL MANGL ACCTNG I,Graduate,72,34,47.2%,8.53,4.32,4.32,4.44,4.12,4.50,4.24,4.65,4.29,4.18
2025,Fall,Tepper School of Business,BUS,45700,B1,"SUDBURY, AUSTIN",FINCL MANGL ACCTNG I,Graduate,42,20,47.6%,9.50,4.45,4.30,4.45,4.15,4.35,4.11,4.79,4.00,4.05
2025,Fall,Tepper School of Business,BUS,45700,C1,"SUDBURY, AUSTIN",FINCL MANGL ACCTNG I,Graduate,63,39,61.9%,9.38,4.41,4.26,4.31,4.00,4.54,4.03,4.77,4.13,3.97
2025,Fall,Tepper School of Business,BUS,45700,M2,"LIANG, JINGHONG",FINCL MANGL ACCTNG I,Graduate,31,17,54.8%,9.24,4.18,2.94,2.88,3.24,3.94,2.65,4.88,2.59,2.71
2025,Fall,Tepper School of Business,BUS,45700,O2,"LIANG, JINGHONG",FINCL MANGL ACCTNG I,Graduate,24,8,33.3%,9.50,4.38,3.25,3.38,3.75,4.25,3.38,4.75,3.38,3.38
2025,Fall,Tepper School of Business,BUS,45700,P2,"LIANG, JINGHONG",FINCL MANGL ACCTNG I,Graduate,27,15,55.6%,9.20,4.40,3.07,3.13,3.13,3.93,2.53,4.67,2.93,2.87
2025,Fall,Tepper School of Business,BUS,45701,B2,"SUDBURY, AUSTIN",FINL MANGL ACCNTG II,Graduate,72,30,41.7%,9.57,3.93,3.93,4.00,3.53,4.03,3.83,4.50,3.60,3.53
2025,Fall,Tepper School of Business,BUS,45701,C2,"SUDBURY, AUSTIN",FINL MANGL ACCNTG II,Graduate,69,28,40.6%,8.64,4.36,4.21,4.11,4.00,4.32,3.86,4.79,4.07,3.82
2025,Fall,Tepper School of Business,BUS,45705,M,"SUDBURY, AUSTIN",FUNDAMENTALS OF BUS,Graduate,16,6,37.5%,7.40,4.60,4.80,4.60,4.20,4.80,4.80,4.80,4.80,4.80
2025,Fall,Tepper School of Business,BUS,45705,M,"KUEHN, LARS-ALEXANDER",FUNDAMENTALS OF BUS,Graduate,16,6,37.5%,5.60,4.40,4.60,4.60,4.20,4.60,4.60,4.80,4.60,4.67
2025,Fall,Tepper School of Business,BUS,45705,M,"GALAK, JEFFREY",FUNDAMENTALS OF BUS,Graduate,16,6,37.5%,7.00,4.83,4.83,4.83,4.50,4.83,4.83,5.00,4.83,4.67
2025,Fall,Tepper School of Business,BUS,45706,M2,"SAEEDI, MARYAM",DATA DRIVEN DEC. MK,Graduate,16,5,31.3%,7.40,4.80,4.40,4.60,4.60,4.20,4.20,4.60,4.20,4.20
2025,Fall,Tepper School of Business,BUS,45710,M2,"GASPER, JOHN",MANGERL ECONOMCS,Graduate,34,16,47.1%,9.31,4.94,4.88,4.81,4.56,4.88,4.69,4.88,4.69,4.75
2025,Fall,Tepper School of Business,BUS,45710,O2,"GASPER, JOHN",MANGERL ECONOMCS,Graduate,26,9,34.6%,12.56,4.67,4.78,4.89,4.11,4.67,4.22,4.78,4.78,4.56
2025,Fall,Tepper School of Business,BUS,45710,P2,"GASPER, JOHN",MANGERL ECONOMCS,Graduate,28,16,57.1%,10.50,4.50,4.63,4.81,4.00,4.75,4.50,4.81,4.44,4.44
2025,Fall,Tepper School of Business,BUS,45720,M1,"ALBERTUS, JAMES",FINANCE I,Graduate,27,18,66.7%,6.50,4.72,4.94,4.83,4.44,4.78,4.89,4.94,4.72,4.61
2025,Fall,Tepper School of Business,BUS,45720,O1,"ALBERTUS, JAMES",FINANCE I,Graduate,28,19,67.9%,6.42,4.37,4.47,4.47,4.26,4.16,4.37,4.89,4.32,4.26
2025,Fall,Tepper School of Business,BUS,45720,P1,"ALBERTUS, JAMES",FINANCE I,Graduate,26,22,84.6%,6.09,4.55,4.77,4.73,4.59,4.64,4.64,4.86,4.64,4.68
2025,Fall,Tepper School of Business,BUS,45720,A1,"TELMER, CHRIS",FINANCE I,Graduate,66,42,63.6%,10.05,4.79,4.69,4.67,4.52,4.88,4.67,4.90,4.69,4.71
2025,Fall,Tepper School of Business,BUS,45720,B1,"TELMER, CHRIS",FINANCE I,Graduate,71,37,52.1%,8.81,4.73,4.65,4.73,4.57,4.78,4.54,4.81,4.62,4.54
2025,Fall,Tepper School of Business,BUS,45720,C1,"TELMER, CHRIS",FINANCE I,Graduate,40,18,45.0%,8.50,4.72,4.78,4.72,4.50,4.72,4.78,4.83,4.44,4.61
2025,Fall,Tepper School of Business,BUS,45730,M1,"BOATWRIGHT, PETER",MARKETG MANGEMNT,Graduate,39,35,89.7%,5.69,4.80,4.63,4.80,4.46,4.80,4.74,4.89,4.69,4.60
2025,Fall,Tepper School of Business,BUS,45730,O1,"BOATWRIGHT, PETER",MARKETG MANGEMNT,Graduate,47,42,89.4%,6.07,4.50,4.43,4.38,4.12,4.60,4.45,4.71,4.33,4.29
2025,Fall,Tepper School of Business,BUS,45730,A2,"SRINIVASAN, KANNAN",MARKETG MANGEMNT,Graduate,64,19,29.7%,7.37,4.11,3.74,3.74,3.53,4.00,3.63,4.37,3.47,3.42
2025,Fall,Tepper School of Business,BUS,45730,B2,"SRINIVASAN, KANNAN",MARKETG MANGEMNT,Graduate,62,23,37.1%,7.78,3.83,3.65,3.52,3.22,3.43,3.30,4.04,3.22,3.17
2025,Fall,Tepper School of Business,BUS,45730,C2,"SRINIVASAN, KANNAN",MARKETG MANGEMNT,Graduate,50,26,52.0%,7.88,4.12,3.35,3.27,3.38,4.15,3.65,4.31,3.54,3.50
2025,Fall,Tepper School of Business,BUS,45740,A1,"COHEN, TAYA",MANGNG PEOPLE & TMS,Graduate,49,29,59.2%,6.97,4.21,4.03,4.03,3.72,4.10,4.24,4.69,3.86,3.76
2025,Fall,Tepper School of Business,BUS,45740,B1,"COHEN, TAYA",MANGNG PEOPLE & TMS,Graduate,44,27,61.4%,6.11,4.33,4.15,4.26,3.85,4.15,4.19,4.67,3.81,3.48
2025,Fall,Tepper School of Business,BUS,45740,C1,"COHEN, TAYA",MANGNG PEOPLE & TMS,Graduate,51,29,56.9%,6.45,4.21,3.97,3.93,3.62,4.10,4.17,4.69,3.79,3.76
2025,Fall,Tepper School of Business,BUS,45740,M1,"WOOLLEY, ANITA",MANGNG PEOPLE & TMS,Graduate,36,16,44.4%,6.88,4.38,4.25,4.50,3.75,4.50,4.50,4.63,4.31,4.13
2025,Fall,Tepper School of Business,BUS,45740,O1,"WOOLLEY, ANITA",MANGNG PEOPLE & TMS,Graduate,34,20,58.8%,7.25,4.65,4.40,4.70,3.80,4.75,4.75,4.95,4.55,4.50
2025,Fall,Tepper School of Business,BUS,45740,P1,"WOOLLEY, ANITA",MANGNG PEOPLE & TMS,Graduate,33,21,63.6%,6.43,4.67,4.19,4.57,3.48,4.67,4.81,4.86,4.57,4.57
2025,Fall,Tepper School of Business,BUS,45745,A1,"KIM, TAE WAN",ETHICS & LEADERSHIP,Graduate,42,37,88.1%,6.54,4.65,4.59,4.51,4.16,4.51,4.49,4.81,4.46,4.46
2025,Fall,Tepper School of Business,BUS,45745,B1,"KIM, TAE WAN",ETHICS & LEADERSHIP,Graduate,55,43,78.2%,7.00,4.74,4.53,4.47,4.21,4.51,4.40,4.49,4.48,4.40
2025,Fall,Tepper School of Business,BUS,45745,C1,"KIM, TAE WAN",ETHICS & LEADERSHIP,Graduate,60,46,76.7%,5.78,4.63,4.46,4.59,4.07,4.54,4.43,4.74,4.48,4.33
2025,Fall,Tepper School of Business,BUS,45750,A1,"LI, ANDREW",PROBABLY & STATISCS,Graduate,62,33,53.2%,10.30,4.27,4.39,4.21,3.82,4.15,3.82,4.33,3.88,3.97
2025,Fall,Tepper School of Business,BUS,45750,B1,"LI, ANDREW",PROBABLY & STATISCS,Graduate,69,32,46.4%,9.34,4.09,4.09,3.97,3.71,4.03,3.81,4.41,3.81,3.78
2025,Fall,Tepper School of Business,BUS,45750,C1,"LI, ANDREW",PROBABLY & STATISCS,Graduate,48,30,62.5%,9.43,4.37,4.27,4.17,3.97,4.13,3.97,4.67,4.10,4.03
2025,Fall,Tepper School of Business,BUS,45750,M1,"MOSELEY, BEN",PROBABLY & STATISCS,Graduate,31,11,35.5%,10.73,4.91,4.91,4.82,4.82,4.64,4.64,4.91,4.82,4.55
2025,Fall,Tepper School of Business,BUS,45750,O1,"MOSELEY, BEN",PROBABLY & STATISCS,Graduate,27,16,59.3%,12.38,4.75,4.69,4.81,4.44,4.88,4.63,4.94,4.63,4.75
2025,Fall,Tepper School of Business,BUS,45750,P1,"MOSELEY, BEN",PROBABLY & STATISCS,Graduate,26,17,65.4%,12.00,4.65,4.76,4.88,4.41,4.35,4.41,4.94,4.35,4.12
2025,Fall,Tepper School of Business,BUS,45760,M2,"TAYUR, SRIDHAR",OPERATIONS MANAGEMNT,Graduate,41,19,46.3%,10.84,4.37,4.37,4.37,4.11,4.68,4.42,4.89,4.42,4.16
2025,Fall,Tepper School of Business,BUS,45760,O2,"TAYUR, SRIDHAR",OPERATIONS MANAGEMNT,Graduate,49,18,36.7%,9.67,4.33,4.28,4.28,4.06,4.39,4.39,4.61,4.22,4.06
2025,Fall,Tepper School of Business,BUS,45760,A2,"CHO, SOO-HAENG",OPERATIONS MANAGEMNT,Graduate,54,23,42.6%,9.83,4.61,4.57,4.74,4.43,4.83,4.64,4.70,4.61,4.48
2025,Fall,Tepper School of Business,BUS,45760,B2,"CHO, SOO-HAENG",OPERATIONS MANAGEMNT,Graduate,63,29,46.0%,7.72,4.48,4.34,4.48,3.90,4.69,4.41,4.76,4.31,4.21
2025,Fall,Tepper School of Business,BUS,45760,C2,"CHO, SOO-HAENG",OPERATIONS MANAGEMNT,Graduate,62,32,51.6%,8.41,4.69,4.69,4.78,4.41,4.84,4.53,4.81,4.47,4.47
2025,Fall,Tepper School of Business,BUS,45770,A2,"LEE, SUNKEE",CORPORATE STRATEGY,Graduate,52,27,51.9%,8.78,4.89,4.89,4.81,4.59,4.89,4.81,4.96,4.89,4.78
2025,Fall,Tepper School of Business,BUS,45770,B2,"LEE, SUNKEE",CORPORATE STRATEGY,Graduate,60,20,33.3%,8.60,4.95,4.90,4.90,4.60,4.85,4.85,4.95,4.85,4.85
2025,Fall,Tepper School of Business,BUS,45770,C2,"LEE, SUNKEE",CORPORATE STRATEGY,Graduate,43,24,55.8%,9.79,5.00,4.96,4.96,4.83,5.00,4.92,4.96,4.96,4.96
2025,Fall,Tepper School of Business,BUS,45790,C1,"DEPRETIS, ABBE",MANGMNT PRESNTATIONS,Graduate,25,17,68.0%,9.06,4.94,4.76,4.76,4.76,4.76,4.71,5.00,4.71,4.65
2025,Fall,Tepper School of Business,BUS,45790,D1,"DEPRETIS, ABBE",MANGMNT PRESNTATIONS,Graduate,16,13,81.3%,9.62,4.92,4.69,4.77,4.92,4.85,4.85,5.00,4.92,4.85
2025,Fall,Tepper School of Business,BUS,45790,J1,"CALIENDO, GUILLERMO",MANGMNT PRESNTATIONS,Graduate,13,8,61.5%,6.13,4.63,4.63,4.50,4.50,4.75,4.75,4.38,4.50,4.38
2025,Fall,Tepper School of Business,BUS,45790,K1,"CALIENDO, GUILLERMO",MANGMNT PRESNTATIONS,Graduate,24,16,66.7%,7.44,4.63,4.44,4.63,4.38,4.50,4.25,4.56,4.31,4.44
2025,Fall,Tepper School of Business,BUS,45790,A1,"BEVINS, CARLA",MANGMNT PRESNTATIONS,Graduate,25,22,88.0%,6.91,4.95,4.82,4.82,4.59,4.73,4.64,4.91,4.68,4.73
2025,Fall,Tepper School of Business,BUS,45790,B1,"BEVINS, CARLA",MANGMNT PRESNTATIONS,Graduate,22,17,77.3%,8.88,4.94,4.94,4.88,4.76,4.88,4.82,5.00,4.82,4.82
2025,Fall,Tepper School of Business,BUS,45790,G1,"BURKE, CLARA",MANGMNT PRESNTATIONS,Graduate,20,8,40.0%,6.50,4.63,4.75,4.88,4.50,5.00,4.75,5.00,4.75,4.88
2025,Fall,Tepper School of Business,BUS,45793,A2,"BURKE, CLARA",ERLY CAR PRESTN SKL,Graduate,15,2,13.3%,9.50,4.00,4.50,4.50,3.00,4.50,5.00,4.50,4.00,4.00
2025,Fall,Tepper School of Business,BUS,45793,B2,"BURKE, CLARA",ERLY CAR PRESTN SKL,Graduate,22,10,45.5%,9.90,3.30,2.90,3.40,2.40,3.60,3.30,3.20,3.00,2.90
2025,Fall,Tepper School of Business,BUS,45805,A1,"XU, JJ",LEAN ENTREPSHP,Graduate,24,8,33.3%,7.25,4.25,4.38,4.38,4.50,4.13,4.00,4.25,4.00,3.75
2025,Fall,Tepper School of Business,BUS,45805,M2,"XU, JJ",LEAN ENTREPSHP,Graduate,39,17,43.6%,5.53,4.47,4.12,4.18,3.94,4.65,4.18,4.65,4.06,4.00
2025,Fall,Tepper School of Business,BUS,45807,A1,"GRELLI, ALEX",COMMCLZN & INNV STRG,Graduate,38,24,63.2%,7.00,4.67,4.71,4.71,4.29,4.75,4.58,4.96,4.50,4.46
2025,Fall,Tepper School of Business,BUS,45807,B1,"GRELLI, ALEX",COMMCLZN & INNV STRG,Graduate,17,8,47.1%,5.00,5.00,4.75,4.88,4.88,4.75,4.88,5.00,4.75,4.88
2025,Fall,Tepper School of Business,BUS,45816,A1,"MEYER GRELLI, MEREDITH",ENT. PLAYBOOK,Graduate,44,32,72.7%,7.94,4.88,4.81,4.81,4.72,4.94,4.88,4.94,4.91,4.91
2025,Fall,Tepper School of Business,BUS,45817,E1,"CARIC, LEONARD",ENTREPSHP THRU ACQST,Graduate,40,31,77.5%,7.65,4.90,4.87,4.77,4.65,4.84,4.81,5.00,4.74,4.68
2025,Fall,Tepper School of Business,BUS,45819,A2,"GRELLI, ALEX",FAMILY BUSINESS,Graduate,33,16,48.5%,7.25,4.69,4.81,4.69,4.81,4.94,4.88,5.00,4.69,4.50
2025,Fall,Tepper School of Business,BUS,45820,A1,"KHOKHER, ZEIGHAM",FINANCE II,Graduate,20,11,55.0%,7.73,4.27,4.45,4.36,4.18,4.45,4.73,4.73,4.45,4.36
2025,Fall,Tepper School of Business,BUS,45822,A2,"GLOVER, BRENT",CORP FIN,Graduate,42,29,69.0%,8.72,4.00,3.52,4.03,3.24,4.21,4.21,4.52,3.86,3.76
2025,Fall,Tepper School of Business,BUS,45822,M2,"GLOVER, BRENT",CORP FIN,Graduate,42,19,45.2%,8.37,4.16,3.79,4.00,3.58,4.37,4.32,4.63,4.05,3.89
2025,Fall,Tepper School of Business,BUS,45823,A2,"KHOKHER, ZEIGHAM",OPTIONS,Graduate,15,11,73.3%,6.09,4.55,4.45,4.64,4.45,4.64,4.30,4.90,4.50,4.55
2025,Fall,Tepper School of Business,BUS,45825,A1,"KHOKHER, ZEIGHAM",INTERNATIONAL FINC,Graduate,14,10,71.4%,7.70,4.90,4.80,4.80,4.60,4.90,4.70,5.00,4.70,4.60
2025,Fall,Tepper School of Business,BUS,45825,M1,"KHOKHER, ZEIGHAM",INTERNATIONAL FINC,Graduate,16,7,43.8%,8.00,4.57,4.71,4.43,4.00,4.29,4.14,4.86,4.29,4.00
2025,Fall,Tepper School of Business,BUS,45826,A2,"SPATT, CHESTER",REAL ESTATE,Graduate,33,19,57.6%,5.63,3.68,3.58,3.58,3.32,3.79,3.63,4.42,3.11,3.00
2025,Fall,Tepper School of Business,BUS,45832,A2,"MURPHY, MELISSA",BRAND STRATEGY,Graduate,47,33,70.2%,6.91,4.64,4.55,4.61,4.45,4.64,4.45,4.76,4.52,4.45
2025,Fall,Tepper School of Business,BUS,45833,M2,"BOATWRIGHT, PETER",NEW PRODUCT MANAGEMN,Graduate,49,43,87.8%,5.29,4.48,4.33,4.21,4.26,4.38,4.17,4.83,4.29,4.19
2025,Fall,Tepper School of Business,BUS,45837,A2,"GALAK, JEFFREY",MARKETING & SUS,Graduate,18,10,55.6%,6.20,4.30,4.00,4.10,3.90,4.30,4.40,4.30,4.30,4.00
2025,Fall,Tepper School of Business,BUS,45840,M1,"WEINGART, LAURIE",NEGOTIATIONS,Graduate,32,13,40.6%,7.50,4.92,5.00,4.92,4.67,4.83,4.83,5.00,4.83,4.92
2025,Fall,Tepper School of Business,BUS,45840,O1,"WEINGART, LAURIE",NEGOTIATIONS,Graduate,36,12,33.3%,8.00,4.42,4.42,4.50,3.92,4.50,4.50,4.42,4.33,4.33
2025,Fall,Tepper School of Business,BUS,45840,A1,"SHEA, CATHERINE",NEGOTIATIONS,Graduate,23,19,82.6%,7.37,4.68,4.79,4.79,4.32,4.95,4.79,4.47,4.53,4.63
2025,Fall,Tepper School of Business,BUS,45840,B1,"SHEA, CATHERINE",NEGOTIATIONS,Graduate,22,16,72.7%,6.88,4.81,4.94,4.88,4.50,4.94,4.88,4.56,4.75,4.88
2025,Fall,Tepper School of Business,BUS,45844,M2,"WOOLLEY, ANITA",GLBL DISTRIBUT TEAMS,Graduate,22,8,36.4%,8.75,4.50,3.75,3.88,4.00,4.25,4.25,4.75,4.00,3.75
2025,Fall,Tepper School of Business,BUS,45851,A2,"COLLIER, BENJAMIN",DATA MINING,Graduate,46,35,76.1%,8.77,4.63,4.74,4.77,4.54,4.69,4.83,4.89,4.74,4.77
2025,Fall,Tepper School of Business,BUS,45851,M2,"COLLIER, BENJAMIN",DATA MINING,Graduate,26,20,76.9%,7.70,4.80,4.90,4.80,4.65,4.85,4.75,4.95,4.90,4.90
2025,Fall,Tepper School of Business,BUS,45861,A2,"SCHELLER-WOLF, ALAN",SIX SIGMA TOOLS TCHQ,Graduate,10,8,80.0%,6.88,4.63,4.75,4.75,4.75,4.75,4.75,4.75,4.75,4.75
2025,Fall,Tepper School of Business,BUS,45863,A1,"AKAN, MUSTAFA",RISK ANALYTICS,Graduate,15,12,80.0%,7.25,4.75,4.67,4.58,4.42,4.50,4.42,4.83,4.33,4.67
2025,Fall,Tepper School of Business,BUS,45864,E2,"CHO, SOO-HAENG",OPERATIONS STRATEGY,Graduate,27,20,74.1%,7.55,4.75,4.70,4.85,4.50,4.80,4.85,4.90,4.75,4.75
2025,Fall,Tepper School of Business,BUS,45870,M2,"MILLER, ROBERT",STRATGC CORPRT MANGM,Graduate,19,8,42.1%,5.00,4.38,4.00,4.00,4.00,4.00,4.13,4.75,3.63,2.75
2025,Fall,Tepper School of Business,BUS,45871,A2,"MILLER, ROBERT",TRDE & INVESTMNT STR,Graduate,16,9,56.3%,5.33,3.89,3.78,3.89,3.78,3.89,3.78,4.11,3.78,3.78
2025,Fall,Tepper School of Business,BUS,45872,E2,"DERDENGER, TIM",TECHNOLOGY STRATEGY,Graduate,36,16,44.4%,7.44,4.94,4.94,4.94,4.69,5.00,5.00,4.94,4.94,4.94
2025,Fall,Tepper School of Business,BUS,45881,A1,"MONROE, ROBERT",MODERN DATA MANAGMNT,Graduate,29,14,48.3%,7.14,4.86,4.79,4.71,4.79,4.86,4.86,4.86,4.71,4.64
2025,Fall,Tepper School of Business,BUS,45882,M1,"SINGH, PARAM",DGTL MRKG SC MD STG,Graduate,38,10,26.3%,8.30,4.80,4.80,4.70,4.60,4.70,4.70,4.90,4.80,4.60
2025,Fall,Tepper School of Business,BUS,45882,A1,"MALIK, NIKHIL",DGTL MRKG SC MD STG,Graduate,19,12,63.2%,6.75,3.92,3.42,3.25,3.58,4.00,3.42,4.33,3.25,3.33
2025,Fall,Tepper School of Business,BUS,45884,A1,"COLLIER, BENJAMIN",AI METHODS FOR DATA,Graduate,29,26,89.7%,7.42,4.88,4.81,4.73,4.62,4.81,4.77,5.00,4.73,4.77
2025,Fall,Tepper School of Business,BUS,45885,A2,"COLLIER, BENJAMIN",DATA VISUALIZATION,Graduate,51,40,78.4%,8.08,4.88,4.92,4.90,4.83,4.90,4.88,4.95,4.85,4.88
2025,Fall,Tepper School of Business,BUS,45886,E2,"PORTNYKH, MARGARITA",PROG. R & PYTHON,Graduate,7,7,100.0%,6.71,5.00,5.00,5.00,5.00,5.00,5.00,5.00,5.00,5.00
2025,Fall,Tepper School of Business,BUS,45890,M1,"BURKE, CLARA",INCL APPR. WORK CONF,Graduate,22,4,18.2%,6.50,5.00,4.25,4.50,4.75,4.75,4.50,5.00,4.75,4.75
2025,Fall,Tepper School of Business,BUS,45892,A2,"BEVINS, CARLA",EXECTV COMMUNCTN SKL,Graduate,18,15,83.3%,8.80,5.00,4.87,4.80,4.87,4.87,4.80,5.00,4.80,4.80
2025,Fall,Tepper School of Business,BUS,45892,M2,"BEVINS, CARLA",EXECTV COMMUNCTN SKL,Graduate,30,22,73.3%,5.68,4.91,4.27,4.68,4.55,4.73,4.64,4.95,4.68,4.41
2025,Fall,Tepper School of Business,BUS,45895,A2,"GOYETTE, DAVID",ACTING BUS I,Graduate,14,13,92.9%,7.08,5.00,4.92,4.85,4.92,4.54,4.85,5.00,4.85,4.92
2025,Fall,Tepper School of Business,BUS,45895,B2,"GOYETTE, DAVID",ACTING BUS I,Graduate,17,13,76.5%,6.62,4.85,4.92,4.92,4.69,4.62,4.92,4.92,4.92,4.85
2025,Fall,Tepper School of Business,BUS,45895,A1,"GOYETTE, DAVID",ACTING BUS I,Graduate,17,16,94.1%,6.13,5.00,4.88,4.94,5.00,4.81,4.81,5.00,5.00,4.75
2025,Fall,Tepper School of Business,BUS,45895,B1,"GOYETTE, DAVID",ACTING BUS I,Graduate,17,16,94.1%,9.19,4.94,5.00,4.88,5.00,4.69,4.94,5.00,4.94,4.94
2025,Fall,Tepper School of Business,BUS,45898,A1,"PEACE, CHRISTOPHER",WRITING FOR MGRS,Graduate,18,15,83.3%,6.60,4.13,3.40,3.53,4.00,3.93,3.80,4.73,3.67,3.40
2025,Fall,Tepper School of Business,BUS,45899,M,"HAHL, OLIVER",INT. MGMT. CAPSTONE,Graduate,22,7,31.8%,5.00,4.00,3.57,3.86,3.86,4.00,4.00,4.86,4.00,4.14
2025,Fall,Tepper School of Business,BUS,45905,E2,"TAINTER, AARON",FNDG ERLY STGE VNTR,Graduate,14,4,28.6%,5.00,4.75,4.75,4.75,4.75,4.75,4.75,5.00,4.75,4.75
2025,Fall,Tepper School of Business,BUS,45905,M2,"TAINTER, AARON",FNDG ERLY STGE VNTR,Graduate,29,13,44.8%,6.85,4.31,4.23,4.38,4.15,4.46,4.31,4.69,4.15,4.08
2025,Fall,Tepper School of Business,BUS,45907,A2,"MAWHINNEY, DAVID",INNOVATORS WORKSHOP,Graduate,8,8,100.0%,6.50,5.00,4.63,4.88,5.00,5.00,4.88,5.00,5.00,4.88
2025,Fall,Tepper School of Business,BUS,45908,E2,"MAWHINNEY, DAVID",MRKG FOR ENTRPRNSHP,Graduate,37,16,43.2%,8.67,4.80,4.73,4.87,4.93,4.87,4.67,4.73,4.80,4.80
2025,Fall,Tepper School of Business,BUS,45908,E2,"BLATTBERG, ROBERT",MRKG FOR ENTRPRNSHP,Graduate,37,16,43.2%,9.45,4.82,4.73,4.90,4.90,5.00,5.00,5.00,4.90,4.90
2025,Fall,Tepper School of Business,BUS,45917,E2,"CARIC, LEONARD",ENTRP ACQ WRKSHP,Graduate,9,6,66.7%,6.00,4.83,4.33,4.50,4.50,4.83,4.50,4.83,4.50,4.67
2025,Fall,Tepper School of Business,BUS,45919,A2,"MEYER GRELLI, MEREDITH",LAB TO MARKET,Graduate,10,5,50.0%,9.20,5.00,4.60,4.80,4.60,4.60,4.60,4.60,4.60,4.40
2025,Fall,Tepper School of Business,BUS,45927,A1,"GLOVER, BRENT",COROPORATE VALUATION,Graduate,14,11,78.6%,11.27,4.18,4.27,4.64,3.55,4.64,4.82,4.91,4.55,4.64
2025,Fall,Tepper School of Business,BUS,45927,B1,"GLOVER, BRENT",COROPORATE VALUATION,Graduate,16,9,56.3%,10.00,4.44,3.78,4.22,3.33,4.00,4.33,4.89,3.89,4.00
2025,Fall,Tepper School of Business,BUS,45933,A1,"MURPHY, MELISSA",MRKG COMMCNT CSMR BR,Graduate,9,5,55.6%,6.20,5.00,4.80,5.00,5.00,5.00,4.80,5.00,5.00,5.00
2025,Fall,Tepper School of Business,BUS,45936,A1,"MONTGOMERY, ALAN",MARKET ANALYTICS,Graduate,10,9,90.0%,8.67,4.33,4.00,4.22,4.11,4.33,4.22,4.78,4.33,4.11
2025,Fall,Tepper School of Business,BUS,45941,E2,"ROUSSEAU, DENISE",EVIDENCE BASD MANGMN,Graduate,9,7,77.8%,7.57,5.00,5.00,5.00,4.86,5.00,5.00,5.00,4.86,4.86
2025,Fall,Tepper School of Business,BUS,45945,E2,"KELLEY, ROBERT","LEV INTEL CAP, STAR",Graduate,21,15,71.4%,7.60,4.87,4.27,4.47,4.20,4.93,4.67,4.80,4.73,4.60
2025,Fall,Tepper School of Business,BUS,45946,A2,"AVEN, BRANDY",PEOPLE ANALYTICS,Graduate,20,13,65.0%,6.85,5.00,4.92,4.77,4.92,4.85,4.85,5.00,4.92,4.92
2025,Fall,Tepper School of Business,BUS,45952,A1,"RAVI, R.",ETE BUS. ANALYTICS,Graduate,34,23,67.6%,10.09,4.65,4.30,4.52,4.00,4.61,4.30,4.43,4.35,4.43
2025,Fall,Tepper School of Business,BUS,45952,M1,"RAVI, R.",ETE BUS. ANALYTICS,Graduate,20,13,65.0%,9.15,4.31,4.08,3.92,3.38,4.31,4.15,4.62,4.08,3.85
2025,Fall,Tepper School of Business,BUS,45965,A2,"TAYUR, SRIDHAR",SRVS MGMT MRK STRGY,Graduate,5,5,100.0%,9.80,4.40,4.40,4.20,4.00,4.60,4.60,5.00,4.20,4.20
2025,Fall,Tepper School of Business,BUS,45972,A2,"DERDENGER, TIM",INTRO STRATIC MGMT,Graduate,3,2,66.7%,12.50,5.00,4.00,4.50,5.00,5.00,4.50,5.00,5.00,4.50
2025,Fall,Tepper School of Business,BUS,45978,A2,"MULLER, NICHOLAS",SUSTAINABLE BUSINESS,Graduate,16,10,62.5%,6.50,4.60,4.80,4.70,4.60,4.80,4.70,4.80,4.80,4.50
2025,Fall,Tepper School of Business,BUS,45984,M,"BUTLER-EVERSON, MARY",TSPM PRJCT,Graduate,26,16,61.5%,8.75,4.25,4.00,4.19,4.31,4.13,4.06,4.56,4.06,4.07
2025,Fall,Tepper School of Business,BUS,45985,A,"FRIEDMAN, MAX",PM FOR AND BY PMS,Graduate,35,20,57.1%,6.20,4.50,4.60,4.70,4.25,4.60,4.60,4.65,4.35,4.30
2025,Fall,Tepper School of Business,BUS,45991,E,"KEKRE, SHAM",STRGC MANGMNT ENTRPS,Graduate,10,6,60.0%,12.50,3.83,4.00,4.17,3.67,3.67,4.20,3.83,4.00,3.83
2025,Fall,Tepper School of Business,BUS,45995,A,"TELMER, CHRIS",ENERGY BUS PROJ,Graduate,11,8,72.7%,10.38,4.63,4.00,4.25,4.13,4.50,4.38,4.38,4.38,4.25
2025,Fall,Tepper School of Business,BUS,45996,E,"MAWHINNEY, DAVID",CORPORATE STARTUP LA,Graduate,21,13,61.9%,9.69,4.85,4.69,4.77,4.77,4.85,4.77,4.62,4.62,4.77
2025,Fall,Tepper School of Business,BUS,45996,E,"MURPHY, MELISSA",CORPORATE STARTUP LA,Graduate,21,13,61.9%,10.38,4.54,4.54,4.69,4.69,4.62,4.62,4.69,4.54,4.54
2025,Fall,Tepper School of Business,BUS,45996,E,"JEN, JIM",CORPORATE STARTUP LA,Graduate,21,13,61.9%,10.08,4.62,4.46,4.54,4.54,4.62,4.46,4.62,4.54,4.54
2025,Fall,Tepper School of Business,BUS,46752,A,"VENKATADRI, ARUN",CAPSTONE,Graduate,35,13,37.1%,11.38,4.17,4.08,4.17,4.00,4.00,4.00,4.17,4.00,4.25
2025,Fall,Tepper School of Business,BUS,46752,A,"EIBEN, BRAD",CAPSTONE,Graduate,35,13,37.1%,11.15,4.31,4.23,4.38,4.31,4.31,4.31,4.46,4.31,4.38
2025,Fall,Tepper School of Business,BUS,46874,E1,"VENKATADRI, ARUN",PRIN PROD MGMNT II,Graduate,35,19,54.3%,6.74,3.47,3.11,3.11,3.89,3.32,3.16,3.32,3.11,3.11
2025,Fall,Tepper School of Business,BUS,46880,M1,"MOSELEY, BEN",INTRO TO PROB STATS,Graduate,34,21,61.8%,11.71,4.76,5.00,5.00,4.43,4.76,4.57,5.00,4.62,4.71
2025,Fall,Tepper School of Business,BUS,46880,A1,"BORANBAY AKAN, SERRA",INTRO TO PROB STATS,Graduate,58,31,53.4%,13.61,3.48,2.97,3.17,3.00,3.20,2.97,4.00,2.97,3.10
2025,Fall,Tepper School of Business,BUS,46880,B1,"BORANBAY AKAN, SERRA",INTRO TO PROB STATS,Graduate,62,23,37.1%,13.09,4.61,4.26,4.57,4.39,4.39,4.13,4.83,4.39,4.39
2025,Fall,Tepper School of Business,BUS,46881,A1,"PORTNYKH, MARGARITA",PROG IN R AND PYTHON,Graduate,58,37,63.8%,8.27,4.49,4.43,4.57,4.14,4.41,4.32,4.89,4.27,4.24
2025,Fall,Tepper School of Business,BUS,46881,B1,"PORTNYKH, MARGARITA",PROG IN R AND PYTHON,Graduate,62,42,67.7%,8.14,4.60,4.50,4.66,4.54,4.66,4.51,4.73,4.59,4.51
2025,Fall,Tepper School of Business,BUS,46881,M1,"PORTNYKH, MARGARITA",PROG IN R AND PYTHON,Graduate,37,24,64.9%,6.25,4.67,4.29,4.33,4.42,4.42,4.13,4.83,4.25,4.13
2025,Fall,Tepper School of Business,BUS,46882,A1,"ALLERUZZO, MICHAEL",BUS FUND ANALY PROF,Graduate,63,21,33.3%,11.33,4.62,4.52,4.57,4.38,4.38,4.38,4.71,4.33,4.29
2025,Fall,Tepper School of Business,BUS,46882,B1,"ALLERUZZO, MICHAEL",BUS FUND ANALY PROF,Graduate,57,29,50.9%,10.21,4.69,4.72,4.76,4.72,4.69,4.79,4.79,4.79,4.62
2025,Fall,Tepper School of Business,BUS,46882,M2,"LAMONT, DAVID",BUS FUND ANALY PROF,Graduate,33,22,66.7%,11.14,4.55,4.59,4.59,4.68,4.68,4.41,5.00,4.45,4.41
2025,Fall,Tepper School of Business,BUS,46883,A2,"EDERER, TIM",STAT FOUND BUS ANALY,Graduate,65,29,44.6%,9.28,3.76,3.45,3.69,3.41,3.66,3.45,4.38,3.28,3.34
2025,Fall,Tepper School of Business,BUS,46883,B2,"EDERER, TIM",STAT FOUND BUS ANALY,Graduate,55,17,30.9%,7.65,4.41,4.18,4.24,4.29,4.35,4.29,4.82,4.18,3.94
2025,Fall,Tepper School of Business,BUS,46883,M2,"EDERER, TIM",STAT FOUND BUS ANALY,Graduate,32,21,65.6%,9.95,4.57,4.48,4.38,4.43,4.57,4.29,4.81,4.14,4.29
2025,Fall,Tepper School of Business,BUS,46884,A2,"MONROE, ROBERT",MODERN DATA MGMT,Graduate,64,29,45.3%,10.52,4.21,4.24,4.28,4.03,4.31,4.21,4.28,4.07,4.07
2025,Fall,Tepper School of Business,BUS,46884,B2,"MONROE, ROBERT",MODERN DATA MGMT,Graduate,56,18,32.1%,12.78,4.33,4.06,4.33,3.89,4.44,4.39,4.39,4.28,4.22
2025,Fall,Tepper School of Business,BUS,46886,A2,"DIANA, EMILY",MACH. LRN. FUNDMTNLS,Graduate,71,43,60.6%,8.72,3.86,3.90,3.81,3.79,3.95,3.79,4.52,3.69,3.76
2025,Fall,Tepper School of Business,BUS,46886,B2,"DIANA, EMILY",MACH. LRN. FUNDMTNLS,Graduate,55,25,45.5%,8.00,4.64,4.52,4.72,4.63,4.58,4.42,4.88,4.54,4.54
2025,Fall,Tepper School of Business,BUS,46887,M2,"RUDICH, Isaac",MACH LRN BUS APP,Graduate,27,9,33.3%,6.00,3.56,3.11,3.33,3.00,3.22,2.89,4.11,2.89,3.00
2025,Fall,Tepper School of Business,BUS,46889,M1,"RAVI, R.",BUS. VALUE ANALYTICS,Graduate,24,16,66.7%,9.94,4.75,4.56,4.69,4.50,4.63,4.69,4.69,4.75,4.69
2025,Fall,Tepper School of Business,BUS,46890,M1,"WOOLLEY, ANITA",MNG. PEOPLE TEAMS,Graduate,25,14,56.0%,6.29,3.79,3.93,4.00,3.50,4.00,3.86,3.93,3.64,3.64
2025,Fall,Tepper School of Business,BUS,46890,A1,"CHOW, ROSALIND",MNG. PEOPLE TEAMS,Graduate,47,22,46.8%,9.95,3.91,4.14,4.23,3.68,4.00,4.23,4.14,3.64,3.64
2025,Fall,Tepper School of Business,BUS,46890,B1,"CHOW, ROSALIND",MNG. PEOPLE TEAMS,Graduate,61,18,29.5%,10.83,4.00,3.94,3.83,3.44,3.72,4.00,3.83,3.72,3.61
2025,Fall,Tepper School of Business,BUS,46890,C1,"CHOW, ROSALIND",MNG. PEOPLE TEAMS,Graduate,49,26,53.1%,7.77,4.42,4.31,4.46,4.00,4.38,4.42,4.58,4.46,4.38
2025,Fall,Tepper School of Business,BUS,46897,C2,"DEJEU, Emily",BUS COMM FOR ANALYT,Graduate,18,14,77.8%,8.07,4.50,4.43,4.57,4.50,4.50,4.71,4.14,4.50,4.43
2025,Fall,Tepper School of Business,BUS,46897,D2,"DEJEU, Emily",BUS COMM FOR ANALYT,Graduate,20,17,85.0%,8.94,4.41,4.59,4.47,4.47,4.65,4.59,4.29,4.53,4.35
2025,Fall,Tepper School of Business,BUS,46897,E2,"DEJEU, Emily",BUS COMM FOR ANALYT,Graduate,21,21,100.0%,6.43,4.38,4.52,4.52,4.33,4.57,4.43,4.24,4.43,4.43
2025,Fall,Tepper School of Business,BUS,46897,F2,"JANUSZKO, CODY",BUS COMM FOR ANALYT,Graduate,19,6,31.6%,7.50,5.00,5.00,5.00,5.00,4.83,5.00,5.00,5.00,5.00
2025,Fall,Tepper School of Business,BUS,46897,A2,"WALTER, BETH",BUS COMM FOR ANALYT,Graduate,19,4,21.1%,3.50,4.50,4.50,4.50,4.50,4.50,4.50,4.50,4.50,4.50
2025,Fall,Tepper School of Business,BUS,46897,B2,"WALTER, BETH",BUS COMM FOR ANALYT,Graduate,23,4,17.4%,5.00,5.00,4.75,5.00,5.00,5.00,5.00,4.75,5.00,5.00
2025,Fall,Tepper School of Business,BUS,46901,I1,"SANDS, Lauren",FINANCIAL COMP I,Graduate,57,40,70.2%,12.40,4.90,4.80,4.78,4.75,4.70,4.75,4.80,4.67,4.52
2025,Fall,Tepper School of Business,BUS,46901,M1,"SANDS, Lauren",FINANCIAL COMP I,Graduate,51,32,62.7%,11.97,4.47,4.56,4.50,4.53,4.41,4.50,4.59,4.44,4.38
2025,Fall,Tepper School of Business,BUS,46902,M2,"SANDS, Lauren",FINANCIAL COMP II,Graduate,49,21,42.9%,13.71,2.95,2.62,2.52,2.90,3.14,2.95,2.67,2.81,2.62
2025,Fall,Tepper School of Business,BUS,46902,I2,"SANDS, Lauren",FINANCIAL COMP II,Graduate,57,29,50.9%,12.69,4.28,3.79,3.69,4.00,4.10,4.11,4.18,3.89,3.59
2025,Fall,Tepper School of Business,BUS,46906,C,"Simon, Robert",MSCF BUS COMM I,Graduate,13,1,7.7%,2.00,5.00,5.00,5.00,5.00,5.00,5.00,5.00,5.00,3.00
2025,Fall,Tepper School of Business,BUS,46906,D,"Simon, Robert",MSCF BUS COMM I,Graduate,12,6,50.0%,3.50,4.67,4.67,4.50,4.83,4.83,4.50,5.00,4.50,4.33
2025,Fall,Tepper School of Business,BUS,46906,M,"Simon, Robert",MSCF BUS COMM I,Graduate,11,2,18.2%,3.50,3.50,4.00,3.50,4.00,3.50,3.50,5.00,3.50,3.50
2025,Fall,Tepper School of Business,BUS,46906,N,"Simon, Robert",MSCF BUS COMM I,Graduate,13,4,30.8%,2.75,4.75,5.00,5.00,5.00,5.00,5.00,5.00,5.00,5.00
2025,Fall,Tepper School of Business,BUS,46906,A,"Simon, Robert",MSCF BUS COMM I,Graduate,14,6,42.9%,4.00,4.83,4.83,4.83,5.00,5.00,4.83,4.83,4.83,4.83
2025,Fall,Tepper School of Business,BUS,46906,B,"Simon, Robert",MSCF BUS COMM I,Graduate,14,5,35.7%,5.00,4.00,3.80,3.80,3.80,3.80,3.80,4.00,3.80,3.60
2025,Fall,Tepper School of Business,BUS,46906,H,"Simon, Robert",MSCF BUS COMM I,Graduate,14,6,42.9%,2.50,4.00,3.83,4.00,3.83,4.00,3.83,4.33,3.67,3.50
2025,Fall,Tepper School of Business,BUS,46906,I,"Simon, Robert",MSCF BUS COMM I,Graduate,15,8,53.3%,5.38,4.38,4.50,4.63,4.63,4.25,4.38,4.75,4.63,4.38
2025,Fall,Tepper School of Business,BUS,46909,I,"Simon, Robert",MSCF LECTURE SERIES,Graduate,57,23,40.4%,2.86,4.52,4.57,4.65,4.70,4.65,4.52,4.62,4.57,4.50
2025,Fall,Tepper School of Business,BUS,46909,M,"Simon, Robert",MSCF LECTURE SERIES,Graduate,49,12,24.5%,2.55,4.64,4.64,4.64,4.64,4.64,4.64,4.82,4.73,4.64
2025,Fall,Tepper School of Business,BUS,46909,M,"PALJEVIC, LEFTERIJE",MSCF LECTURE SERIES,Graduate,49,12,24.5%,2.25,4.58,4.58,4.58,4.58,4.58,4.58,4.33,4.25,4.50
2025,Fall,Tepper School of Business,BUS,46909,I,"PALJEVIC, LEFTERIJE",MSCF LECTURE SERIES,Graduate,57,23,40.4%,2.95,4.50,4.59,4.55,4.55,4.59,4.59,4.68,4.59,4.64
2025,Fall,Tepper School of Business,BUS,46912,I1,"MCCARTHY, MICHAEL",BLOCKCHAIN SQL FUNDA,Graduate,12,8,66.7%,5.00,4.38,4.00,4.00,3.63,4.00,3.75,4.50,3.88,3.75
2025,Fall,Tepper School of Business,BUS,46912,M1,"MCCARTHY, MICHAEL",BLOCKCHAIN SQL FUNDA,Graduate,7,3,42.9%,8.00,4.50,4.50,4.50,4.50,4.50,4.50,4.50,4.50,4.50
2025,Fall,Tepper School of Business,BUS,46912,I1,"SOORIAMURTHI, RAJA",BLOCKCHAIN SQL FUNDA,Graduate,12,8,66.7%,5.00,4.88,5.00,5.00,4.13,4.63,4.75,5.00,4.63,4.63
2025,Fall,Tepper School of Business,BUS,46912,M1,"SOORIAMURTHI, RAJA",BLOCKCHAIN SQL FUNDA,Graduate,7,3,42.9%,8.00,4.33,4.33,4.33,4.33,4.33,4.33,4.33,4.33,4.33
2025,Fall,Tepper School of Business,BUS,46915,M2,"NADTOCHIY, SERGEY",ADVD DERIVATIVE MDLS,Graduate,18,1,5.6%,8.00,4.00,4.00,5.00,4.00,5.00,4.00,4.00,4.00,4.00
2025,Fall,Tepper School of Business,BUS,46915,I2,"NADTOCHIY, SERGEY",ADVD DERIVATIVE MDLS,Graduate,29,11,37.9%,8.60,4.70,4.60,4.50,4.30,4.70,4.50,4.70,4.60,4.70
2025,Fall,Tepper School of Business,BUS,46921,I1,"SCHAFER, CHAD",FIN DATA SCIENCE I,Graduate,56,37,66.1%,9.49,4.83,4.89,4.89,4.64,4.89,4.89,5.00,4.86,4.81
2025,Fall,Tepper School of Business,BUS,46921,R1,"SCHAFER, CHAD",FIN DATA SCIENCE I,Graduate,4,2,50.0%,6.50,5.00,4.50,4.50,4.00,5.00,5.00,5.00,5.00,5.00
2025,Fall,Tepper School of Business,BUS,46921,M1,"SCHAFER, CHAD",FIN DATA SCIENCE I,Graduate,51,30,58.8%,9.23,4.83,4.83,4.76,4.69,4.83,4.90,4.90,4.86,4.83
2025,Fall,Tepper School of Business,BUS,46923,M2,"SCHAFER, CHAD",FIN DATA SCIENCE II,Graduate,49,15,30.6%,9.00,4.73,4.73,4.80,4.73,4.80,4.67,5.00,4.80,4.67
2025,Fall,Tepper School of Business,BUS,46923,I2,"SCHAFER, CHAD",FIN DATA SCIENCE II,Graduate,57,26,45.6%,9.38,4.73,4.73,4.77,4.77,4.77,4.85,4.88,4.69,4.58
2025,Fall,Tepper School of Business,BUS,46923,R2,"SCHAFER, CHAD",FIN DATA SCIENCE II,Graduate,4,2,50.0%,8.00,4.50,5.00,5.00,5.00,5.00,5.00,5.00,5.00,5.00
2025,Fall,Tepper School of Business,BUS,46924,M2,"YURKO, RONALD",NLP,Graduate,22,2,9.1%,8.00,5.00,5.00,5.00,5.00,5.00,5.00,5.00,5.00,5.00
2025,Fall,Tepper School of Business,BUS,46924,I2,"YURKO, RONALD",NLP,Graduate,33,13,39.4%,7.50,4.58,4.58,4.58,4.25,4.58,4.55,4.64,4.45,4.42
2025,Fall,Tepper School of Business,BUS,46926,I2,"YURKO, RONALD",MACHN LRNG I,Graduate,57,24,42.1%,11.25,4.71,4.79,4.79,4.75,4.79,4.71,4.96,4.75,4.75
2025,Fall,Tepper School of Business,BUS,46926,R2,"YURKO, RONALD",MACHN LRNG I,Graduate,4,1,25.0%,8.00,5.00,5.00,5.00,5.00,5.00,5.00,5.00,5.00,5.00
2025,Fall,Tepper School of Business,BUS,46926,M2,"YURKO, RONALD",MACHN LRNG I,Graduate,49,15,30.6%,9.60,4.40,4.27,4.20,4.20,4.20,4.33,4.60,4.40,4.33
2025,Fall,Tepper School of Business,BUS,46937,I1,"YURKO, RONALD",MSCF DEEP LEARNING,Graduate,38,16,42.1%,6.60,4.27,4.00,4.29,4.14,4.36,4.21,4.36,4.00,3.93
2025,Fall,Tepper School of Business,BUS,46937,M1,"YURKO, RONALD",MSCF DEEP LEARNING,Graduate,45,11,24.4%,9.64,4.45,4.36,4.36,4.45,4.36,4.36,4.45,4.36,4.36
2025,Fall,Tepper School of Business,BUS,46944,M2,"SHKOLNIKOV, MYKHAYLO",STOCHASTC CALC FIN I,Graduate,49,13,26.5%,9.15,4.46,4.08,4.15,4.08,4.23,4.08,4.69,4.00,4.00
2025,Fall,Tepper School of Business,BUS,46944,I2,"SHKOLNIKOV, MYKHAYLO",STOCHASTC CALC FIN I,Graduate,57,23,40.4%,10.35,4.74,4.83,4.83,4.74,4.87,4.86,4.87,4.78,4.78
2025,Fall,Tepper School of Business,BUS,46954,M1,"LARSSON, MARTIN",RISK MANAGEMENT I,Graduate,51,12,23.5%,7.75,4.17,4.17,4.17,4.17,4.25,4.17,4.25,4.25,4.25
2025,Fall,Tepper School of Business,BUS,46954,I1,"LARSSON, MARTIN",RISK MANAGEMENT I,Graduate,51,19,37.3%,6.33,4.35,4.41,4.29,4.41,4.22,4.53,4.47,4.28,4.22
2025,Fall,Tepper School of Business,BUS,46954,I1,"ANDERSEN, LEIF",RISK MANAGEMENT I,Graduate,51,19,37.3%,5.71,4.29,4.41,4.41,4.35,4.22,4.41,4.47,4.22,4.28
2025,Fall,Tepper School of Business,BUS,46954,M1,"ANDERSEN, LEIF",RISK MANAGEMENT I,Graduate,51,12,23.5%,6.64,4.09,4.00,4.09,4.00,4.27,4.27,4.36,4.09,4.18
2025,Fall,Tepper School of Business,BUS,46956,M1,"LARSSON, MARTIN",FIXED INCOME,Graduate,51,34,66.7%,12.88,4.32,4.24,4.27,4.30,4.30,4.27,4.76,4.27,4.09
2025,Fall,Tepper School of Business,BUS,46956,I1,"LARSSON, MARTIN",FIXED INCOME,Graduate,58,45,77.6%,13.02,4.44,4.29,4.16,4.24,4.24,4.11,4.82,4.11,4.00
2025,Fall,Tepper School of Business,BUS,46972,I1,"KUEHN, LARS-ALEXANDER",MSCF INVSTM,Graduate,60,37,61.7%,9.24,4.68,4.54,4.41,4.51,4.35,4.41,4.73,4.41,4.27
2025,Fall,Tepper School of Business,BUS,46972,M1,"KUEHN, LARS-ALEXANDER",MSCF INVSTM,Graduate,51,26,51.0%,8.15,4.65,4.54,4.54,4.54,4.50,4.46,4.81,4.50,4.46
2025,Fall,Tepper School of Business,BUS,46975,M2,"PRETNAR, Nicholas",MACROECON COMP FIN,Graduate,50,7,14.0%,7.57,3.57,3.43,3.43,3.14,3.57,3.43,2.14,3.14,3.14
2025,Fall,Tepper School of Business,BUS,46975,I2,"PRETNAR, Nicholas",MACROECON COMP FIN,Graduate,50,16,32.0%,6.80,4.13,4.33,4.27,4.07,4.40,4.33,3.87,4.07,4.13
2025,Fall,Tepper School of Business,BUS,46976,I1,"PENA, JAVIER",FINANCIAL OPTIMIZATN,Graduate,49,29,59.2%,8.32,4.50,4.39,4.36,4.36,4.36,4.39,4.54,4.32,4.29
2025,Fall,Tepper School of Business,BUS,46976,M1,"PENA, JAVIER",FINANCIAL OPTIMIZATN,Graduate,51,23,45.1%,10.26,4.57,4.39,4.57,4.52,4.57,4.48,4.78,4.48,4.48
2025,Fall,Tepper School of Business,BUS,46977,H1,"SEPPI, DUANE",MSF STD FNCL ENGNG,Graduate,11,2,18.2%,8.00,4.00,4.50,4.00,4.00,4.50,4.00,4.50,4.00,4.00
2025,Fall,Tepper School of Business,BUS,46977,I1,"SEPPI, DUANE",MSF STD FNCL ENGNG,Graduate,25,9,36.0%,5.38,4.50,4.38,4.50,4.63,4.63,4.50,4.63,4.50,4.50
2025,Fall,Tepper School of Business,BUS,46977,M1,"SEPPI, DUANE",MSF STD FNCL ENGNG,Graduate,15,2,13.3%,5.00,4.50,4.50,5.00,4.00,4.00,4.50,4.50,4.50,4.50
2025,Fall,Tepper School of Business,BUS,46979,M2,"PENA, JAVIER",ASSET MGMT,Graduate,34,7,20.6%,7.57,4.29,4.29,4.29,4.29,4.29,4.14,4.57,4.29,4.29
2025,Fall,Tepper School of Business,BUS,46979,I2,"PENA, JAVIER",ASSET MGMT,Graduate,29,10,34.5%,6.50,4.70,4.60,4.50,4.40,4.60,4.50,4.80,4.50,4.40
2025,Fall,Tepper School of Business,BUS,46982,M2,"SPATT, CHESTER",MRKT MICRO ALGTH TRD,Graduate,49,6,12.2%,8.00,3.67,3.67,3.67,3.67,3.67,3.50,3.67,3.50,3.83
2025,Fall,Tepper School of Business,BUS,46982,I2,"SPATT, CHESTER",MRKT MICRO ALGTH TRD,Graduate,50,15,30.0%,5.64,3.86,3.86,3.64,3.71,3.93,3.71,4.14,3.71,3.57
2025,Fall,Tepper School of Business,BUS,46982,M2,"PSARIS, JOHN",MRKT MICRO ALGTH TRD,Graduate,49,6,12.2%,9.00,4.67,4.67,4.67,4.33,4.50,4.50,4.67,4.67,4.50
2025,Fall,Tepper School of Business,BUS,46982,I2,"PSARIS, JOHN",MRKT MICRO ALGTH TRD,Graduate,50,15,30.0%,6.50,4.07,4.00,4.07,3.93,4.29,3.43,4.50,3.79,3.62
2025,Fall,Tepper School of Business,BUS,46983,I,"SCHAFER, CHAD",ML CAPSTONE,Graduate,15,3,20.0%,6.00,4.33,4.33,4.33,4.33,4.33,4.33,4.33,4.33,4.33
2025,Fall,Tepper School of Business,BUS,46983,M,"SCHAFER, CHAD",ML CAPSTONE,Graduate,33,5,15.2%,10.40,4.80,4.60,4.60,4.80,4.60,4.60,5.00,4.80,4.60
2025,Fall,Tepper School of Business,BUS,46991,A,"WALTER, BETH",EXPER LEARN,Graduate,76,22,28.9%,4.71,3.86,4.00,4.00,3.86,4.05,3.95,4.14,3.81,3.62
2025,Fall,Tepper School of Business,BUS,46991,B,"WALTER, BETH",EXPER LEARN,Graduate,81,17,21.0%,3.20,4.22,4.00,4.11,4.00,3.89,4.11,4.44,4.11,3.78
2025,Fall,Tepper School of Business,BUS,46991,A,"DEJEU, Emily",EXPER LEARN,Graduate,76,22,28.9%,3.93,3.86,4.00,3.79,3.77,3.93,3.64,4.50,3.57,3.29
2025,Fall,Tepper School of Business,BUS,46991,B,"DEJEU, Emily",EXPER LEARN,Graduate,81,17,21.0%,2.71,4.24,4.24,4.00,3.76,4.12,4.12,4.29,3.94,3.41
2025,Fall,Tepper School of Business,BUS,47723,A1,"SPATT, CHESTER",SEM IN FIN III,Graduate,7,0,0.0%,,,,,,,,,,
2025,Fall,Tepper School of Business,BUS,47760,A1,"TAYUR, SRIDHAR",FDNS OPER MGMNT,Graduate,4,3,75.0%,12.00,5.00,5.00,5.00,5.00,5.00,5.00,5.00,5.00,5.00
2025,Fall,Tepper School of Business,BUS,47774,A1,"HARCHOL-BALTER, MOR",ADV STCHSTC AN AP I,Graduate,6,6,100.0%,13.67,5.00,5.00,5.00,5.00,5.00,5.00,5.00,5.00,5.00
2025,Fall,Tepper School of Business,BUS,47775,A2,"HARCHOL-BALTER, MOR",ADV STCHSTC AN AP II,Graduate,6,4,66.7%,15.75,5.00,5.00,5.00,5.00,5.00,5.00,5.00,5.00,4.75
2025,Fall,Tepper School of Business,BUS,47779,A1,"TOWE, ELIAS",QUANT IP & ML I,Graduate,3,1,33.3%,5.00,5.00,5.00,5.00,5.00,5.00,5.00,5.00,5.00,5.00
2025,Fall,Tepper School of Business,BUS,47779,A1,"TAYUR, SRIDHAR",QUANT IP & ML I,Graduate,3,1,33.3%,5.00,5.00,5.00,5.00,5.00,5.00,5.00,5.00,5.00,5.00
2025,Fall,Tepper School of Business,BUS,47785,A2,"TOWE, ELIAS",QUANT IP & ML II,Graduate,3,1,33.3%,8.00,5.00,5.00,5.00,5.00,5.00,5.00,5.00,5.00,5.00
2025,Fall,Tepper School of Business,BUS,47800,A1,"SPEAR, STEPHEN",MICROECONOMICS I,Graduate,11,4,36.4%,8.75,5.00,5.00,4.50,5.00,5.00,5.00,5.00,5.00,5.00
2025,Fall,Tepper School of Business,BUS,47801,A2,"SHOURIDEH, ALI",MICROECONOMICS II,Graduate,9,5,55.6%,13.00,4.80,4.60,4.80,4.40,5.00,4.60,5.00,4.60,4.80
2025,Fall,Tepper School of Business,BUS,47803,A2,"ZHANG, SHENGXING",MACROECONOMICS I,Graduate,6,4,66.7%,7.25,5.00,5.00,5.00,4.75,5.00,5.00,5.00,5.00,5.00
2025,Fall,Tepper School of Business,BUS,47808,A1,"SPEAR, STEPHEN",OVERLAPPING GENS,Graduate,2,0,0.0%,,,,,,,,,,
2025,Fall,Tepper School of Business,BUS,47811,A1,"MONTGOMERY, ALAN",ECONOMETRICS I,Graduate,10,2,20.0%,11.00,5.00,5.00,5.00,5.00,5.00,5.00,5.00,5.00,4.50
2025,Fall,Tepper School of Business,BUS,47812,A2,"MILLER, ROBERT",ECONOMETRICS II,Graduate,10,5,50.0%,16.00,4.40,4.00,4.20,4.00,4.60,4.40,4.60,4.40,4.40
2025,Fall,Tepper School of Business,BUS,47834,A1,"SINGH, KARAN",LINEAR PROGRAMMING,Graduate,10,3,30.0%,9.00,4.33,4.67,4.33,4.33,4.67,4.33,4.67,4.67,5.00
2025,Fall,Tepper School of Business,BUS,47835,A1,"RAVI, R.",NTWRK OPTIMIZATN I,Graduate,8,6,75.0%,10.67,4.67,4.83,4.60,4.60,4.80,5.00,5.00,5.00,4.83
2025,Fall,Tepper School of Business,BUS,47836,A2,"MOSELEY, BEN",NTWRK OPTIMIZATN II,Graduate,5,1,20.0%,14.00,5.00,5.00,5.00,4.00,5.00,5.00,5.00,5.00,5.00
2025,Fall,Tepper School of Business,BUS,47840,A2,"SCHELLER-WOLF, ALAN",DYNAMIC PROGRAMMING,Graduate,8,3,37.5%,10.00,5.00,5.00,5.00,5.00,5.00,5.00,5.00,5.00,5.00
2025,Fall,Tepper School of Business,BUS,47851,A2,"KILINC-KARZAN, FATMA",MODERN CONVX OPTMZTN,Graduate,8,3,37.5%,9.00,5.00,5.00,4.67,5.00,4.67,4.67,5.00,5.00,5.00
2025,Fall,Tepper School of Business,BUS,47877,A1,"SZTUTMAN, ANDRE",PUBLIC ECONOMICS I,Graduate,4,2,50.0%,11.00,5.00,5.00,5.00,5.00,5.00,5.00,5.00,5.00,5.00
2025,Fall,Tepper School of Business,BUS,47886,A2,"EROL, SELMAN",ECON OF NETWORKS,Graduate,5,3,60.0%,6.00,5.00,5.00,4.67,4.33,5.00,5.00,5.00,5.00,5.00
2025,Fall,Tepper School of Business,BUS,47890,A1,"COHEN, TAYA",SMNR ORGNZTL BHAVIOR,Graduate,14,5,35.7%,9.80,5.00,5.00,5.00,4.80,4.80,4.80,5.00,5.00,5.00
2025,Fall,Tepper School of Business,BUS,47894,A1,"SHEA, CATHERINE",RSRCH MTHDS BEH SCI,Graduate,4,3,75.0%,15.33,5.00,5.00,5.00,4.67,5.00,5.00,5.00,5.00,5.00
2025,Fall,Tepper School of Business,BUS,47897,A2,"AVEN, BRANDY",SEM MESO OB NETWORKS,Graduate,10,3,30.0%,7.00,4.67,4.33,4.67,4.67,5.00,5.00,5.00,4.67,4.67
2025,Fall,Tepper School of Business,BUS,47965,A1,"MALIK, NIKHIL",EC FDNS OF AI IN BUS,Graduate,6,3,50.0%,10.00,5.00,5.00,5.00,5.00,5.00,5.00,5.00,5.00,5.00
2025,Fall,Tepper School of Business,BUS,70101,B,"ALLERUZZO, MICHAEL",BUSINESS STRAT FUND,Undergraduate,13,7,53.8%,5.86,4.43,3.86,4.29,3.57,4.14,3.86,4.29,3.86,3.86
2025,Fall,Tepper School of Business,BUS,70101,A,"BHATTACHARYAY, RIMA",BUSINESS STRAT FUND,Undergraduate,51,46,90.2%,4.22,4.54,4.39,4.46,4.26,4.30,4.46,4.78,4.43,4.35
2025,Fall,Tepper School of Business,BUS,70104,A2,"JAFRY OCONNOR, RUBAB",BLE I,Undergraduate,32,31,96.9%,3.65,4.58,4.39,4.45,4.32,4.35,4.39,4.23,4.23,4.23
2025,Fall,Tepper School of Business,BUS,70104,B2,"JAFRY OCONNOR, RUBAB",BLE I,Undergraduate,34,31,91.2%,4.32,4.52,4.23,4.48,4.19,4.61,4.45,4.06,4.16,4.13
2025,Fall,Tepper School of Business,BUS,70104,C2,"JAFRY OCONNOR, RUBAB",BLE I,Undergraduate,40,39,97.5%,3.85,4.54,4.18,4.38,4.36,4.45,4.44,4.08,4.08,3.97
2025,Fall,Tepper School of Business,BUS,70104,W2,"FAROOQI, MUHAMMAD",BLE I,Undergraduate,35,17,48.6%,3.06,4.47,4.41,4.41,4.35,4.29,4.24,4.71,4.47,3.94
2025,Fall,Tepper School of Business,BUS,70106,A,"ROUTLEDGE, BRYAN",BUSINESS SCI,Undergraduate,59,40,67.8%,5.30,4.05,3.85,3.79,3.67,3.92,3.82,4.46,3.79,3.67
2025,Fall,Tepper School of Business,BUS,70106,B,"ROUTLEDGE, BRYAN",BUSINESS SCI,Undergraduate,60,30,50.0%,5.13,4.70,4.30,4.33,4.20,4.47,4.40,4.77,4.47,4.37
2025,Fall,Tepper School of Business,BUS,70106,C,"ROUTLEDGE, BRYAN",BUSINESS SCI,Undergraduate,59,47,79.7%,5.32,4.62,4.32,4.38,4.19,4.45,4.47,4.77,4.36,4.09
2025,Fall,Tepper School of Business,BUS,70106,D,"STUETTGEN, PETER",BUSINESS SCI,Undergraduate,57,43,75.4%,7.16,4.05,3.51,3.58,3.44,3.93,3.65,4.16,3.70,3.60
2025,Fall,Tepper School of Business,BUS,70110,W,"FADLALLAH, HUSSEIN",BUSINESS COMPUTING,Undergraduate,37,19,51.4%,7.68,4.74,4.74,4.68,4.84,4.63,4.79,4.84,4.74,4.58
2025,Fall,Tepper School of Business,BUS,70122,3,"RISCH, MAX",INTRO TO ACCOUNTING,Undergraduate,52,21,40.4%,5.29,4.00,4.38,4.38,3.95,4.24,4.33,4.52,4.00,4.14
2025,Fall,Tepper School of Business,BUS,70122,4,"RISCH, MAX",INTRO TO ACCOUNTING,Undergraduate,51,22,43.1%,5.95,4.45,4.68,4.64,4.18,4.55,4.45,4.82,4.41,4.45
2025,Fall,Tepper School of Business,BUS,70122,1,"LIANG, YUCHENG",INTRO TO ACCOUNTING,Undergraduate,56,19,33.9%,6.11,4.47,4.63,4.53,4.26,4.47,4.68,4.74,4.63,4.58
2025,Fall,Tepper School of Business,BUS,70122,2,"LIANG, YUCHENG",INTRO TO ACCOUNTING,Undergraduate,56,25,44.6%,6.08,4.40,4.80,4.88,4.44,4.68,4.88,4.92,4.60,4.60
2025,Fall,Tepper School of Business,BUS,70122,W,"AKGUC, SERKAN",INTRO TO ACCOUNTING,Undergraduate,24,20,83.3%,11.25,4.70,4.40,4.45,4.10,4.70,4.70,4.65,4.55,4.45
2025,Fall,Tepper School of Business,BUS,70204,A1,"JAFRY OCONNOR, RUBAB",BLE II,Undergraduate,20,18,90.0%,4.00,4.78,4.56,4.72,4.56,4.78,4.78,4.78,4.78,4.67
2025,Fall,Tepper School of Business,BUS,70204,B1,"JAFRY OCONNOR, RUBAB",BLE II,Undergraduate,46,41,89.1%,3.54,4.61,4.34,4.39,4.32,4.49,4.22,4.46,4.27,4.12
2025,Fall,Tepper School of Business,BUS,70204,C1,"JAFRY OCONNOR, RUBAB",BLE II,Undergraduate,29,27,93.1%,3.44,4.70,4.44,4.56,4.48,4.59,4.41,4.44,4.52,4.30
2025,Fall,Tepper School of Business,BUS,70207,W,"PARK, TAEYONG",PROB & STAT BUS APPL,Undergraduate,37,17,45.9%,8.41,3.76,3.71,3.76,3.71,4.06,3.65,4.71,3.53,3.94
2025,Fall,Tepper School of Business,BUS,70207,1,"LESSEM, REBECCA",PROB & STAT BUS APPL,Undergraduate,58,22,37.9%,7.32,3.82,3.77,4.05,3.86,3.95,3.82,4.27,3.77,3.91
2025,Fall,Tepper School of Business,BUS,70207,2,"LESSEM, REBECCA",PROB & STAT BUS APPL,Undergraduate,27,10,37.0%,6.50,3.90,4.30,4.00,4.00,4.10,3.90,4.30,3.70,3.90
2025,Fall,Tepper School of Business,BUS,70208,1,"LESSEM, REBECCA",REGRESSION ANALYSIS,Undergraduate,35,8,22.9%,6.88,4.25,4.50,4.63,4.38,4.13,4.88,4.75,4.63,4.75
2025,Fall,Tepper School of Business,BUS,70244,A2,"GRELLI, ALEX",CONTRACT LAW & STRAT,Undergraduate,28,9,32.1%,6.33,4.89,4.89,4.89,4.78,4.89,4.89,5.00,4.89,4.78
2025,Fall,Tepper School of Business,BUS,70246,A1,"JEN, JIM",ENTREP MINDSET,Undergraduate,26,15,57.7%,5.00,4.53,4.33,4.20,4.07,4.40,4.20,4.73,4.20,4.13
2025,Fall,Tepper School of Business,BUS,70257,1,"KILINC-KARZAN, FATMA",OPTI FOR BUSNS,Undergraduate,58,18,31.0%,8.17,4.28,4.39,4.44,4.22,4.44,4.50,4.56,4.39,4.39
2025,Fall,Tepper School of Business,BUS,70257,2,"KILINC-KARZAN, FATMA",OPTI FOR BUSNS,Undergraduate,61,30,49.2%,8.40,4.23,4.37,4.23,4.00,4.13,4.17,4.47,4.20,4.13
2025,Fall,Tepper School of Business,BUS,70302,A,"BEAMAN, JOSEPH",RESTAURANT BUILDER,Undergraduate,15,5,33.3%,5.60,4.80,4.60,4.60,4.80,4.80,4.60,4.80,4.80,4.80
2025,Fall,Tepper School of Business,BUS,70304,A2,"JAFRY OCONNOR, RUBAB",BLE III,Undergraduate,15,15,100.0%,4.00,4.87,4.80,4.93,4.87,4.87,4.80,4.87,4.93,4.93
2025,Fall,Tepper School of Business,BUS,70304,B2,"JAFRY OCONNOR, RUBAB",BLE III,Undergraduate,24,23,95.8%,3.70,4.65,4.61,4.83,4.48,4.70,4.61,4.30,4.35,4.30
2025,Fall,Tepper School of Business,BUS,70304,C2,"JAFRY OCONNOR, RUBAB",BLE III,Undergraduate,48,46,95.8%,3.96,4.74,4.43,4.59,4.43,4.65,4.50,4.43,4.33,4.30
2025,Fall,Tepper School of Business,BUS,70311,W,"HAAN, Ki-Won",ORGNZTN BEHAVIOR,Undergraduate,27,25,92.6%,7.04,5.00,5.00,5.00,5.00,5.00,5.00,5.00,5.00,5.00
2025,Fall,Tepper School of Business,BUS,70311,A,"RULKE, DIANE",ORGNZTN BEHAVIOR,Undergraduate,60,52,86.7%,5.63,4.35,4.35,4.40,4.17,4.37,4.33,4.54,4.21,4.29
2025,Fall,Tepper School of Business,BUS,70311,B,"RULKE, DIANE",ORGNZTN BEHAVIOR,Undergraduate,58,41,70.7%,5.00,4.39,4.41,4.37,4.24,4.27,4.27,4.66,4.29,4.17
2025,Fall,Tepper School of Business,BUS,70311,C,"RULKE, DIANE",ORGNZTN BEHAVIOR,Undergraduate,59,48,81.4%,4.75,4.30,4.25,4.40,4.02,4.42,4.38,4.60,4.28,4.11
2025,Fall,Tepper School of Business,BUS,70332,W,"BASSFORD, ANDREW",BUS SOCIETY & ETHICS,Undergraduate,22,19,86.4%,7.37,4.95,4.95,4.95,5.00,4.84,4.89,4.95,4.89,4.95
2025,Fall,Tepper School of Business,BUS,70332,A,"LEBEN, DEREK",BUS SOCIETY & ETHICS,Undergraduate,57,28,49.1%,5.32,4.68,4.68,4.82,4.32,4.75,4.79,4.79,4.82,4.75
2025,Fall,Tepper School of Business,BUS,70332,B,"LEBEN, DEREK",BUS SOCIETY & ETHICS,Undergraduate,60,29,48.3%,5.62,4.83,4.79,4.76,4.69,4.83,4.79,4.76,4.76,4.79
2025,Fall,Tepper School of Business,BUS,70332,C,"LEBEN, DEREK",BUS SOCIETY & ETHICS,Undergraduate,59,23,39.0%,5.26,4.78,4.74,4.65,4.48,4.74,4.74,4.83,4.83,4.74
2025,Fall,Tepper School of Business,BUS,70333,A,"CHAPMAN, MING MING",COMM DESIGN FOR BUS,Undergraduate,15,7,46.7%,6.71,5.00,4.86,4.86,4.86,4.86,4.86,4.86,4.86,4.86
2025,Fall,Tepper School of Business,BUS,70340,C,"PEACE, CHRISTOPHER",BUSINESS COMMUNCTNS,Undergraduate,24,12,50.0%,5.50,4.00,4.25,4.00,3.58,4.08,4.08,4.58,3.83,3.75
2025,Fall,Tepper School of Business,BUS,70340,D,"PEACE, CHRISTOPHER",BUSINESS COMMUNCTNS,Undergraduate,23,12,52.2%,8.08,3.17,3.08,3.17,3.25,3.08,3.33,3.83,3.25,3.00
2025,Fall,Tepper School of Business,BUS,70340,A,"BEVINS, CARLA",BUSINESS COMMUNCTNS,Undergraduate,24,15,62.5%,5.80,4.93,4.47,4.60,4.53,4.60,4.80,4.93,4.87,4.60
2025,Fall,Tepper School of Business,BUS,70340,B,"BEVINS, CARLA",BUSINESS COMMUNCTNS,Undergraduate,24,14,58.3%,6.07,4.43,3.71,4.29,4.29,4.14,3.86,4.46,3.92,3.69
2025,Fall,Tepper School of Business,BUS,70340,E,"DEJEU, Emily",BUSINESS COMMUNCTNS,Undergraduate,22,16,72.7%,6.31,4.75,4.69,4.50,4.44,4.63,4.63,4.69,4.50,4.31
2025,Fall,Tepper School of Business,BUS,70340,W,"MCGINNIS, J",BUSINESS COMMUNCTNS,Undergraduate,18,12,66.7%,11.33,4.50,3.92,4.25,4.67,4.33,4.25,4.50,4.50,4.00
2025,Fall,Tepper School of Business,BUS,70340,X,"MCGINNIS, J",BUSINESS COMMUNCTNS,Undergraduate,18,13,72.2%,16.23,4.00,3.54,3.92,3.92,3.92,3.85,3.92,3.92,3.62
2025,Fall,Tepper School of Business,BUS,70341,A,"TOMPROU, MARIA",TEAM DYNAMICS,Undergraduate,17,17,100.0%,7.12,4.65,4.18,4.41,4.29,4.53,4.47,4.82,4.41,4.18
2025,Fall,Tepper School of Business,BUS,70341,W,"HAAN, Ki-Won",TEAM DYNAMICS,Undergraduate,15,14,93.3%,8.21,4.92,4.69,4.77,4.92,4.85,4.85,5.00,4.69,4.77
2025,Fall,Tepper School of Business,BUS,70342,A,"TOMPROU, MARIA",MANAGE ACRSS CLTURES,Undergraduate,17,16,94.1%,6.13,4.75,4.06,4.38,4.56,4.56,4.56,4.88,4.44,4.50
2025,Fall,Tepper School of Business,BUS,70342,B,"TOMPROU, MARIA",MANAGE ACRSS CLTURES,Undergraduate,24,23,95.8%,6.17,4.52,3.96,4.22,3.96,4.26,4.26,4.70,4.13,3.96
2025,Fall,Tepper School of Business,BUS,70345,D,"WALTER, BETH",BUSINESS PRSNTATIONS,Undergraduate,18,3,16.7%,5.00,4.67,4.67,4.67,4.00,3.67,4.33,5.00,3.67,3.67
2025,Fall,Tepper School of Business,BUS,70345,E,"WALTER, BETH",BUSINESS PRSNTATIONS,Undergraduate,19,8,42.1%,6.13,5.00,5.00,4.88,4.88,4.88,5.00,5.00,4.88,5.00
2025,Fall,Tepper School of Business,BUS,70345,A,"DEPRETIS, ABBE",BUSINESS PRSNTATIONS,Undergraduate,19,17,89.5%,5.71,4.71,4.65,4.71,4.59,4.65,4.59,4.82,4.65,4.41
2025,Fall,Tepper School of Business,BUS,70345,C,"DEPRETIS, ABBE",BUSINESS PRSNTATIONS,Undergraduate,19,18,94.7%,5.50,5.00,4.94,4.94,4.94,5.00,5.00,5.00,5.00,4.94
2025,Fall,Tepper School of Business,BUS,70345,B,"CALIENDO, GUILLERMO",BUSINESS PRSNTATIONS,Undergraduate,17,5,29.4%,5.60,4.40,4.60,4.60,4.40,4.60,4.60,4.40,4.40,4.60
2025,Fall,Tepper School of Business,BUS,70345,F,"CALIENDO, GUILLERMO",BUSINESS PRSNTATIONS,Undergraduate,19,6,31.6%,5.00,4.83,4.67,4.83,4.67,4.67,4.67,5.00,4.67,4.67
2025,Fall,Tepper School of Business,BUS,70347,A,"BURKE, CLARA",ENTREPRENEUSHIP COMM,Undergraduate,6,4,66.7%,6.50,3.50,2.25,1.75,2.50,2.50,2.25,4.50,3.00,2.75
2025,Fall,Tepper School of Business,BUS,70350,B,"RIVERA LEBRON, JUAN",ACTING FOR BUSINESS,Undergraduate,20,8,40.0%,4.63,5.00,4.38,4.75,4.88,4.88,4.88,4.88,4.75,4.75
2025,Fall,Tepper School of Business,BUS,70350,C,"RIVERA LEBRON, JUAN",ACTING FOR BUSINESS,Undergraduate,20,11,55.0%,4.18,5.00,4.91,5.00,5.00,4.82,4.82,5.00,5.00,5.00
2025,Fall,Tepper School of Business,BUS,70350,A,"GOYETTE, DAVID",ACTING FOR BUSINESS,Undergraduate,19,17,89.5%,4.65,4.88,4.94,4.88,5.00,4.94,4.94,4.88,5.00,4.94
2025,Fall,Tepper School of Business,BUS,70371,W,"ADEINAT, IMAN",OPERATIONS MGMT,Undergraduate,22,11,50.0%,8.00,4.45,4.36,4.36,4.18,4.73,4.18,4.64,4.27,4.55
2025,Fall,Tepper School of Business,BUS,70371,A,"KEKRE, SUNDER",OPERATIONS MGMT,Undergraduate,40,10,25.0%,5.90,4.20,4.20,4.40,3.80,4.30,3.90,4.90,4.00,4.10
2025,Fall,Tepper School of Business,BUS,70371,B,"KEKRE, SUNDER",OPERATIONS MGMT,Undergraduate,46,20,43.5%,7.40,3.80,3.55,3.65,3.35,3.90,3.40,4.35,3.60,3.45
2025,Fall,Tepper School of Business,BUS,70377,W2,"COLLIER, BENJAMIN",MAN TECH TALENT,Undergraduate,13,8,61.5%,2.75,4.75,4.50,4.63,4.63,4.75,4.88,5.00,4.75,4.75
2025,Fall,Tepper School of Business,BUS,70378,A,"AKAN, MUSTAFA",BUSINESS OF HEALTHCA,Undergraduate,10,9,90.0%,5.67,5.00,4.56,4.67,4.67,4.78,4.56,5.00,4.67,4.67
2025,Fall,Tepper School of Business,BUS,70381,A,"STUETTGEN, PETER",MARKETING I,Undergraduate,23,20,87.0%,7.40,4.45,4.25,4.40,3.85,4.55,4.40,4.55,4.35,4.05
2025,Fall,Tepper School of Business,BUS,70381,B,"STUETTGEN, PETER",MARKETING I,Undergraduate,26,14,53.8%,9.93,4.14,4.36,4.14,3.86,4.43,4.14,4.00,4.07,3.93
2025,Fall,Tepper School of Business,BUS,70381,C,"STUETTGEN, PETER",MARKETING I,Undergraduate,38,21,55.3%,9.29,4.43,4.29,4.33,3.81,4.57,4.48,4.33,4.38,4.24
2025,Fall,Tepper School of Business,BUS,70381,W,"SHARMA, VARUN",MARKETING I,Undergraduate,18,12,66.7%,8.50,4.17,4.08,4.00,4.27,4.09,4.18,4.64,4.00,4.00
2025,Fall,Tepper School of Business,BUS,70387,A,"DERDENGER, TIM",STRAT HIGH-TECH PROD,Undergraduate,40,18,45.0%,6.67,4.56,4.39,4.65,4.41,4.65,4.56,4.72,4.56,4.56
2025,Fall,Tepper School of Business,BUS,70388,W,"FAROOQI, MUHAMMAD",ISLAMIC FIN,Undergraduate,14,7,50.0%,5.86,4.86,4.71,4.71,4.86,4.86,4.43,5.00,4.71,4.86
2025,Fall,Tepper School of Business,BUS,70391,W,"FAROOQI, MUHAMMAD",FINANCE,Undergraduate,10,7,70.0%,9.29,4.57,4.43,4.57,4.00,4.14,4.43,4.57,4.57,4.14
2025,Fall,Tepper School of Business,BUS,70391,C,"ALBERTUS, JAMES",FINANCE,Undergraduate,43,31,72.1%,6.74,4.42,4.35,4.29,3.94,4.55,4.29,4.77,4.39,4.23
2025,Fall,Tepper School of Business,BUS,70391,A,"BLONIEN, PATRICK",FINANCE,Undergraduate,47,25,53.2%,6.32,4.48,4.52,4.64,4.36,4.56,4.60,4.80,4.40,4.48
2025,Fall,Tepper School of Business,BUS,70391,B,"BLONIEN, PATRICK",FINANCE,Undergraduate,49,20,40.8%,6.80,4.25,4.30,4.35,3.90,4.40,4.15,4.75,4.00,4.20
2025,Fall,Tepper School of Business,BUS,70395,A,"TAINTER, AARON",FUNDING ENTREP VENTR,Undergraduate,37,20,54.1%,6.65,4.35,4.35,4.45,4.15,4.50,4.45,4.55,4.40,4.35
2025,Fall,Tepper School of Business,BUS,70398,A,"KHOKHER, ZEIGHAM",INTERNATNL FINANCE,Undergraduate,44,13,29.5%,7.77,4.77,4.77,4.69,4.62,4.77,4.77,4.69,4.77,4.77
2025,Fall,Tepper School of Business,BUS,70401,A,"BHATTACHARYAY, RIMA",MANAGEMENT GAME,Undergraduate,54,51,94.4%,6.84,4.37,3.78,4.00,4.06,4.27,4.08,4.47,4.02,3.98
2025,Fall,Tepper School of Business,BUS,70401,B,"BHATTACHARYAY, RIMA",MANAGEMENT GAME,Undergraduate,53,50,94.3%,6.80,4.26,3.66,3.96,3.80,4.02,3.96,4.56,3.90,3.86
2025,Fall,Tepper School of Business,BUS,70409,W,"HAKIM, MAHER",ENT EMERGING MKTS,Undergraduate,15,14,93.3%,8.86,4.43,4.50,4.50,4.14,4.64,4.29,4.50,4.29,4.43
2025,Fall,Tepper School of Business,BUS,70415,W,"HAKIM, MAHER",INTRO ENTREPRENRSHIP,Undergraduate,24,23,95.8%,9.43,4.30,4.30,4.39,3.83,4.57,4.57,4.61,4.39,4.35
2025,Fall,Tepper School of Business,BUS,70415,A,"OH, JEAN",INTRO ENTREPRENRSHIP,Undergraduate,42,26,61.9%,5.81,4.27,4.31,4.38,4.08,4.50,4.19,4.58,4.23,4.27
2025,Fall,Tepper School of Business,BUS,70415,B,"OH, JEAN",INTRO ENTREPRENRSHIP,Undergraduate,41,33,80.5%,6.18,4.50,4.34,4.41,4.31,4.44,4.44,4.63,4.44,4.31
2025,Fall,Tepper School of Business,BUS,70428,A,"RISCH, MAX",FINANCL STATMNT ANAL,Undergraduate,22,7,31.8%,7.57,4.43,4.43,4.43,4.43,4.43,4.43,4.57,4.43,4.43
2025,Fall,Tepper School of Business,BUS,70437,W,"FADLALLAH, HUSSEIN",STR MGMT & INNOV,Undergraduate,25,13,52.0%,8.00,4.92,4.92,4.85,5.00,4.92,5.00,5.00,4.92,4.92
2025,Fall,Tepper School of Business,BUS,70437,A,"HAHL, OLIVER",STR MGMT & INNOV,Undergraduate,13,9,69.2%,8.33,5.00,5.00,5.00,5.00,5.00,5.00,5.00,5.00,5.00
2025,Fall,Tepper School of Business,BUS,70438,A,"MAWHINNEY, DAVID",COMMERCLZN & INNOVTN,Undergraduate,13,3,23.1%,7.00,4.67,4.67,5.00,4.33,5.00,5.00,4.00,4.67,4.67
2025,Fall,Tepper School of Business,BUS,70443,W,"SHARMA, VARUN",DGTL MKTG SCL MD STG,Undergraduate,13,11,84.6%,11.82,4.45,4.00,4.27,4.55,4.45,4.36,4.73,4.18,4.00
2025,Fall,Tepper School of Business,BUS,70447,A,"KEKRE, SUNDER",CLIENT CONSULTING PR,Undergraduate,5,2,40.0%,14.00,2.50,2.50,2.50,2.00,3.00,2.50,3.00,2.50,2.50
2025,Fall,Tepper School of Business,BUS,70455,A,"MONROE, ROBERT",DATA MMGT FUND,Undergraduate,21,11,52.4%,8.82,4.36,4.55,4.36,4.27,4.45,4.55,4.82,4.45,4.45
2025,Fall,Tepper School of Business,BUS,70460,A,"ZHANG, Weizhong",MATH MDLS FR CNSLTNG,Undergraduate,8,4,50.0%,5.75,4.75,4.75,4.75,4.75,4.75,4.75,4.75,4.75,4.75
2025,Fall,Tepper School of Business,BUS,70464,A,"MANI, GANESH",AI & EMERGING ECON,Undergraduate,18,8,44.4%,4.25,4.88,4.63,4.75,4.63,5.00,4.88,5.00,4.75,4.38
2025,Fall,Tepper School of Business,BUS,70467,A,"SINGH, KARAN",ML FOR BUS ANALYTICS,Undergraduate,42,17,40.5%,6.76,4.18,4.00,4.06,3.88,4.47,4.12,4.53,3.88,3.94
2025,Fall,Tepper School of Business,BUS,70467,B,"SINGH, KARAN",ML FOR BUS ANALYTICS,Undergraduate,35,9,25.7%,6.67,4.89,5.00,4.78,5.00,5.00,4.89,4.89,4.78,4.67
2025,Fall,Tepper School of Business,BUS,70469,W,"CASTANO ZULUAGA, ANDRES",END TO END BUS ANALY,Undergraduate,7,7,100.0%,7.57,4.71,4.14,4.71,4.71,4.57,4.29,4.71,4.29,4.29
2025,Fall,Tepper School of Business,BUS,70469,A,"DIANA, EMILY",END TO END BUS ANALY,Undergraduate,37,23,62.2%,7.35,4.35,4.04,4.35,4.22,4.13,4.17,4.83,3.87,4.04
2025,Fall,Tepper School of Business,BUS,70481,W,"ADEINAT, IMAN",MARKETING RESEARCH,Undergraduate,5,5,100.0%,9.80,4.60,4.00,4.40,4.80,4.40,4.80,4.60,4.20,4.20
2025,Fall,Tepper School of Business,BUS,70483,A,"MURPHY, MELISSA",ADVRTS & MARKET COMM,Undergraduate,20,9,45.0%,6.33,4.78,4.78,4.78,4.78,4.78,4.78,4.89,4.78,4.89
2025,Fall,Tepper School of Business,BUS,70491,A2,"ALBERTUS, JAMES",PRIVATE EQUITY,Undergraduate,44,27,61.4%,4.22,4.56,4.48,4.62,4.48,4.56,4.37,4.89,4.44,4.33
2025,Fall,Tepper School of Business,BUS,70493,W,"AKGUC, SERKAN",VALUATION AND FIN MO,Undergraduate,10,8,80.0%,17.50,4.25,4.13,4.38,3.88,4.50,4.25,4.13,4.13,4.25
2025,Fall,Tepper School of Business,BUS,70496,A1,"ALBERTUS, JAMES",VENTURE CAPITAL,Undergraduate,33,8,24.2%,5.38,4.13,3.88,3.88,3.50,4.13,4.13,4.63,4.00,3.50
2025,Fall,Tepper School of Business,BUS,70497,A,"SEPPI, DUANE",DERIVATIVE SECURTIES,Undergraduate,19,5,26.3%,12.80,4.00,3.60,3.80,3.60,4.00,3.20,4.00,3.40,3.40
2025,Fall,Tepper School of Business,BUS,70498,A,"LIANG, JINGHONG",BUS LANG ANALYTICS,Undergraduate,16,11,68.8%,6.64,4.82,4.64,4.73,4.82,4.64,4.73,4.91,4.73,4.73
2025,Fall,Carnegie Mellon University,BXA,52401,A,"HAGAN, CARRIE",BXA SEM IV: CAPSTONE,Undergraduate,22,4,18.2%,2.75,4.75,4.75,4.75,4.50,4.75,5.00,4.75,4.75,4.50
2025,Fall,Carnegie Mellon University,BXA,52401,B,"HAGAN, CARRIE",BXA SEM IV: CAPSTONE,Undergraduate,19,3,15.8%,5.00,4.00,4.33,4.00,3.33,3.67,3.67,4.00,3.67,4.00
2025,Fall,Carnegie Mellon University,BXA,52401,A,"MURRAY, M. STEPHANIE",BXA SEM IV: CAPSTONE,Undergraduate,22,4,18.2%,2.75,5.00,4.75,5.00,5.00,4.75,5.00,5.00,4.75,4.50
2025,Fall,Carnegie Mellon University,BXA,52401,B,"MURRAY, M. STEPHANIE",BXA SEM IV: CAPSTONE,Undergraduate,19,3,15.8%,5.00,4.67,5.00,5.00,4.00,4.00,4.00,5.00,4.67,4.33
2025,Fall,Carnegie Mellon University,BXA,52401,A,"MARCUM, CARL",BXA SEM IV: CAPSTONE,Undergraduate,22,4,18.2%,2.75,4.50,4.50,4.50,4.50,4.50,4.50,4.50,4.50,4.50
2025,Fall,Carnegie Mellon University,BXA,52401,B,"MARCUM, CARL",BXA SEM IV: CAPSTONE,Undergraduate,19,3,15.8%,5.00,4.00,4.00,4.33,3.33,3.67,4.00,4.00,3.67,4.00
2025,Fall,School of Computer Science,CB,02120,1,"COMPEAU, PHILLIP",PROG SCIENTISTS,Undergraduate,28,21,75.0%,10.14,4.71,4.33,4.43,4.05,4.48,4.48,4.52,4.48,4.29
2025,Fall,School of Computer Science,CB,02261,1,"KANGAS, JOSHUA",QNTV CL MLC BLG LAB,Undergraduate,42,25,59.5%,7.76,4.44,3.84,4.12,4.00,4.24,4.12,4.76,4.12,3.96
2025,Fall,School of Computer Science,CB,02261,1,"BHATT, ROSHNI",QNTV CL MLC BLG LAB,Undergraduate,42,25,59.5%,7.88,4.56,3.64,4.00,3.76,4.20,4.00,4.80,3.88,3.76
2025,Fall,School of Computer Science,CB,02414,A,"KINGSFORD, CARL",STRING ALGORITHMS,Undergraduate,3,1,33.3%,5.00,4.00,4.00,5.00,4.00,5.00,5.00,5.00,5.00,4.00
2025,Fall,School of Computer Science,CB,02512,A,"SCHWARTZ, RUSSELL",CMPL MTH BIO MDL SMT,Undergraduate,13,8,61.5%,6.50,4.00,4.13,4.13,3.38,4.13,3.75,4.63,3.75,3.38
2025,Fall,School of Computer Science,CB,02512,A,"CARJA, OANA",CMPL MTH BIO MDL SMT,Undergraduate,13,8,61.5%,6.50,4.38,4.13,4.13,3.25,4.25,3.75,4.88,3.63,3.63
2025,Fall,School of Computer Science,CB,02518,A,"WU, WEI",COMP MEDICINE,Undergraduate,4,3,75.0%,8.00,4.00,5.00,5.00,3.33,4.67,4.33,5.00,4.00,4.33
2025,Fall,School of Computer Science,CB,02542,A,"CUBA SAMANIEGO, CHRISTIAN",BIO CIRCUIT DESIGN,Undergraduate,2,2,100.0%,6.50,5.00,3.50,4.00,5.00,4.00,4.00,5.00,4.00,4.00
2025,Fall,School of Computer Science,CB,02601,1,"BHATT, ROSHNI",PRGRMMING SCIENTISTS,Graduate,47,39,83.0%,14.26,4.49,3.97,4.13,4.03,4.18,4.10,4.54,4.10,3.79
2025,Fall,School of Computer Science,CB,02601,1,"LUGO-MARTINEZ, JOSE",PRGRMMING SCIENTISTS,Graduate,47,39,83.0%,13.95,3.95,3.64,3.72,3.72,4.08,3.62,4.18,3.69,3.69
2025,Fall,School of Computer Science,CB,02602,A,"DEBLASIO, DAN",PROF ISSUES COMP BIO,Graduate,16,10,62.5%,3.20,4.80,4.90,4.80,4.70,4.70,4.70,4.90,4.80,4.80
2025,Fall,School of Computer Science,CB,02602,A,"BRASIER, DJ",PROF ISSUES COMP BIO,Graduate,16,10,62.5%,3.20,4.90,4.90,4.90,4.80,4.80,4.80,4.90,4.90,4.90
2025,Fall,School of Computer Science,CB,02613,1,"DEBLASIO, DAN",ALGR & ADV DTA STRC,Graduate,31,18,58.1%,14.17,3.33,3.71,3.50,2.83,3.56,2.67,3.83,2.94,2.94
2025,Fall,School of Computer Science,CB,02614,A,"KINGSFORD, CARL",STRING ALGORITHMS,Graduate,5,2,40.0%,12.50,5.00,4.50,5.00,4.50,5.00,5.00,5.00,5.00,5.00
2025,Fall,School of Computer Science,CB,02680,1,"XU, MIN",ESS MATH STAT SCI,Graduate,70,42,60.0%,8.21,4.02,3.98,4.05,3.83,4.10,3.74,4.71,3.76,3.83
2025,Fall,School of Computer Science,CB,02712,A,"CARJA, OANA",CMPL MTHD BIO MDL SM,Graduate,58,35,60.3%,9.40,4.71,4.49,4.66,4.51,4.74,4.57,4.91,4.60,4.46
2025,Fall,School of Computer Science,CB,02712,A,"SCHWARTZ, RUSSELL",CMPL MTHD BIO MDL SM,Graduate,58,35,60.3%,9.40,4.57,4.66,4.57,4.57,4.60,4.66,4.89,4.63,4.43
2025,Fall,School of Computer Science,CB,02718,A,"WU, WEI",COM MEDICINE,Graduate,39,22,56.4%,8.14,4.50,4.32,4.41,4.05,4.32,4.32,4.86,4.14,4.27
2025,Fall,School of Computer Science,CB,02741,A,"MA, JIAN",GEN AI BIOMED,Graduate,33,15,45.5%,10.87,4.13,4.20,4.27,4.27,4.40,4.13,4.47,4.27,3.93
2025,Fall,School of Computer Science,CB,02741,A,"LI, LEI",GEN AI BIOMED,Graduate,33,15,45.5%,10.87,4.00,3.93,4.07,3.87,4.27,3.93,4.07,4.00,3.87
2025,Fall,School of Computer Science,CB,02742,A,"CUBA SAMANIEGO, CHRISTIAN",BIO CIRCUIT DESIGN,Graduate,6,3,50.0%,11.00,5.00,5.00,5.00,5.00,5.00,5.00,5.00,5.00,5.00
2025,Fall,School of Computer Science,CB,02744,1,"ZHANG, MARTIN",INTRO STAT GENETIC,Graduate,18,12,66.7%,9.75,5.00,4.92,4.92,4.83,4.92,5.00,5.00,4.92,4.92
2025,Fall,School of Computer Science,CB,02744,1,"BORDER, RICHARD",INTRO STAT GENETIC,Graduate,18,12,66.7%,10.00,4.33,4.58,4.58,4.42,4.58,4.33,5.00,4.42,4.83
2025,Fall,School of Computer Science,CB,02763,A,"KANGAS, JOSHUA",AUTO SCI CAPSTONE I,Graduate,5,0,0.0%,,,,,,,,,,
2025,Fall,School of Computer Science,CB,02801,A,"STENGER, NICOLE",COMP BIO INTERNSHIP,Graduate,2,1,50.0%,8.00,5.00,5.00,5.00,5.00,5.00,5.00,5.00,5.00,5.00
2025,Fall,Carnegie Institute of Technology,CEE,12100,1,"OZIS, FETHIYE",EXPLORING CEE,Undergraduate,61,58,95.1%,8.78,4.48,3.31,3.68,3.49,4.28,3.34,4.67,3.59,3.40
2025,Fall,Carnegie Institute of Technology,CEE,12200,A,"FLANIGAN, KATHERINE",CEE CHALLENGES,Undergraduate,23,15,65.2%,6.60,4.60,4.60,4.53,4.27,4.40,4.47,4.60,4.60,4.67
2025,Fall,Carnegie Institute of Technology,CEE,12200,B,"FLANIGAN, KATHERINE",CEE CHALLENGES,Undergraduate,3,3,100.0%,6.00,5.00,4.33,4.67,4.67,4.33,4.67,5.00,4.67,4.33
2025,Fall,Carnegie Institute of Technology,CEE,12212,A,"CHRISTIAN, SARAH",STATICS,Undergraduate,24,14,58.3%,7.79,4.64,3.93,4.36,4.29,4.36,4.07,4.71,3.93,4.00
2025,Fall,Carnegie Institute of Technology,CEE,12233,A,"GREGORY, KELVIN",CEE INF SYS ACT,Undergraduate,22,18,81.8%,2.17,4.50,4.44,4.61,4.22,4.78,4.61,4.72,4.50,4.56
2025,Fall,Carnegie Institute of Technology,CEE,12301,A,"MOORE, JOE",CEE PROJECTS,Undergraduate,17,16,94.1%,6.69,3.75,2.94,2.94,3.13,3.75,3.38,4.38,3.50,3.25
2025,Fall,Carnegie Institute of Technology,CEE,12301,B,"MOORE, JOE",CEE PROJECTS,Undergraduate,9,4,44.4%,6.50,4.25,2.50,2.75,3.00,3.75,2.75,3.75,3.00,3.00
2025,Fall,Carnegie Institute of Technology,CEE,12351,A,"MOORE, JOE",ENVRMNTL ENGINEERING,Undergraduate,24,23,95.8%,7.61,4.22,3.70,3.70,3.52,3.91,3.52,4.57,3.48,3.35
2025,Fall,Carnegie Institute of Technology,CEE,12351,B,"MOORE, JOE",ENVRMNTL ENGINEERING,Undergraduate,3,3,100.0%,8.00,4.00,3.00,3.67,3.33,4.33,3.67,5.00,3.67,3.67
2025,Fall,Carnegie Institute of Technology,CEE,12355,A,"GREGORY, KELVIN",FLUID MECHANICS,Undergraduate,15,15,100.0%,7.60,4.47,4.73,4.60,4.13,4.73,4.60,4.80,4.67,4.60
2025,Fall,Carnegie Institute of Technology,CEE,12355,B,"GREGORY, KELVIN",FLUID MECHANICS,Undergraduate,10,9,90.0%,8.67,4.67,4.78,4.89,4.22,4.78,4.67,4.78,4.67,4.44
2025,Fall,Carnegie Institute of Technology,CEE,12355,C,"GREGORY, KELVIN",FLUID MECHANICS,Undergraduate,4,3,75.0%,8.00,4.33,4.33,4.33,3.67,4.33,4.00,5.00,4.33,4.00
2025,Fall,Carnegie Institute of Technology,CEE,12356,1,"GREGORY, KELVIN",FLUID MECHANICS LAB,Undergraduate,25,23,92.0%,4.09,4.52,4.30,4.39,4.00,4.48,4.61,4.74,4.52,4.30
2025,Fall,Carnegie Institute of Technology,CEE,12401,1,"CHRISTIAN, SARAH",CEE DESIGN,Undergraduate,29,19,65.5%,11.95,4.37,3.32,3.74,3.79,4.16,3.68,4.58,3.95,3.84
2025,Fall,Carnegie Institute of Technology,CEE,12401,1,"OZIS, FETHIYE",CEE DESIGN,Undergraduate,29,19,65.5%,11.95,4.58,3.32,3.79,3.84,4.32,3.79,4.74,3.95,3.74
2025,Fall,Carnegie Institute of Technology,CEE,12411,A,"TANG, PINGBO",PRJ MGMT ENG CONSTR,Undergraduate,22,21,95.5%,8.57,4.24,3.19,3.55,3.80,4.20,3.90,4.71,3.71,3.48
2025,Fall,Carnegie Institute of Technology,CEE,12411,B,"TANG, PINGBO",PRJ MGMT ENG CONSTR,Undergraduate,10,9,90.0%,6.67,4.00,2.89,2.67,3.44,4.33,3.67,4.44,3.22,2.89
2025,Fall,Carnegie Institute of Technology,CEE,12411,C,"TANG, PINGBO",PRJ MGMT ENG CONSTR,Undergraduate,16,14,87.5%,11.71,4.64,4.14,4.43,4.21,4.57,4.21,4.86,4.36,4.14
2025,Fall,Carnegie Institute of Technology,CEE,12600,A2,"KURLAND, KRISTEN",AUTOCAD,Graduate,29,15,51.7%,4.20,3.93,4.60,4.60,3.93,4.40,4.53,4.20,4.40,4.40
2025,Fall,Carnegie Institute of Technology,CEE,12607,A,"SAMARAS, CONSTANTINOS",ST AI EN PL CL MT RS,Graduate,2,2,100.0%,5.00,5.00,5.00,5.00,5.00,5.00,5.00,5.00,5.00,5.00
2025,Fall,Carnegie Institute of Technology,CEE,12612,A,"CHEN, XIAOJU",INTRO SUST ENG,Graduate,5,4,80.0%,5.75,4.75,4.50,4.25,3.75,4.75,4.50,5.00,4.50,4.25
2025,Fall,Carnegie Institute of Technology,CEE,12623,1,"WANG, JERRY",MOL SIM MATERIAL,Graduate,8,6,75.0%,12.50,5.00,5.00,5.00,4.83,4.83,5.00,5.00,5.00,5.00
2025,Fall,Carnegie Institute of Technology,CEE,12635,1,"THOMPSON, JAMES",STRUCTURAL ANALYSIS,Graduate,11,7,63.6%,15.00,4.43,4.14,4.29,3.86,4.57,4.43,4.00,4.14,4.29
2025,Fall,Carnegie Institute of Technology,CEE,12644,A1,"QIAN, SEAN",INTRO TRAN SY AN,Graduate,19,10,52.6%,6.80,4.80,4.90,4.90,4.40,4.90,4.90,4.80,4.80,4.80
2025,Fall,Carnegie Institute of Technology,CEE,12645,A2,"QIAN, SEAN",SMART CITIES,Graduate,21,14,66.7%,7.36,4.93,5.00,5.00,4.93,4.93,5.00,4.93,5.00,5.00
2025,Fall,Carnegie Institute of Technology,CEE,12652,A,"MOORE, JOE",ENV ENG,Graduate,2,2,100.0%,8.00,4.50,4.50,4.50,3.00,4.50,4.50,5.00,4.50,4.50
2025,Fall,Carnegie Institute of Technology,CEE,12657,A,"ROUNCE, DAVID",WTR RESOURCE SYS ENG,Graduate,3,3,100.0%,9.00,4.67,4.33,4.33,4.00,5.00,4.33,5.00,4.67,4.33
2025,Fall,Carnegie Institute of Technology,CEE,12703,A,"DAYAL, KAUSHIK",NUMERCL MTHD ENGING,Graduate,9,9,100.0%,7.33,4.78,4.89,4.89,4.78,4.78,4.89,4.89,4.67,4.56
2025,Fall,Carnegie Institute of Technology,CEE,12704,A,"POZZI, MATTEO",PR EST MTHD ENG SYS,Graduate,30,19,63.3%,10.58,4.05,4.37,4.37,4.11,4.32,4.21,4.63,4.21,3.95
2025,Fall,Carnegie Institute of Technology,CEE,12706,A,"NOCK, DESTENIE",CIV SYS INV PLN PRCE,Graduate,32,29,90.6%,12.69,4.79,4.59,4.66,4.52,4.72,4.62,4.93,4.76,4.72
2025,Fall,Carnegie Institute of Technology,CEE,12707,A,"SAMARAS, CONSTANTINOS",ST AI EN PL CL MT RS,Graduate,20,18,90.0%,8.00,4.89,4.67,4.50,4.39,4.89,4.83,4.94,4.89,4.56
2025,Fall,Carnegie Institute of Technology,CEE,12712,A,"CHEN, XIAOJU",SUSTNBL ENGRG PRINC,Graduate,13,8,61.5%,11.13,4.38,4.38,4.50,4.00,4.50,4.38,4.63,4.13,4.00
2025,Fall,Carnegie Institute of Technology,CEE,12722,A,"LOWRY, GREGORY",ADV CHEM THERMO ENV,Graduate,13,8,61.5%,11.75,5.00,4.50,4.57,4.86,5.00,4.71,5.00,5.00,5.00
2025,Fall,Carnegie Institute of Technology,CEE,12726,A,"FAKHREDDINE, SARAH",MATH MDL ENV SYS,Graduate,12,10,83.3%,9.20,5.00,4.90,4.80,4.70,4.90,4.80,4.90,4.80,4.90
2025,Fall,Carnegie Institute of Technology,CEE,12741,A2,"BERGES, MARIO",DATA MANAGEMENT,Graduate,21,11,52.4%,9.91,4.36,4.09,4.00,4.00,4.18,4.09,4.45,3.91,4.00
2025,Fall,Carnegie Institute of Technology,CEE,12746,A1,"Richards, MARGARET",ST: PYTHON PROTOTYP,Graduate,23,10,43.5%,8.00,4.90,4.60,4.80,4.90,4.90,4.90,5.00,4.90,4.70
2025,Fall,Carnegie Institute of Technology,CEE,12757,A,"ROUNCE, DAVID",WTR RESOURCE SYS ENG,Graduate,10,9,90.0%,11.33,4.78,4.44,4.67,4.44,4.89,4.78,4.89,4.67,4.67
2025,Fall,Carnegie Institute of Technology,CEE,12766,A,"MORGAN, M GRANGER",CLIMATE CHG,Graduate,12,8,66.7%,9.88,4.38,3.50,3.88,3.88,4.88,4.88,4.50,4.50,4.50
2025,Fall,Carnegie Institute of Technology,CEE,12772,A,"ACHARYA, AMIT",INELASTICITY,Graduate,2,2,100.0%,11.00,5.00,5.00,4.50,4.50,4.50,4.50,4.50,4.50,4.50
2025,Fall,Carnegie Institute of Technology,CEE,12780,A2,"Richards, MARGARET",ST:ADV PYTHON,Graduate,16,11,68.8%,8.64,5.00,5.00,5.00,5.00,5.00,4.82,5.00,5.00,4.91
2025,Fall,Carnegie Institute of Technology,CEE,12783,B,"HARPER, Corey",GEOGRPHC INFO SYSTEM,Graduate,22,22,100.0%,10.68,4.45,4.55,4.55,4.41,4.55,4.41,4.59,4.36,4.45
2025,Fall,Carnegie Institute of Technology,CEE,12790,A,"AKINCI, BURCU",TEACHING WORKSHOP,Graduate,12,6,50.0%,6.17,4.17,4.17,4.17,3.83,3.83,4.20,4.60,4.20,4.20
2025,Fall,Carnegie Institute of Technology,CEE,12794,E,"DAYAL, KAUSHIK",GRADUATE SEMINAR,Graduate,47,22,46.8%,3.79,4.63,4.74,4.74,4.74,4.79,4.68,4.84,4.74,4.74
2025,Fall,Carnegie Institute of Technology,CEE,12794,E,"QIAN, SEAN",GRADUATE SEMINAR,Graduate,47,22,46.8%,3.36,4.57,4.62,4.65,4.62,4.62,4.62,4.71,4.57,4.52
2025,Fall,Carnegie Institute of Technology,CEE,12794,A,"ROUNCE, DAVID",GRADUATE SEMINAR,Graduate,24,10,41.7%,2.00,4.70,4.70,4.70,4.40,4.60,4.60,4.80,4.50,4.40
2025,Fall,Carnegie Institute of Technology,CEE,12794,B,"FLANIGAN, KATHERINE",GRADUATE SEMINAR,Graduate,11,7,63.6%,3.29,4.71,4.71,4.71,4.71,4.71,4.71,4.71,4.71,4.57
2025,Fall,Carnegie Institute of Technology,CEE,12794,D,"NOCK, DESTENIE",GRADUATE SEMINAR,Graduate,19,7,36.8%,2.00,4.43,4.29,4.43,4.43,4.43,4.43,4.29,4.57,4.43
2025,Fall,Carnegie Institute of Technology,CEE,12794,C,"WANG, JERRY",GRADUATE SEMINAR,Graduate,9,5,55.6%,2.60,5.00,4.60,5.00,5.00,5.00,5.00,5.00,5.00,5.00
2025,Fall,Carnegie Institute of Technology,CEE,12830,A,"WEISS, MICHAEL",PRIN DGT TW,Graduate,8,6,75.0%,13.50,4.83,3.50,3.83,2.67,4.33,4.17,4.50,4.17,3.33
2025,Fall,Carnegie Institute of Technology,CEE,12830,B,"WEISS, MICHAEL",PRIN DGT TW,Graduate,17,10,58.8%,8.90,4.60,4.60,4.60,4.40,4.40,4.20,4.70,4.50,4.40
2025,Fall,Carnegie Institute of Technology,CEE,12831,A,"WEISS, MICHAEL",DIG TW AI PRED ANLY,Graduate,4,2,50.0%,11.00,4.50,4.00,4.50,4.50,4.50,4.00,5.00,4.00,4.50
2025,Fall,College of Fine Arts,CFA,62111,A,"MCGOWAN, STEFANIE",GLASS CASTING,Undergraduate,4,0,0.0%,,,,,,,,,,
2025,Fall,College of Fine Arts,CFA,62138,A2,"MANTLE, T. ROSS",PHOTO LIGHTING,Undergraduate,7,4,57.1%,5.00,4.75,4.75,5.00,4.75,5.00,4.50,5.00,5.00,4.75
2025,Fall,College of Fine Arts,CFA,62139,A1,"MANTLE, T. ROSS",PHOTO WALK,Undergraduate,4,1,25.0%,8.00,5.00,5.00,5.00,5.00,5.00,5.00,5.00,5.00,5.00
2025,Fall,College of Fine Arts,CFA,62140,A,"MARTELLO, BRYAN",IMAGES IN SPACE,Undergraduate,3,0,0.0%,,,,,,,,,,
2025,Fall,College of Fine Arts,CFA,62141,C,"ANTONELLI, KAREN",B & W PHOTOGRAPHY I,Undergraduate,9,8,88.9%,10.25,5.00,4.63,5.00,4.88,4.75,5.00,5.00,4.88,5.00
2025,Fall,College of Fine Arts,CFA,62141,A,"CARROLL, SEAN",B & W PHOTOGRAPHY I,Undergraduate,5,2,40.0%,11.00,5.00,5.00,5.00,5.00,5.00,5.00,5.00,5.00,5.00
2025,Fall,College of Fine Arts,CFA,62141,B,"CARROLL, SEAN",B & W PHOTOGRAPHY I,Undergraduate,5,2,40.0%,14.00,4.50,5.00,5.00,5.00,5.00,5.00,5.00,5.00,5.00
2025,Fall,College of Fine Arts,CFA,62142,A,"MANTLE, T. ROSS",DIGITAL PHOTOGRPHY I,Undergraduate,7,6,85.7%,9.00,5.00,4.67,4.83,4.83,4.67,4.33,5.00,4.83,4.67
2025,Fall,College of Fine Arts,CFA,62142,B,"BLUM, AARON",DIGITAL PHOTOGRPHY I,Undergraduate,4,0,0.0%,,,,,,,,,,
2025,Fall,College of Fine Arts,CFA,62150,B,"BARBUTO, NINA MARIE",INT MDIA SNTH & ANLS,Undergraduate,6,3,50.0%,8.00,5.00,4.33,4.67,4.67,5.00,5.00,5.00,5.00,4.67
2025,Fall,College of Fine Arts,CFA,62150,A,"PINCHUK, NATALYA",INT MDIA SNTH & ANLS,Undergraduate,7,3,42.9%,6.00,4.67,4.33,4.67,4.67,4.67,4.33,4.33,4.33,4.67
2025,Fall,College of Fine Arts,CFA,62150,C,"NISA, RICHARD",INT MDIA SNTH & ANLS,Undergraduate,4,1,25.0%,8.00,5.00,5.00,5.00,5.00,5.00,5.00,5.00,5.00,5.00
2025,Fall,College of Fine Arts,CFA,62232,A,"LETTS KOVAK, KRISTEN",EYE MIND HAND,Undergraduate,10,7,70.0%,9.29,5.00,4.86,4.86,4.71,4.86,4.86,4.57,4.86,4.71
2025,Fall,College of Fine Arts,CFA,62236,A,"MCGOWAN, STEFANIE",FUSING AND CASTING,Undergraduate,3,0,0.0%,,,,,,,,,,
2025,Fall,College of Fine Arts,CFA,62241,A,"GRUZSKA, JAMIE",BL WH PHOTOGRPHY II,Undergraduate,3,2,66.7%,12.50,5.00,4.00,4.50,5.00,5.00,5.00,5.00,5.00,5.00
2025,Fall,College of Fine Arts,CFA,62247,A,"MCGOWAN, STEFANIE",HOT GLASS I,Undergraduate,4,2,50.0%,5.00,4.00,5.00,5.00,5.00,5.00,5.00,4.00,4.00,4.50
2025,Fall,College of Fine Arts,CFA,62247,B,"MCGOWAN, STEFANIE",HOT GLASS I,Undergraduate,3,0,0.0%,,,,,,,,,,
2025,Fall,College of Fine Arts,CFA,62247,C,"MCGOWAN, STEFANIE",HOT GLASS I,Undergraduate,4,1,25.0%,5.00,5.00,5.00,5.00,5.00,5.00,5.00,5.00,5.00,5.00
2025,Fall,College of Fine Arts,CFA,62247,D,"MCGOWAN, STEFANIE",HOT GLASS I,Undergraduate,7,3,42.9%,3.00,4.33,4.33,4.67,4.33,4.00,5.00,5.00,5.00,5.00
2025,Fall,College of Fine Arts,CFA,62247,E,"MCGOWAN, STEFANIE",HOT GLASS I,Undergraduate,8,7,87.5%,2.86,4.17,4.50,4.50,4.17,4.33,4.33,4.50,4.50,4.71
2025,Fall,College of Fine Arts,CFA,62256,A,"MCGOWAN, STEFANIE",INTRO COLDWORKING,Undergraduate,2,1,50.0%,2.00,5.00,5.00,5.00,5.00,5.00,5.00,5.00,5.00,5.00
2025,Fall,College of Fine Arts,CFA,62256,B,"MCGOWAN, STEFANIE",INTRO COLDWORKING,Undergraduate,3,2,66.7%,2.00,5.00,5.00,5.00,5.00,5.00,5.00,5.00,5.00,5.00
2025,Fall,College of Fine Arts,CFA,62281,A,"BLUM, AARON",INTERMEDIATE DIGITAL,Undergraduate,5,1,20.0%,5.00,4.00,3.00,3.00,4.00,3.00,5.00,4.00,4.00,4.00
2025,Fall,College of Fine Arts,CFA,62314,A1,"BENIGNI, TIFFANY",ART OF PERS FINANCE,Undergraduate,31,25,80.6%,3.92,4.68,4.72,4.68,4.52,4.88,4.67,4.79,4.67,4.67
2025,Fall,College of Fine Arts,CFA,62315,A,"CUPKOVA, DANA",SHAPING ENVIRONS,Undergraduate,10,10,100.0%,10.10,4.40,3.80,4.10,4.40,4.40,4.40,4.30,4.50,4.40
2025,Fall,College of Fine Arts,CFA,62344,A,"MCGOWAN, STEFANIE",MOSAICS,Undergraduate,2,0,0.0%,,,,,,,,,,
2025,Fall,College of Fine Arts,CFA,62347,B,"MCGOWAN, STEFANIE",HOT GLASS II,Undergraduate,4,1,25.0%,5.00,5.00,5.00,4.00,5.00,5.00,5.00,5.00,5.00,5.00
2025,Fall,College of Fine Arts,CFA,62371,A,"MAY, AKEMI",PHOTOG FIRST 100 YRS,Undergraduate,7,3,42.9%,6.00,4.33,4.33,4.67,4.00,5.00,5.00,5.00,5.00,4.33
2025,Fall,College of Fine Arts,CFA,62398,D,"CARROLL, SEAN",TOPICS IN PHOTOGRPHY,Undergraduate,2,1,50.0%,8.00,5.00,4.00,5.00,5.00,5.00,5.00,5.00,5.00,5.00
2025,Fall,College of Fine Arts,CFA,62404,A,"CHRISTOPHERSON, LAURA",CFA LEADERSHIP SEM,Undergraduate,9,9,100.0%,6.33,4.67,4.67,4.44,3.89,4.44,4.33,4.11,4.33,4.33
2025,Fall,College of Fine Arts,CFA,62423,A,"ZACHARIAS, ROBERT",IDEATE ADV PHYS COMP,Undergraduate,5,4,80.0%,11.75,4.00,4.25,4.25,4.25,4.50,4.25,4.00,4.00,4.00
2025,Fall,College of Fine Arts,CFA,62446,A,"MCGOWAN, STEFANIE",HOT GLASS III,Undergraduate,3,0,0.0%,,,,,,,,,,
2025,Fall,College of Fine Arts,CFA,62450,B,"MCGOWAN, STEFANIE",FLAME I,Undergraduate,7,5,71.4%,2.60,5.00,5.00,5.00,5.00,5.00,5.00,5.00,5.00,5.00
2025,Fall,College of Fine Arts,CFA,62459,A,"MCGOWAN, STEFANIE",STAINED GLASS,Undergraduate,5,2,40.0%,2.00,5.00,5.00,5.00,5.00,5.00,5.00,5.00,5.00,5.00
2025,Fall,College of Fine Arts,CFA,62459,B,"MCGOWAN, STEFANIE",STAINED GLASS,Undergraduate,3,1,33.3%,2.00,4.00,3.00,3.00,3.00,3.00,3.00,3.00,3.00,3.00
2025,Fall,College of Fine Arts,CFA,62474,A,"BECK, KIMBERLY",PHOTOBOOK,Undergraduate,2,1,50.0%,8.00,5.00,3.00,4.00,5.00,5.00,3.00,5.00,4.00,4.00
2025,Fall,College of Fine Arts,CFA,62476,A,"MCGOWAN, STEFANIE",FLAME OPEN PROJECTS,Undergraduate,3,1,33.3%,5.00,5.00,5.00,5.00,5.00,5.00,5.00,5.00,5.00,5.00
2025,Fall,College of Fine Arts,CFA,62478,A,"PATTON, JAYLA",DIGITOOL,Undergraduate,20,7,35.0%,5.00,5.00,4.71,5.00,4.86,5.00,4.86,5.00,4.86,5.00
2025,Fall,College of Fine Arts,CFA,62661,A2,"STEBBINS, MARY",IN & EXP PSCH BRD LG,Graduate,9,3,33.3%,3.00,5.00,5.00,5.00,5.00,5.00,5.00,5.00,5.00,5.00
2025,Fall,College of Fine Arts,CFA,62661,A2,"ZEGLIN, GARTH",IN & EXP PSCH BRD LG,Graduate,9,3,33.3%,3.00,5.00,5.00,5.00,5.00,5.00,5.00,5.00,5.00,5.00
2025,Fall,College of Fine Arts,CFA,62715,A,"CUPKOVA, DANA",SHPING BLT ENV GRAD,Graduate,10,7,70.0%,10.14,5.00,5.00,5.00,5.00,5.00,5.00,5.00,5.00,5.00
2025,Fall,Carnegie Institute of Technology,CHE,06100,1,"BECKWITH MADDOCK, JOANNE",INTRO TO CHEM ENGR,Undergraduate,47,44,93.6%,10.95,4.52,4.43,4.43,4.11,4.50,4.23,4.48,4.23,4.09
2025,Fall,Carnegie Institute of Technology,CHE,06100,1,"AITBEKOVA, AISULU",INTRO TO CHEM ENGR,Undergraduate,47,44,93.6%,10.95,4.52,4.18,4.32,4.16,4.41,4.18,4.70,4.18,4.05
2025,Fall,Carnegie Institute of Technology,CHE,06223,A,"CHAN, DAPHNE WY",CHEME THERMODYNAMICS,Undergraduate,52,51,98.1%,13.33,3.73,3.65,3.53,3.08,3.78,3.29,4.33,3.31,3.18
2025,Fall,Carnegie Institute of Technology,CHE,06310,A,"TILTON, ROBERT",MOLECULAR FOUN CHEME,Undergraduate,42,20,47.6%,9.05,4.65,4.65,4.70,4.45,4.60,4.40,4.70,4.50,4.40
2025,Fall,Carnegie Institute of Technology,CHE,06322,A,"BECKWITH MADDOCK, JOANNE",JUNIOR CHEM ENG SEMR,Undergraduate,24,20,83.3%,2.60,4.65,4.05,4.15,3.55,4.45,4.15,4.20,4.05,3.60
2025,Fall,Carnegie Institute of Technology,CHE,06323,A,"NIEPA, TAGBO",HEAT & MASS TRANSFER,Undergraduate,43,37,86.0%,10.86,4.19,3.84,3.97,3.89,4.35,3.68,4.49,3.70,3.73
2025,Fall,Carnegie Institute of Technology,CHE,06325,A1,"CUNHA ALVES, VICTOR MANUEL",NUM METHD & ML CHEME,Undergraduate,46,24,52.2%,7.00,5.00,4.96,5.00,4.87,5.00,5.00,5.00,5.00,5.00
2025,Fall,Carnegie Institute of Technology,CHE,06326,A2,"GOUNARIS, CHRYSANTHOS",OPTM MODEL ALGORITHM,Undergraduate,44,26,59.1%,9.92,4.04,3.58,3.67,3.17,4.21,3.48,4.17,3.52,3.58
2025,Fall,Carnegie Institute of Technology,CHE,06421,A,"TORRES, ANA INES",CHEM PROCS SYS DESGN,Undergraduate,55,53,96.4%,19.02,3.58,3.13,3.49,3.25,3.87,3.30,3.89,3.38,3.09
2025,Fall,Carnegie Institute of Technology,CHE,06423,1,"NEWBY, Alexandra",UNIT OPERATIONS LAB,Undergraduate,51,50,98.0%,8.96,4.38,4.10,4.30,4.18,4.18,4.14,4.44,4.14,4.00
2025,Fall,Carnegie Institute of Technology,CHE,06423,1,"CLINE, MATTHEW",UNIT OPERATIONS LAB,Undergraduate,51,50,98.0%,8.90,4.54,4.32,4.30,4.40,4.40,4.34,4.48,4.48,4.20
2025,Fall,Carnegie Institute of Technology,CHE,06606,A,"BIEGLER, LORENZ",COMP MTH L SC PR DS,Graduate,14,6,42.9%,11.00,4.67,4.33,4.50,4.33,4.83,4.33,5.00,4.50,4.50
2025,Fall,Carnegie Institute of Technology,CHE,06608,A,"JEN, COTY",GRAD PROF DEV SEM,Graduate,26,15,57.7%,2.40,4.53,4.20,4.40,4.27,4.40,4.43,4.53,4.43,4.33
2025,Fall,Carnegie Institute of Technology,CHE,06608,B,"JEN, COTY",GRAD PROF DEV SEM,Graduate,26,13,50.0%,3.38,4.23,4.38,4.31,4.23,4.23,4.54,4.62,4.38,4.08
2025,Fall,Carnegie Institute of Technology,CHE,06621,A,"NEWBY, Alexandra",MATERIAL BAL BIOPROC,Graduate,19,16,84.2%,10.25,4.75,4.63,4.63,4.75,4.75,4.63,4.88,4.81,4.56
2025,Fall,Carnegie Institute of Technology,CHE,06623,A,"KITCHIN, JOHN",MTHML MDL CHM ENG PC,Graduate,43,23,53.5%,9.30,4.74,4.78,4.68,4.36,4.70,4.74,4.87,4.74,4.57
2025,Fall,Carnegie Institute of Technology,CHE,06663,A,"KHAIR, ADITYA",ANLY & MDG TRNSP PHN,Graduate,27,12,44.4%,14.17,4.25,4.17,4.17,4.00,4.42,3.83,4.92,4.08,3.83
2025,Fall,Carnegie Institute of Technology,CHE,06663,A,"URIBE, SEBASTIAN",ANLY & MDG TRNSP PHN,Graduate,27,12,44.4%,14.18,3.82,3.82,4.00,3.55,4.00,3.73,4.64,3.73,3.73
2025,Fall,Carnegie Institute of Technology,CHE,06702,A,"GORDON, HAMISH",ADVANCED KINETICS,Graduate,27,27,100.0%,10.67,3.74,3.65,3.81,3.27,3.96,3.85,4.26,3.48,3.63
2025,Fall,Carnegie Institute of Technology,CHE,06705,A,"GELLMAN, ANDREW",ADV CHE THRMODYNMCS,Graduate,13,12,92.3%,5.00,2.91,2.00,2.09,2.00,2.73,2.45,3.82,2.18,2.09
2025,Fall,Carnegie Institute of Technology,CHE,06707,A,"KHAIR, ADITYA",ADV TRANS PHENOM,Graduate,16,12,75.0%,16.25,4.42,4.08,4.25,3.92,4.50,4.08,4.67,4.25,4.00
2025,Fall,Carnegie Institute of Technology,CHE,06707,A,"URIBE, SEBASTIAN",ADV TRANS PHENOM,Graduate,16,12,75.0%,15.14,3.00,3.00,3.00,3.00,3.00,3.00,3.00,3.00,3.00
2025,Fall,Carnegie Institute of Technology,CHE,06722,A,"Robinson, Anne",BIOPROCESS DESIGN,Graduate,22,12,54.5%,8.75,3.33,2.92,2.83,2.92,3.75,3.42,4.75,3.08,2.83
2025,Fall,Carnegie Institute of Technology,CHE,06731,A,"GOMES, GABRIEL",ST: MOLECULAR ML,Graduate,19,8,42.1%,6.13,4.38,4.25,4.50,4.25,4.50,4.25,4.63,4.38,4.38
2025,Fall,Carnegie Institute of Technology,CHE,6222,A,"BECKWITH MADDOCK, JOANNE",SOPH CHEM ENGNRG SEM,Undergraduate,53,38,71.7%,2.08,4.39,4.11,4.16,3.55,4.16,4.00,4.21,4.03,3.84
2025,Fall,Carnegie Institute of Technology,CIT,39101,A,"SHINDLE, KAZ",CIT FIRST YEAR SEMNR,Undergraduate,66,39,59.1%,2.15,3.97,4.03,3.87,3.62,3.72,3.82,4.44,3.77,3.23
2025,Fall,Carnegie Institute of Technology,CIT,39101,A,"ALLEN, ALAINE",CIT FIRST YEAR SEMNR,Undergraduate,66,39,59.1%,2.16,4.08,3.97,3.87,3.66,3.76,3.76,4.34,3.76,3.34
2025,Fall,Carnegie Institute of Technology,CIT,39402,D,"PECA, Joanne",LDERSP DVEL SEM,Undergraduate,11,10,90.9%,8.00,4.60,4.00,4.10,4.30,4.30,4.00,4.90,4.00,4.30
2025,Fall,Carnegie Institute of Technology,CIT,39402,A,"LARSEN, KURT",LDERSP DVEL SEM,Undergraduate,12,10,83.3%,6.80,4.80,4.50,4.60,4.60,4.90,4.90,4.90,4.70,4.70
2025,Fall,Carnegie Institute of Technology,CIT,39402,B,"WILLIAMSON, COURTNEY",LDERSP DVEL SEM,Undergraduate,12,12,100.0%,5.50,4.75,4.75,4.67,4.92,4.75,4.42,4.75,4.50,4.83
2025,Fall,Carnegie Institute of Technology,CIT,39402,C,"WILLIAMSON, COURTNEY",LDERSP DVEL SEM,Undergraduate,12,12,100.0%,5.75,4.75,4.75,4.25,4.42,4.64,4.67,4.67,4.42,4.50
2025,Fall,Carnegie Institute of Technology,CIT,39601,A,"BEUTH, JACK",ST: ADD MANF DVEL,Graduate,3,2,66.7%,6.50,4.00,4.00,4.50,4.50,5.00,5.00,5.00,4.50,4.00
2025,Fall,Carnegie Institute of Technology,CIT,39610,A1,"SALVADOR, PAUL",ENERGY CONVRN & SUPP,Graduate,12,8,66.7%,8.75,4.75,4.50,4.63,4.25,4.63,4.38,4.63,4.50,4.38
2025,Fall,Carnegie Institute of Technology,CIT,39613,A2,"COOK, ELIZABETH",ENGY TRNSPT & STRGE,Graduate,13,9,69.2%,7.00,3.67,2.89,3.11,3.44,4.33,3.22,4.67,3.11,3.22
2025,Fall,Carnegie Institute of Technology,CIT,39660,A,"SALVADOR, PAUL",ESTP PROJECT,Graduate,5,2,40.0%,11.00,5.00,5.00,5.00,5.00,5.00,5.00,5.00,5.00,5.00
2025,Fall,Carnegie Mellon University,CMU,99101,CE,"RUPP, APRIL",CORE@CMU,Undergraduate,435,173,39.8%,2.95,2.99,3.37,3.37,2.89,3.04,3.18,3.34,3.07,2.86
2025,Fall,Carnegie Mellon University,CMU,99101,CF,"RUPP, APRIL",CORE@CMU,Undergraduate,292,69,23.6%,2.48,2.86,3.29,3.28,2.66,3.07,3.15,3.39,2.94,2.60
2025,Fall,Carnegie Mellon University,CMU,99101,DC,"RUPP, APRIL",CORE@CMU,Undergraduate,243,97,39.9%,2.70,3.57,3.83,3.92,3.67,3.79,3.83,3.83,3.73,3.46
2025,Fall,Carnegie Mellon University,CMU,99101,IS,"RUPP, APRIL",CORE@CMU,Undergraduate,48,17,35.4%,2.18,3.59,3.94,4.12,3.65,3.82,3.88,4.06,3.94,3.59
2025,Fall,Carnegie Mellon University,CMU,99101,MC,"RUPP, APRIL",CORE@CMU,Undergraduate,269,111,41.3%,2.60,3.21,3.58,3.48,3.11,3.29,3.35,3.51,3.23,2.99
2025,Fall,Carnegie Mellon University,CMU,99101,SC,"RUPP, APRIL",CORE@CMU,Undergraduate,223,92,41.3%,2.17,3.27,3.51,3.60,3.12,3.26,3.28,3.74,3.29,2.97
2025,Fall,Carnegie Mellon University,CMU,99101,TB,"RUPP, APRIL",CORE@CMU,Undergraduate,209,71,34.0%,3.23,3.62,3.78,3.78,3.51,3.68,3.64,3.81,3.58,3.47
2025,Fall,Carnegie Mellon University,CMU,99102,U1,"SALIBA, REYA",CORE@CMU,Undergraduate,33,26,78.8%,3.38,4.50,4.58,4.58,4.15,4.27,4.58,4.69,4.42,3.73
2025,Fall,Carnegie Mellon University,CMU,99102,V1,"SALIBA, REYA",CORE@CMU,Undergraduate,17,14,82.4%,2.86,4.50,4.57,4.64,4.43,4.36,4.64,4.79,4.71,4.21
2025,Fall,Carnegie Mellon University,CMU,99102,W1,"SALIBA, REYA",CORE@CMU,Undergraduate,29,26,89.7%,3.77,4.65,4.85,4.65,4.42,4.58,4.81,4.92,4.69,4.12
2025,Fall,Carnegie Mellon University,CMU,99102,X1,"SALIBA, REYA",CORE@CMU,Undergraduate,44,33,75.0%,3.45,4.73,4.64,4.52,4.33,4.36,4.45,4.76,4.70,4.33
2025,Fall,Carnegie Mellon University,CMU,99120,A,"PEARL, Justin",CHARPIE LEADERSHIP,Undergraduate,9,6,66.7%,3.00,4.83,4.83,4.83,4.83,4.83,4.67,4.83,4.83,4.83
2025,Fall,Carnegie Mellon University,CMU,99153,A2,"LEHMAN, DAWN",MINDFUL LIVING,Undergraduate,19,7,36.8%,2.00,5.00,5.00,5.00,5.00,4.86,5.00,5.00,4.86,4.86
2025,Fall,Carnegie Mellon University,CMU,99153,A2,"LUSK, ANGELA",MINDFUL LIVING,Undergraduate,19,7,36.8%,2.00,4.60,4.60,4.60,4.60,4.60,4.60,4.60,4.60,4.60
2025,Fall,Carnegie Mellon University,CMU,99190,A2,"FERRER-MEDINA, VIVIANA",MNGNG STRS RSTNG HRM,Undergraduate,24,14,58.3%,4.36,4.71,4.71,4.71,4.64,4.79,4.64,4.86,4.71,4.57
2025,Fall,Carnegie Mellon University,CMU,99190,A2,"ORTIZ-OLDHAM, CODY",MNGNG STRS RSTNG HRM,Undergraduate,24,14,58.3%,4.36,4.71,4.64,4.71,4.64,4.71,4.64,4.86,4.64,4.57
2025,Fall,Carnegie Mellon University,CMU,99250,A1,"AMOS, RACHEL",SEMINAR PEER MENTOR,Undergraduate,42,8,19.0%,2.00,5.00,5.00,5.00,5.00,5.00,5.00,5.00,5.00,5.00
2025,Fall,Carnegie Mellon University,CMU,99250,B1,"AMOS, RACHEL",SEMINAR PEER MENTOR,Undergraduate,35,7,20.0%,2.00,4.00,4.00,4.00,4.00,4.00,4.00,4.00,4.00,4.00
2025,Fall,Carnegie Mellon University,CMU,99250,A1,"DELANEY, LUCY",SEMINAR PEER MENTOR,Undergraduate,42,8,19.0%,2.00,5.00,5.00,5.00,5.00,5.00,5.00,5.00,5.00,5.00
2025,Fall,Carnegie Mellon University,CMU,99250,B1,"DELANEY, LUCY",SEMINAR PEER MENTOR,Undergraduate,35,7,20.0%,2.00,4.50,4.50,4.50,4.50,4.50,4.50,4.50,4.50,4.50
2025,Fall,Carnegie Mellon University,CMU,99250,A1,"HOOD, WESLEY",SEMINAR PEER MENTOR,Undergraduate,42,8,19.0%,2.00,4.86,4.86,4.71,4.57,5.00,5.00,5.00,5.00,4.83
2025,Fall,Carnegie Mellon University,CMU,99250,B1,"HOOD, WESLEY",SEMINAR PEER MENTOR,Undergraduate,35,7,20.0%,2.00,4.43,4.43,4.29,4.29,4.29,4.43,4.57,4.43,4.00
2025,Fall,Carnegie Mellon University,CMU,99250,W1,"THOMAS, MARIAMMA",SEMINAR PEER MENTOR,Undergraduate,21,3,14.3%,3.00,4.67,4.33,4.33,4.33,4.33,4.33,4.33,4.33,3.67
2025,Fall,Carnegie Mellon University,CMU,99250,W2,"THOMAS, MARIAMMA",SEMINAR PEER MENTOR,Undergraduate,26,13,50.0%,2.69,4.85,4.85,4.85,4.77,4.85,4.85,4.85,4.85,4.85
2025,Fall,Carnegie Mellon University,CMU,99352,A1,"PINCHUK, NATALYA",SOFT FABRICAT SKILLS,Undergraduate,10,4,40.0%,7.25,4.75,4.50,4.75,4.75,4.75,4.75,4.50,4.75,4.75
2025,Fall,Carnegie Mellon University,CMU,99353,A1,"PAETZ, RAYMOND",LASER CUTTING,Undergraduate,14,4,28.6%,3.50,4.75,4.75,4.50,4.75,4.50,4.50,4.75,4.75,4.50
2025,Fall,Carnegie Mellon University,CMU,99353,A2,"PAETZ, RAYMOND",LASER CUTTING,Undergraduate,10,5,50.0%,2.00,4.60,4.60,4.60,4.40,4.60,4.40,4.60,4.60,4.60
2025,Fall,Carnegie Mellon University,CMU,99354,A2,"PITTS, WALTER",WOODWORKING,Undergraduate,5,4,80.0%,2.00,4.75,4.25,4.50,4.50,4.50,4.50,4.75,4.75,4.75
2025,Fall,Carnegie Mellon University,CMU,99355,A2,"ZACHARIAS, ROBERT",INTRO TO ARDUINO,Undergraduate,10,5,50.0%,5.00,5.00,4.80,5.00,5.00,5.00,5.00,5.00,5.00,5.00
2025,Fall,Carnegie Mellon University,CMU,99355,A1,"ZACHARIAS, ROBERT",INTRO TO ARDUINO,Undergraduate,3,1,33.3%,5.00,5.00,5.00,5.00,5.00,5.00,5.00,5.00,5.00,5.00
2025,Fall,Carnegie Mellon University,CMU,99357,A2,"DYAR, HUGH",IDEATE: PHOTOGRAPHY,Undergraduate,6,3,50.0%,4.00,5.00,5.00,5.00,4.33,4.67,4.67,5.00,4.33,4.67
2025,Fall,Carnegie Mellon University,CMU,99357,A1,"DYAR, HUGH",IDEATE: PHOTOGRAPHY,Undergraduate,10,5,50.0%,3.20,5.00,4.75,5.00,5.00,4.80,5.00,5.00,5.00,5.00
2025,Fall,Carnegie Mellon University,CMU,99358,A2,"DYAR, HUGH",IDEATE UNITY3D INTRO,Undergraduate,7,4,57.1%,3.50,5.00,5.00,5.00,5.00,5.00,5.00,5.00,4.75,4.75
2025,Fall,Carnegie Mellon University,CMU,99358,A1,"DYAR, HUGH",IDEATE UNITY3D INTRO,Undergraduate,14,2,14.3%,6.50,5.00,5.00,5.00,5.00,5.00,5.00,5.00,5.00,5.00
2025,Fall,Carnegie Mellon University,CMU,99359,A2,"PATTON, JAYLA",IDEATE: 3D MOD/PRINT,Undergraduate,7,5,71.4%,3.80,5.00,5.00,5.00,5.00,5.00,5.00,5.00,5.00,5.00
2025,Fall,Carnegie Mellon University,CMU,99359,A1,"PATTON, JAYLA",IDEATE: 3D MOD/PRINT,Undergraduate,11,5,45.5%,3.20,5.00,4.80,4.80,4.80,5.00,4.60,5.00,4.80,4.80
2025,Fall,Carnegie Mellon University,CMU,99361,C,"PINCHUK, NATALYA",IDEATE PORTAL,Undergraduate,13,8,61.5%,12.13,4.75,4.25,4.50,4.75,4.63,4.63,4.88,4.75,4.63
2025,Fall,Carnegie Mellon University,CMU,99530,A2,"SMITH, M SHERNELL",SENIOR PREPARTN SEMR,Undergraduate,5,2,40.0%,5.00,5.00,4.00,4.00,3.50,4.50,4.50,5.00,4.00,4.00
2025,Fall,Mellon College of Science,CMY,09101,11,"PETEANU, LINDA",INTRO EXPERMNTL CHEM,Undergraduate,23,7,30.4%,8.50,3.83,3.83,3.29,3.43,3.71,3.43,4.57,3.14,3.29
2025,Fall,Mellon College of Science,CMY,09101,A1,"PETEANU, LINDA",INTRO EXPERMNTL CHEM,Undergraduate,23,6,26.1%,6.50,3.33,3.50,3.67,3.50,3.83,3.50,4.50,3.17,3.33
2025,Fall,Mellon College of Science,CMY,09105,1,"VUOCOLO, LEONARD",INTRO MOD CHEMSTRY I,Undergraduate,179,82,45.8%,9.65,3.96,3.98,3.95,3.77,3.89,3.59,4.17,3.55,3.56
2025,Fall,Mellon College of Science,CMY,09105,3,"MURSHID, NIMER",INTRO MOD CHEMSTRY I,Undergraduate,18,18,100.0%,9.67,4.72,4.89,4.78,4.56,4.78,4.89,4.56,4.78,4.61
2025,Fall,Mellon College of Science,CMY,09106,1,"BOTCHA, NIHARIKA KRISHN",MODERN CHEMISTRY II,Undergraduate,59,24,40.7%,7.63,3.38,3.29,3.33,3.08,3.17,2.79,4.00,2.71,2.96
2025,Fall,Mellon College of Science,CMY,09111,1,"VUOCOLO, LEONARD",CHEM BLDG BLOCKS,Undergraduate,92,44,47.8%,6.57,4.39,4.23,4.20,4.05,4.25,4.09,4.48,4.07,3.95
2025,Fall,Mellon College of Science,CMY,09115,A1,"PETEANU, LINDA",INTRO RESEARCH CMY,Undergraduate,16,7,43.8%,2.86,4.71,4.43,4.57,4.14,4.43,4.43,4.86,4.57,4.57
2025,Fall,Mellon College of Science,CMY,09125,12,"BERNHARD, STEFAN",CHOCOLATE,Undergraduate,25,12,48.0%,7.25,4.58,4.33,4.33,4.17,4.58,4.42,4.67,4.33,4.58
2025,Fall,Mellon College of Science,CMY,09207,1,"BOTCHA, NIHARIKA KRISHN",TECH QUANT ANAL,Undergraduate,68,30,44.1%,13.23,3.17,3.33,3.33,3.07,3.23,3.23,3.67,3.00,2.93
2025,Fall,Mellon College of Science,CMY,09207,2,"MURSHID, NIMER",TECH QUANT ANAL,Undergraduate,19,18,94.7%,12.00,4.44,3.89,4.22,4.06,4.33,4.33,4.78,4.39,4.00
2025,Fall,Mellon College of Science,CMY,09207,2,"FAULKNER, SIMON",TECH QUANT ANAL,Undergraduate,19,18,94.7%,12.17,4.39,4.00,4.22,4.44,4.28,4.06,4.33,4.11,3.83
2025,Fall,Mellon College of Science,CMY,09212,W,"MURSHID, NIMER",SPECIAL TOPICS,Undergraduate,6,6,100.0%,9.00,4.67,4.83,4.83,5.00,4.83,4.33,5.00,4.67,4.50
2025,Fall,Mellon College of Science,CMY,09217,W,"FAULKNER, SIMON",ORGANIC CHEMISTRY I,Undergraduate,16,16,100.0%,10.63,4.63,4.13,4.13,4.31,4.06,3.63,4.56,3.69,3.13
2025,Fall,Mellon College of Science,CMY,09217,1,"SILVA, GLORIA",ORGANIC CHEMISTRY I,Undergraduate,126,55,43.7%,10.29,3.85,3.96,3.89,3.71,3.89,3.58,4.27,3.65,3.53
2025,Fall,Mellon College of Science,CMY,09219,1,"SYDLIK, STEFANIE",MODERN ORGANIC CHEM,Undergraduate,25,18,72.0%,9.17,4.89,4.65,4.65,4.47,4.53,4.53,4.88,4.59,4.35
2025,Fall,Mellon College of Science,CMY,09221,1,"SHERWOOD, GIZELLE",LAB I: INTR CHMY ANL,Undergraduate,24,11,45.8%,16.55,3.91,2.55,3.27,2.82,3.64,3.55,3.27,3.36,3.00
2025,Fall,Mellon College of Science,CMY,09225,A,"DONAHUE, NEIL",CLIMATE CHANGE,Undergraduate,10,6,60.0%,6.50,4.67,4.17,4.50,4.17,4.67,3.83,4.50,4.00,4.17
2025,Fall,Mellon College of Science,CMY,09227,1,"SILVA, GLORIA",CULTURE OF COLOR,Undergraduate,10,9,90.0%,9.67,4.78,4.67,4.56,4.44,4.78,4.67,4.89,4.56,4.67
2025,Fall,Mellon College of Science,CMY,09227,1,"ROBINSON, OLIVIA",CULTURE OF COLOR,Undergraduate,10,9,90.0%,9.33,4.89,4.67,4.56,4.56,4.89,4.78,4.89,4.67,4.67
2025,Fall,Mellon College of Science,CMY,09303,A,"ARMITAGE, BRUCE",MOL BASIS ADDICTION,Undergraduate,26,9,34.6%,6.00,4.78,4.67,4.67,4.78,4.89,4.78,4.78,4.89,4.56
2025,Fall,Mellon College of Science,CMY,09321,1,"ARNOLD, Anne",LAB III: MOL DSN SYN,Undergraduate,23,7,30.4%,13.14,4.86,4.14,4.14,4.00,4.29,4.29,5.00,4.43,4.29
2025,Fall,Mellon College of Science,CMY,09323,1,"DAS, SUBHA",BIOORG CHEMSTRY LAB,Undergraduate,5,4,80.0%,9.50,5.00,4.75,4.50,4.75,4.75,4.75,4.75,4.75,4.50
2025,Fall,Mellon College of Science,CMY,09344,1,"HENDRICH, MICHAEL",PHYSICAL CHEM QUANTM,Undergraduate,27,10,37.0%,8.60,3.90,4.10,4.00,3.40,4.50,4.10,4.20,3.90,3.90
2025,Fall,Mellon College of Science,CMY,09403,A,"ARMITAGE, BRUCE",CMY ADDIC,Undergraduate,18,10,55.6%,5.60,4.70,4.70,4.70,4.60,4.90,4.80,4.90,4.80,4.60
2025,Fall,Mellon College of Science,CMY,09507,A,"JIN, RONGCHAO",NANOPARTICLES,Undergraduate,2,1,50.0%,5.00,4.00,4.00,4.00,4.00,4.00,3.00,4.00,3.00,3.00
2025,Fall,Mellon College of Science,CMY,09518,A,"KIETRYS, ANNA",BIOORGANIC CHEMISTRY,Undergraduate,9,6,66.7%,7.00,4.83,4.00,4.50,4.33,4.67,4.00,4.83,4.00,4.50
2025,Fall,Mellon College of Science,CMY,09538,A,"MCDONOUGH, CARRIE",ENVIRON EXP&RISK,Undergraduate,6,6,100.0%,7.00,4.00,4.00,4.17,4.17,4.17,4.17,4.33,3.83,4.00
2025,Fall,Mellon College of Science,CMY,09611,A2,"KIM, HYUNG",CHEMICAL THERMODYNMC,Graduate,3,2,66.7%,12.50,5.00,5.00,4.50,5.00,4.50,5.00,5.00,5.00,5.00
2025,Fall,Mellon College of Science,CMY,09612,A1,"KIM, HYUNG",INTRO QUANTM CHMSTRY,Graduate,7,3,42.9%,7.00,4.33,4.33,4.33,4.33,4.33,4.33,5.00,4.33,4.33
2025,Fall,Mellon College of Science,CMY,09615,A,"ISAYEV, OLEXANDR","COMP MOD, STAT & ML",Graduate,34,17,50.0%,7.12,4.29,4.29,4.24,4.06,4.29,4.41,4.65,4.24,4.18
2025,Fall,Mellon College of Science,CMY,09700,A,"SULLIVAN, RYAN",INTRO TO RESEARCH,Graduate,5,2,40.0%,3.50,3.50,4.00,4.00,4.00,4.50,4.00,3.50,3.50,3.50
2025,Fall,Mellon College of Science,CMY,09707,A,"JIN, RONGCHAO",NANOPARTICLES,Graduate,9,6,66.7%,7.50,4.67,4.33,4.33,4.00,4.83,4.50,4.83,4.33,4.33
2025,Fall,Mellon College of Science,CMY,09714,A,"LY, DANITH",ADV ORGANIC CHEMSTRY,Graduate,16,7,43.8%,7.14,5.00,4.57,4.43,4.14,4.71,4.71,5.00,4.57,4.86
2025,Fall,Mellon College of Science,CMY,09718,A,"KIETRYS, ANNA",BIOORGANIC CHEMISTRY,Graduate,4,3,75.0%,9.00,4.67,4.33,4.33,3.67,4.67,4.67,4.67,4.33,4.33
2025,Fall,Mellon College of Science,CMY,09722,A,"COLLINS, TERRENCE",KIN MECH ENZ RXN,Graduate,5,3,60.0%,11.00,4.50,3.50,4.00,5.00,5.00,4.50,4.00,5.00,4.50
2025,Fall,Mellon College of Science,CMY,09722,A,"RYABOV, ALEKSANDR",KIN MECH ENZ RXN,Graduate,5,3,60.0%,9.00,4.67,4.33,4.33,4.33,5.00,4.67,4.33,5.00,4.33
2025,Fall,Mellon College of Science,CMY,09725,A,"GARCIA BOSCH, ISAAC",TRANSTN METAL CHEM,Graduate,10,5,50.0%,6.20,5.00,5.00,5.00,4.75,5.00,5.00,5.00,5.00,5.00
2025,Fall,Mellon College of Science,CMY,09726,A2,"PETEANU, LINDA",SPECTROSCOPY,Graduate,3,2,66.7%,6.50,5.00,5.00,5.00,5.00,5.00,5.00,5.00,3.00,5.00
2025,Fall,Mellon College of Science,CMY,09732,A1,"GUO, YISONG",BIOCATALYSIS,Graduate,3,2,66.7%,6.50,5.00,5.00,5.00,4.50,5.00,5.00,5.00,5.00,5.00
2025,Fall,Mellon College of Science,CMY,09738,A,"MCDONOUGH, CARRIE",ENVIRON EXP&RISK,Graduate,6,6,100.0%,12.50,4.50,4.17,4.17,4.33,5.00,4.50,4.50,4.17,4.33
2025,Fall,Mellon College of Science,CMY,09760,1,"SYDLIK, STEFANIE",MOL BASIS POL MECH,Graduate,15,11,73.3%,8.00,4.91,4.55,4.82,4.82,4.91,4.55,5.00,4.82,4.55
2025,Fall,Mellon College of Science,CMY,09801,A,"KOWALEWSKI, TOMASZ",SP TPC PHYS CHMSTRY,Graduate,5,3,60.0%,11.00,4.67,4.00,4.00,5.00,5.00,5.00,5.00,4.67,4.67
2025,Fall,Mellon College of Science,CMY,09912,A,"ARMITAGE, BRUCE",CURRENT RESRCH CHEM,Graduate,46,19,41.3%,9.11,4.53,4.53,4.58,4.63,4.63,4.68,4.63,4.58,4.74
2025,Fall,School of Computer Science,CS,15104,1,"CORTINA, THOMAS",INTRO COMP CRTV PRAC,Undergraduate,29,15,51.7%,10.60,4.47,4.47,4.47,3.80,4.07,4.47,4.73,4.33,4.13
2025,Fall,School of Computer Science,CS,15110,1,"RIVERS, KELLY",PRINCPLS OF COMPUTNG,Undergraduate,153,78,51.0%,9.34,4.61,4.67,4.63,4.55,4.56,4.58,4.66,4.62,4.51
2025,Fall,School of Computer Science,CS,15110,3,"REIS, GISELLE",PRINCPLS OF COMPUTNG,Undergraduate,30,14,46.7%,11.85,3.77,3.85,3.92,3.92,3.85,4.00,3.92,3.77,3.62
2025,Fall,School of Computer Science,CS,15110,2,"XHAKAJ, Franceska",PRINCPLS OF COMPUTNG,Undergraduate,87,71,81.6%,8.56,4.72,4.56,4.61,4.52,4.70,4.56,4.82,4.65,4.39
2025,Fall,School of Computer Science,CS,15110,3,"MELNICZUK, AMY",PRINCPLS OF COMPUTNG,Undergraduate,30,14,46.7%,13.14,3.71,3.31,3.54,3.23,3.54,3.38,3.77,3.38,3.38
2025,Fall,School of Computer Science,CS,15112,3,"SALAMEH, MOHAMMAD",FNDMTLS OF PGMG & CS,Undergraduate,47,36,76.6%,14.42,4.22,3.81,3.92,3.61,3.92,3.75,4.92,3.69,3.11
2025,Fall,School of Computer Science,CS,15112,3,"FEO FLUSHING, EDUARDO",FNDMTLS OF PGMG & CS,Undergraduate,47,36,76.6%,14.15,4.06,3.74,3.83,3.35,3.91,3.71,4.60,3.66,2.83
2025,Fall,School of Computer Science,CS,15112,1,"TAYLOR, MICHAEL",FNDMTLS OF PGMG & CS,Undergraduate,199,75,37.7%,11.15,4.62,4.65,4.64,4.39,4.62,4.39,4.82,4.39,4.47
2025,Fall,School of Computer Science,CS,15112,2,"TAYLOR, MICHAEL",FNDMTLS OF PGMG & CS,Undergraduate,202,104,51.5%,12.34,4.73,4.74,4.71,4.61,4.78,4.65,4.70,4.61,4.68
2025,Fall,School of Computer Science,CS,15112,1,"KOSBIE, DAVID",FNDMTLS OF PGMG & CS,Undergraduate,199,75,37.7%,10.02,4.60,4.59,4.60,4.36,4.57,4.44,4.26,4.44,4.45
2025,Fall,School of Computer Science,CS,15112,2,"KOSBIE, DAVID",FNDMTLS OF PGMG & CS,Undergraduate,202,104,51.5%,12.57,4.91,4.81,4.81,4.68,4.85,4.75,4.57,4.74,4.70
2025,Fall,School of Computer Science,CS,15121,2,"GEDAWY, HEND",INTRO DATA STRUCTURS,Undergraduate,33,25,75.8%,11.17,4.58,4.67,4.63,4.58,4.63,4.58,4.75,4.58,4.67
2025,Fall,School of Computer Science,CS,15121,1,"XHAKAJ, Franceska",INTRO DATA STRUCTURS,Undergraduate,43,31,72.1%,9.55,4.90,4.68,4.63,4.57,4.67,4.67,4.93,4.77,4.63
2025,Fall,School of Computer Science,CS,15121,2,"RILEY, RYAN",INTRO DATA STRUCTURS,Undergraduate,33,25,75.8%,11.64,4.56,4.84,4.76,4.52,4.68,4.76,4.72,4.84,4.56
2025,Fall,School of Computer Science,CS,15122,1,"KOHLBRENNER, Anne",PRIN IMPRTV COMPTATN,Undergraduate,234,139,59.4%,12.89,4.60,4.52,4.53,4.31,4.54,4.58,4.67,4.66,4.24
2025,Fall,School of Computer Science,CS,15122,2,"KOHLBRENNER, Anne",PRIN IMPRTV COMPTATN,Undergraduate,207,90,43.5%,16.24,4.00,3.96,4.01,3.74,3.90,4.04,4.16,4.06,3.61
2025,Fall,School of Computer Science,CS,15122,1,"CERVESATO, ILIANO",PRIN IMPRTV COMPTATN,Undergraduate,234,139,59.4%,12.56,3.64,3.73,3.80,3.43,3.87,3.96,3.58,3.68,3.91
2025,Fall,School of Computer Science,CS,15122,2,"CERVESATO, ILIANO",PRIN IMPRTV COMPTATN,Undergraduate,207,90,43.5%,15.49,3.65,3.87,3.88,3.24,3.81,3.76,3.35,3.57,3.51
2025,Fall,School of Computer Science,CS,15150,1,"KAYNAR, ZELIHA DILSUN",PRIN FNCTIONL PRGMMG,Undergraduate,177,61,34.5%,11.62,4.27,4.27,4.20,3.98,4.07,4.12,4.58,4.12,4.02
2025,Fall,School of Computer Science,CS,15150,W,"REIS, GISELLE",PRIN FNCTIONL PRGMMG,Undergraduate,32,16,50.0%,13.50,4.88,4.94,4.94,4.69,4.75,4.94,4.88,4.94,4.75
2025,Fall,School of Computer Science,CS,15150,1,"BALZER, STEPHANIE",PRIN FNCTIONL PRGMMG,Undergraduate,177,61,34.5%,11.56,4.23,4.27,4.20,3.98,4.02,4.15,4.65,4.10,4.05
2025,Fall,School of Computer Science,CS,15151,1,"MACKEY, JOHN",MATH FOUNDATIONS CS,Undergraduate,205,99,48.3%,11.92,4.72,4.54,4.48,4.36,4.68,4.42,4.70,4.49,4.63
2025,Fall,School of Computer Science,CS,15151,1,"KUSZMAUL, WILLIAM",MATH FOUNDATIONS CS,Undergraduate,205,99,48.3%,11.64,4.79,4.59,4.63,4.54,4.78,4.72,4.82,4.76,4.68
2025,Fall,School of Computer Science,CS,15195,A,"SLEATOR, DANNY",COMPTN PGMG I,Undergraduate,19,5,26.3%,3.50,5.00,5.00,5.00,5.00,5.00,5.00,5.00,5.00,5.00
2025,Fall,School of Computer Science,CS,15210,1,"BLELLOCH, GUY",PRL SEQ DATA STR ALG,Undergraduate,211,95,45.0%,13.19,4.03,4.09,4.07,3.80,4.24,4.09,4.32,3.96,3.98
2025,Fall,School of Computer Science,CS,15210,2,"BLELLOCH, GUY",PRL SEQ DATA STR ALG,Undergraduate,23,6,26.1%,12.00,3.67,4.00,4.17,3.83,4.50,4.33,4.17,4.17,4.17
2025,Fall,School of Computer Science,CS,15210,1,"GARROD, CHARLES",PRL SEQ DATA STR ALG,Undergraduate,211,95,45.0%,13.32,4.29,4.21,4.31,4.00,4.29,4.39,4.42,4.27,3.97
2025,Fall,School of Computer Science,CS,15210,2,"GARROD, CHARLES",PRL SEQ DATA STR ALG,Undergraduate,23,6,26.1%,11.50,4.33,4.17,4.33,3.83,4.17,4.50,4.50,4.33,4.33
2025,Fall,School of Computer Science,CS,15213,3,"HARRAS, KHALED",INTR CMPUTER SYSTEMS,Undergraduate,18,14,77.8%,14.57,4.79,4.86,4.86,4.50,4.86,4.64,4.50,4.86,4.57
2025,Fall,School of Computer Science,CS,15213,1,"GIBBONS, PHILLIP",INTR CMPUTER SYSTEMS,Undergraduate,225,82,36.4%,13.79,3.84,3.99,3.89,3.65,3.84,3.52,4.24,3.59,3.92
2025,Fall,School of Computer Science,CS,15213,1,"RAILING, BRIAN",INTR CMPUTER SYSTEMS,Undergraduate,225,82,36.4%,13.86,4.19,4.21,4.28,4.05,4.31,4.26,4.28,4.15,4.03
2025,Fall,School of Computer Science,CS,15251,1,"ADA, ANIL",GRT IDEAS THERTCL CS,Undergraduate,216,94,43.5%,13.64,4.75,4.68,4.70,4.50,4.73,4.76,4.76,4.77,4.65
2025,Fall,School of Computer Science,CS,15251,1,"ODONNELL, RYAN",GRT IDEAS THERTCL CS,Undergraduate,216,94,43.5%,13.63,4.67,4.58,4.63,4.49,4.62,4.57,4.74,4.64,4.66
2025,Fall,School of Computer Science,CS,15259,1,"SAAD, FERAS",PROBABILITY & COMPTG,Undergraduate,144,135,93.8%,11.02,3.98,4.07,4.18,3.63,4.19,4.01,4.02,3.84,3.85
2025,Fall,School of Computer Science,CS,15259,1,"WANG, WEINA",PROBABILITY & COMPTG,Undergraduate,144,135,93.8%,10.95,4.26,4.11,4.16,3.92,4.20,4.11,4.44,4.11,3.98
2025,Fall,School of Computer Science,CS,15281,1,"VIRTUE, PATRICK",AI RPRSNTN & PRB SLV,Undergraduate,109,52,47.7%,10.38,4.27,3.81,3.87,3.85,3.85,3.60,4.48,3.67,3.56
2025,Fall,School of Computer Science,CS,15294,A1,"TOURETZKY, DAVID",RAPID PROTYP TEC,Undergraduate,14,7,50.0%,6.71,4.14,4.43,4.29,4.14,4.14,4.14,4.43,4.00,4.00
2025,Fall,School of Computer Science,CS,15295,A,"SLEATOR, DANNY",COMPTN PGMG II,Undergraduate,7,1,14.3%,2.00,5.00,5.00,5.00,5.00,5.00,5.00,5.00,5.00,5.00
2025,Fall,School of Computer Science,CS,15312,1,"HARPER, ROBERT",FNDTNS PROGRMG LANG,Undergraduate,32,16,50.0%,11.75,4.75,4.67,4.60,4.80,4.73,4.60,4.93,4.67,4.60
2025,Fall,School of Computer Science,CS,15317,1,"CRARY, KARL",CONSTRUCTIVE LOGIC,Undergraduate,61,21,34.4%,7.71,3.71,4.00,4.05,3.48,3.90,3.95,3.67,3.86,3.76
2025,Fall,School of Computer Science,CS,15319,A,"GOLDSTEIN, SETH",CLOUD COMPUTING,Undergraduate,21,7,33.3%,14.29,4.29,4.43,4.43,4.14,4.29,4.29,4.71,4.43,4.57
2025,Fall,School of Computer Science,CS,15319,B,"GOLDSTEIN, SETH",CLOUD COMPUTING,Undergraduate,12,6,50.0%,19.67,5.00,5.00,5.00,5.00,5.00,5.00,5.00,5.00,5.00
2025,Fall,School of Computer Science,CS,15319,A,"SAKR, MAJD",CLOUD COMPUTING,Undergraduate,21,7,33.3%,14.29,4.00,4.43,4.43,4.14,4.57,4.29,4.57,4.29,4.57
2025,Fall,School of Computer Science,CS,15319,B,"SAKR, MAJD",CLOUD COMPUTING,Undergraduate,12,6,50.0%,19.17,5.00,5.00,5.00,5.00,5.00,5.00,5.00,5.00,5.00
2025,Fall,School of Computer Science,CS,15330,A,"PACCAGNELLA, RICCARDO",INTROD COMPTR SECRTY,Undergraduate,47,24,51.1%,10.75,4.13,4.08,4.17,3.75,4.38,4.08,4.38,4.13,3.67
2025,Fall,School of Computer Science,CS,15346,1,"RAILING, BRIAN",PRSPCTVS COMP ARC,Undergraduate,9,6,66.7%,12.00,4.00,2.50,3.67,2.83,4.33,4.00,4.17,3.67,3.33
2025,Fall,School of Computer Science,CS,15348,2,"RILEY, RYAN",EMBEDDED SYSTEMS,Undergraduate,15,12,80.0%,10.50,4.83,4.83,4.75,4.67,4.58,4.83,4.92,4.83,4.83
2025,Fall,School of Computer Science,CS,15351,1,"DEBLASIO, DAN",ALGO ADV DATA STRUCT,Undergraduate,48,17,35.4%,12.47,2.76,2.71,2.82,2.53,2.82,2.29,3.24,2.29,2.41
2025,Fall,School of Computer Science,CS,15354,A,"SUTNER, KLAUS",COMPTNL DISCRTE MATH,Undergraduate,6,4,66.7%,10.25,4.75,4.00,4.50,4.25,5.00,4.75,5.00,5.00,5.00
2025,Fall,School of Computer Science,CS,15356,A,"JAIN, AAYUSH",INTRO CRYPTOGRAPHY,Undergraduate,19,18,94.7%,9.33,4.33,4.00,4.29,3.82,4.47,4.06,4.69,3.94,3.94
2025,Fall,School of Computer Science,CS,15362,1,"DADFAR, Oscar",COMPUTER GRAPHICS,Undergraduate,28,25,89.3%,12.20,4.92,4.88,4.79,4.58,4.96,4.96,4.96,4.92,4.88
2025,Fall,School of Computer Science,CS,15369,A,"LI, MINCHEN",ST NUMECAL COMPUTING,Undergraduate,6,3,50.0%,11.00,4.67,5.00,5.00,4.33,5.00,4.33,5.00,5.00,4.67
2025,Fall,School of Computer Science,CS,15382,W,"DI CARO, GIANNI",COLLECTIVE INTELGNCE,Undergraduate,5,4,80.0%,8.75,4.75,4.50,4.75,4.75,4.75,4.50,4.75,4.50,4.50
2025,Fall,School of Computer Science,CS,15387,A,"LEE, TAI-SING",COMPTNL PERCEPTN,Undergraduate,11,5,45.5%,11.60,4.60,4.20,4.40,4.20,4.50,4.60,4.60,4.20,4.20
2025,Fall,School of Computer Science,CS,15394,A2,"TOURETZKY, DAVID",INTERMD RAPID PROTYP,Undergraduate,17,6,35.3%,7.00,4.00,4.17,4.50,4.17,4.00,3.67,3.83,3.83,3.83
2025,Fall,School of Computer Science,CS,15410,A,"ECKHARDT, DAVID",OP SYS DESIGN & IMPL,Undergraduate,13,5,38.5%,24.00,5.00,4.80,5.00,4.40,5.00,5.00,5.00,5.00,5.00
2025,Fall,School of Computer Science,CS,15410,A,"PILLAI, BABU",OP SYS DESIGN & IMPL,Undergraduate,13,5,38.5%,24.00,5.00,5.00,5.00,4.80,5.00,4.80,5.00,4.60,5.00
2025,Fall,School of Computer Science,CS,15414,A,"FREDRIKSON, MATTHEW",BUG CATCHING,Undergraduate,47,12,25.5%,8.25,4.08,3.83,3.83,3.83,4.25,4.25,4.50,3.92,3.75
2025,Fall,School of Computer Science,CS,15418,A,"BECKMANN, NATHAN",PRLL COMP ARC & PGMG,Undergraduate,43,13,30.2%,12.38,3.85,3.77,3.92,3.46,4.00,3.62,4.31,3.77,3.54
2025,Fall,School of Computer Science,CS,15418,A,"SKARLATOS, DIMITRIOS",PRLL COMP ARC & PGMG,Undergraduate,43,13,30.2%,12.38,4.15,4.00,4.00,3.50,4.42,4.38,4.69,4.08,3.54
2025,Fall,School of Computer Science,CS,15440,1,"ZHENG, WENTING",DISTRIBUTED SYSTEMS,Undergraduate,190,112,58.9%,12.27,4.10,4.12,4.12,3.75,4.24,4.13,4.43,4.09,3.91
2025,Fall,School of Computer Science,CS,15440,1,"MILLER, HEATHER",DISTRIBUTED SYSTEMS,Undergraduate,190,112,58.9%,12.19,3.80,3.83,3.90,3.59,3.93,3.60,4.09,3.67,3.78
2025,Fall,School of Computer Science,CS,15440,3,"HAMMOUD, MOHAMMAD",DISTRIBUTED SYSTEMS,Undergraduate,27,19,70.4%,11.63,4.89,4.68,4.89,4.58,4.89,4.79,4.95,4.79,4.63
2025,Fall,School of Computer Science,CS,15440,3,"GEDAWY, HEND",DISTRIBUTED SYSTEMS,Undergraduate,27,19,70.4%,10.83,4.67,4.61,4.72,4.83,4.67,4.83,4.94,4.78,4.76
2025,Fall,School of Computer Science,CS,15441,1,"SHERRY, JUSTINE",COMPUTER NETWORKS,Undergraduate,40,14,35.0%,12.29,4.93,4.79,4.86,4.57,4.86,4.79,5.00,4.93,4.71
2025,Fall,School of Computer Science,CS,15445,A,"PAVLO, ANDREW",DATABASE SYSTEMS,Undergraduate,60,17,28.3%,15.71,4.65,4.88,4.88,4.35,5.00,4.82,4.82,4.88,4.76
2025,Fall,School of Computer Science,CS,15451,2,"KAPOUTSIS, CHRISTOS",ALGORITHM DES & ANLS,Undergraduate,21,14,66.7%,13.86,4.57,4.36,4.57,4.00,4.14,4.50,4.36,4.57,4.00
2025,Fall,School of Computer Science,CS,15451,1,"SLEATOR, DANNY",ALGORITHM DES & ANLS,Undergraduate,135,33,24.4%,11.77,3.58,3.32,3.26,3.26,3.29,2.90,4.13,3.00,4.03
2025,Fall,School of Computer Science,CS,15451,1,"ANDERSON, DANIEL",ALGORITHM DES & ANLS,Undergraduate,135,33,24.4%,11.82,4.52,4.42,4.52,4.39,4.55,4.58,4.30,4.48,4.33
2025,Fall,School of Computer Science,CS,15455,W,"KAPOUTSIS, CHRISTOS",UG COMPLEX THEORY,Undergraduate,4,2,50.0%,8.00,5.00,5.00,5.00,5.00,5.00,5.00,5.00,5.00,5.00
2025,Fall,School of Computer Science,CS,15463,A,"GKIOULEKAS, IOANNIS",COMPUTATNL PHOTGRPHY,Undergraduate,5,0,0.0%,,,,,,,,,,
2025,Fall,School of Computer Science,CS,15466,A,"MCCANN, JAMES",COMPTR GAME PROGRMNG,Undergraduate,10,6,60.0%,11.50,5.00,5.00,4.67,4.83,4.83,4.50,4.83,4.67,4.67
2025,Fall,School of Computer Science,CS,15473,A,"DADFAR, Oscar",VISUAL COMP SYST,Undergraduate,8,8,100.0%,8.75,5.00,4.63,4.88,4.88,5.00,4.88,5.00,5.00,4.88
2025,Fall,School of Computer Science,CS,15482,A,"SIMMONS, REID",AUTONOMOUS AGENTS,Undergraduate,37,9,24.3%,9.33,4.11,4.22,4.33,4.22,4.56,4.33,4.78,4.22,4.33
2025,Fall,School of Computer Science,CS,15495,A,"PENG, YANG",ALG AND NUM ALGO,Undergraduate,6,4,66.7%,7.25,5.00,4.25,4.50,5.00,4.75,4.50,5.00,4.75,4.50
2025,Fall,School of Computer Science,CS,15513,A,"GIBBONS, PHILLIP",INTRO COMPUTER SYSTM,Undergraduate,33,16,48.5%,13.50,4.38,4.75,4.75,4.56,4.56,4.75,4.75,4.56,4.63
2025,Fall,School of Computer Science,CS,15513,A,"RAILING, BRIAN",INTRO COMPUTER SYSTM,Undergraduate,33,16,48.5%,13.86,4.43,4.86,4.93,4.73,4.80,4.93,4.93,4.80,4.73
2025,Fall,School of Computer Science,CS,15605,A,"PILLAI, BABU",OPRG SYS DSG IMPLMN,Graduate,14,7,50.0%,24.00,4.71,4.43,4.71,4.43,4.71,4.86,4.86,4.57,4.57
2025,Fall,School of Computer Science,CS,15605,A,"ECKHARDT, DAVID",OPRG SYS DSG IMPLMN,Graduate,14,7,50.0%,24.00,4.57,4.43,4.86,4.57,5.00,5.00,4.71,4.43,4.86
2025,Fall,School of Computer Science,CS,15614,A,"FREDRIKSON, MATTHEW",BUG CATCHING,Graduate,6,3,50.0%,11.00,4.00,3.67,3.67,3.67,3.67,4.00,4.33,4.00,4.00
2025,Fall,School of Computer Science,CS,15618,A,"BECKMANN, NATHAN",PRLL COMP ARC & PGMG,Graduate,39,17,43.6%,14.56,4.75,4.19,4.44,4.00,4.50,4.69,4.63,4.69,3.88
2025,Fall,School of Computer Science,CS,15618,A,"SKARLATOS, DIMITRIOS",PRLL COMP ARC & PGMG,Graduate,39,17,43.6%,14.75,4.56,4.06,4.25,3.69,4.50,4.63,4.75,4.44,3.88
2025,Fall,School of Computer Science,CS,15619,E,"SAKR, MAJD",CLOUD COMPUTING,Graduate,1,1,100.0%,21.00,4.00,5.00,5.00,5.00,4.00,5.00,5.00,5.00,4.00
2025,Fall,School of Computer Science,CS,15619,A,"SAKR, MAJD",CLOUD COMPUTING,Graduate,4,2,50.0%,24.00,3.00,3.00,3.50,3.00,2.50,2.50,3.50,3.50,3.50
2025,Fall,School of Computer Science,CS,15619,B,"SAKR, MAJD",CLOUD COMPUTING,Graduate,7,4,57.1%,23.25,4.25,4.75,4.50,3.75,4.50,3.75,4.50,4.00,4.25
2025,Fall,School of Computer Science,CS,15619,E,"GOLDSTEIN, SETH",CLOUD COMPUTING,Graduate,1,1,100.0%,21.00,4.00,4.00,5.00,5.00,4.00,5.00,5.00,5.00,5.00
2025,Fall,School of Computer Science,CS,15619,A,"GOLDSTEIN, SETH",CLOUD COMPUTING,Graduate,4,2,50.0%,24.00,3.50,3.50,3.50,3.50,3.50,3.50,4.00,4.00,4.00
2025,Fall,School of Computer Science,CS,15619,B,"GOLDSTEIN, SETH",CLOUD COMPUTING,Graduate,7,4,57.1%,23.25,4.25,4.50,4.50,3.75,4.50,4.00,4.25,4.00,4.25
2025,Fall,School of Computer Science,CS,15640,1,"ZHENG, WENTING",DISTRIBUTED SYSTEMS,Graduate,109,80,73.4%,13.30,4.29,4.23,4.30,4.19,4.37,4.19,4.67,4.10,4.14
2025,Fall,School of Computer Science,CS,15640,1,"MILLER, HEATHER",DISTRIBUTED SYSTEMS,Graduate,109,80,73.4%,13.22,4.01,3.87,3.89,3.94,3.95,3.75,4.42,3.63,3.96
2025,Fall,School of Computer Science,CS,15641,1,"SHERRY, JUSTINE",COMPUTER NETWORKS,Graduate,53,35,66.0%,12.37,4.94,4.74,4.74,4.66,4.80,4.57,4.94,4.66,4.63
2025,Fall,School of Computer Science,CS,15645,A,"PAVLO, ANDREW",DATABASE SYSTEMS,Graduate,57,24,42.1%,17.75,4.92,4.96,5.00,4.83,5.00,5.00,5.00,4.92,4.96
2025,Fall,School of Computer Science,CS,15650,1,"DEBLASIO, DAN",ALGO ADV DATA STRUCT,Graduate,2,2,100.0%,9.50,4.50,4.50,5.00,4.00,5.00,5.00,5.00,4.00,4.50
2025,Fall,School of Computer Science,CS,15651,1,"ANDERSON, DANIEL",ALGORITHM DES & ANLS,Graduate,9,4,44.4%,14.25,5.00,5.00,5.00,5.00,5.00,5.00,5.00,5.00,4.50
2025,Fall,School of Computer Science,CS,15651,1,"SLEATOR, DANNY",ALGORITHM DES & ANLS,Graduate,9,4,44.4%,15.00,4.50,4.00,3.75,4.25,4.00,4.00,5.00,4.00,4.25
2025,Fall,School of Computer Science,CS,15652,1,"HARPER, ROBERT",FNDTN PROGMG LANGUAG,Graduate,2,1,50.0%,11.00,5.00,5.00,,,,5.00,5.00,5.00,4.00
2025,Fall,School of Computer Science,CS,15657,1,"CRARY, KARL",CONSTRUCTIVE LOGIC,Graduate,2,1,50.0%,8.00,4.00,4.00,4.00,4.00,4.00,4.00,5.00,4.00,3.00
2025,Fall,School of Computer Science,CS,15661,A2,"ZEGLIN, GARTH",IN & EXP PSCH BRD LG,Graduate,10,3,30.0%,4.00,4.67,5.00,4.67,5.00,4.67,5.00,5.00,5.00,4.67
2025,Fall,School of Computer Science,CS,15661,A2,"STEBBINS, MARY",IN & EXP PSCH BRD LG,Graduate,10,3,30.0%,4.00,4.67,4.67,4.67,4.67,4.67,5.00,5.00,4.67,4.67
2025,Fall,School of Computer Science,CS,15662,1,"DADFAR, Oscar",COMPUTER GRAPHICS,Graduate,12,12,100.0%,11.83,4.83,4.75,4.92,4.58,4.83,4.92,4.92,4.92,4.91
2025,Fall,School of Computer Science,CS,15663,A,"GKIOULEKAS, IOANNIS",COMPUTATNL PHOTGRPHY,Graduate,5,1,20.0%,11.00,5.00,5.00,5.00,5.00,5.00,5.00,5.00,5.00,5.00
2025,Fall,School of Computer Science,CS,15666,A,"MCCANN, JAMES",COMPTR GAME PROGRMNG,Graduate,6,5,83.3%,14.00,4.60,4.40,4.00,4.60,4.60,5.00,5.00,5.00,4.40
2025,Fall,School of Computer Science,CS,15669,A,"LI, MINCHEN",ST NUMERCAL CMPTG,Graduate,3,2,66.7%,12.50,3.50,3.00,2.50,3.00,3.50,2.50,4.50,2.50,2.50
2025,Fall,School of Computer Science,CS,15673,A,"DADFAR, Oscar",VISUAL COMP SYST,Graduate,3,3,100.0%,7.00,5.00,5.00,5.00,5.00,5.00,5.00,5.00,5.00,5.00
2025,Fall,School of Computer Science,CS,15712,A,"STEENKISTE, PETER",ADV OP SYS & DST SYS,Graduate,21,11,52.4%,8.30,4.10,3.90,3.90,3.50,3.70,3.50,4.50,3.80,4.10
2025,Fall,School of Computer Science,CS,15712,A,"ANDERSEN, DAVID",ADV OP SYS & DST SYS,Graduate,21,11,52.4%,8.00,4.18,4.27,4.18,3.64,4.73,4.36,4.82,4.45,4.18
2025,Fall,School of Computer Science,CS,15714,A,"HOFFMANN, JAN",RESO AWARE PROG LANG,Graduate,8,8,100.0%,9.13,5.00,5.00,5.00,4.75,5.00,5.00,5.00,5.00,4.88
2025,Fall,School of Computer Science,CS,15721,A,"PATEL, JIGNESH",ADV DATABASE SYSTEMS,Graduate,17,8,47.1%,13.38,5.00,5.00,4.88,4.88,4.88,5.00,5.00,5.00,4.88
2025,Fall,School of Computer Science,CS,15745,A,"MOWRY, TODD",OPTMZ CMPLR MOD ARCH,Graduate,19,6,31.6%,12.00,4.17,4.33,4.33,4.00,4.17,4.33,4.67,3.83,3.83
2025,Fall,School of Computer Science,CS,15746,A,"GANGER, GREGORY",STORAGE SYSTEMS,Graduate,21,17,81.0%,15.24,4.82,4.76,4.82,4.82,4.88,4.82,4.94,4.88,4.53
2025,Fall,School of Computer Science,CS,15746,A,"AMVROSIADIS, GEORGE",STORAGE SYSTEMS,Graduate,21,17,81.0%,15.24,4.88,4.76,4.71,4.76,4.82,4.65,4.88,4.71,4.59
2025,Fall,School of Computer Science,CS,15750,A,"LI, Jason",ALGO IN REAL WORLD,Graduate,19,7,36.8%,8.50,4.33,4.67,4.33,4.33,4.83,4.67,4.83,4.33,4.33
2025,Fall,School of Computer Science,CS,15769,A,"LI, MINCHEN",ST NUMERCAL CMPTG,Graduate,3,3,100.0%,11.00,4.33,4.67,4.67,4.33,5.00,4.33,5.00,4.00,4.67
2025,Fall,School of Computer Science,CS,15779,A,"JIA, ZHIHAO",ADV TOP ML SYS LLM,Graduate,36,17,47.2%,9.65,4.82,5.00,5.00,4.88,5.00,4.94,4.88,4.94,4.94
2025,Fall,School of Computer Science,CS,15783,A,"RAGHUNATHAN, ADITI",TRUST AI THEORY&PRAC,Graduate,23,10,43.5%,8.00,4.70,4.60,4.80,4.70,4.80,4.60,4.90,4.80,4.60
2025,Fall,School of Computer Science,CS,15795,A,"PENG, YANG",ALG AND NUM ALGO,Graduate,2,2,100.0%,8.00,5.00,4.50,4.50,4.50,4.50,5.00,5.00,5.00,4.50
2025,Fall,School of Computer Science,CS,15798,A,"DONAHUE, CHRIS",GEN AI MUS & AUDIO,Graduate,18,16,88.9%,13.69,5.00,4.94,4.88,5.00,4.94,4.88,5.00,4.94,4.94
2025,Fall,School of Computer Science,CS,15814,A,"PFENNING, FRANK",TYPE SYSTM PROG LANG,Graduate,19,11,57.9%,10.18,4.82,4.91,4.91,4.91,4.82,4.91,4.91,4.91,4.91
2025,Fall,School of Computer Science,CS,15816,A,"MARTINS, RUBEN",AUTO RESNG SATISFY,Graduate,23,13,56.5%,6.38,4.62,4.85,4.69,4.69,4.54,4.31,4.77,4.38,4.38
2025,Fall,School of Computer Science,CS,15821,A,"SATYANARAYANAN, MAHADEV",MBLE PERVASIVE COMP,Graduate,9,8,88.9%,9.88,5.00,5.00,5.00,5.00,5.00,5.00,5.00,5.00,5.00
2025,Fall,School of Computer Science,CS,15821,A,"PILLAI, BABU",MBLE PERVASIVE COMP,Graduate,9,8,88.9%,9.50,4.88,5.00,5.00,5.00,5.00,5.00,5.00,5.00,5.00
2025,Fall,School of Computer Science,CS,15826,A,"FALOUTSOS, CHRISTOS",MLTIMEDIA & DATMNING,Graduate,8,5,62.5%,9.80,4.80,4.80,5.00,4.80,4.60,4.80,5.00,4.80,4.80
2025,Fall,School of Computer Science,CS,15856,A,"JAIN, AAYUSH",INTRO TO CRYPTOGRAPH,Graduate,13,12,92.3%,8.00,4.50,4.58,4.58,4.33,4.58,4.42,4.92,4.33,4.25
2025,Fall,School of Computer Science,CS,15857,A,"HARCHOL-BALTER, MOR",PERFORMANCE MODELING,Graduate,25,15,60.0%,13.27,5.00,5.00,5.00,5.00,5.00,5.00,5.00,5.00,5.00
2025,Fall,School of Computer Science,CS,15883,A,"TOURETZKY, DAVID",CMP MDLS NEURAL SYST,Graduate,11,3,27.3%,8.00,4.33,4.33,4.67,4.33,5.00,4.67,5.00,4.00,4.00
2025,Fall,School of Computer Science,CS,15888,A,"SANDHOLM, TUOMAS",COMP GAME SOLVNG,Graduate,15,9,60.0%,12.00,4.67,4.67,4.89,4.56,4.89,4.89,5.00,5.00,5.00
2025,Fall,School of Computer Science,CS,15890,A,"HERCKIS, LAUREN",CS PEDAGOGY,Graduate,9,2,22.2%,8.00,5.00,5.00,5.00,4.50,5.00,5.00,5.00,5.00,5.00
2025,Fall,School of Computer Science,CS,15890,A,"HILTON, MICHAEL",CS PEDAGOGY,Graduate,9,2,22.2%,8.00,5.00,4.50,5.00,5.00,5.00,4.50,5.00,5.00,5.00
2025,Fall,Dietrich College of Humanities and Social Sciences,CST,84101,A,"CHIN, JOHN",INTRO POLI SCI,Undergraduate,38,19,50.0%,8.16,4.00,4.00,4.00,3.74,4.26,3.74,4.53,3.63,3.63
2025,Fall,Dietrich College of Humanities and Social Sciences,CST,84104,A,"MCGOVERN, GEOFFREY",DEC PROC AMER POL IN,Undergraduate,61,25,41.0%,7.20,4.60,4.56,4.60,3.80,4.80,4.60,4.72,4.56,4.33
2025,Fall,Dietrich College of Humanities and Social Sciences,CST,84215,A2,"BARTOS, HALEIGH",TOMRWS PROFESSIONALS,Undergraduate,10,6,60.0%,2.00,5.00,5.00,5.00,5.00,5.00,5.00,5.00,5.00,4.83
2025,Fall,Dietrich College of Humanities and Social Sciences,CST,84252,A1,"BARTOS, HALEIGH",POLICY BRIEFING,Undergraduate,15,7,46.7%,5.86,5.00,4.43,5.00,5.00,5.00,5.00,5.00,5.00,5.00
2025,Fall,Dietrich College of Humanities and Social Sciences,CST,84266,A,"ARANA, IGNACIO",RESEARCH DESIGN PS,Undergraduate,31,21,67.7%,6.57,4.29,3.95,4.00,3.95,4.38,3.86,4.71,3.81,3.62
2025,Fall,Dietrich College of Humanities and Social Sciences,CST,84274,A,"KOSTYUK, NADIYA",INTRO TECH AND WAR,Undergraduate,23,14,60.9%,8.64,4.43,4.21,4.50,4.21,4.50,4.21,4.64,4.00,4.00
2025,Fall,Dietrich College of Humanities and Social Sciences,CST,84304,A2,"BARTOS, HALEIGH",US NATIONAL SECURITY,Undergraduate,17,11,64.7%,6.36,4.82,4.73,4.82,4.64,4.82,4.82,4.82,4.82,4.82
2025,Fall,Dietrich College of Humanities and Social Sciences,CST,84309,A,"CERVAS, JONATHAN",AMER POL DIVIDES,Undergraduate,36,25,69.4%,6.96,4.60,3.88,4.36,4.28,4.72,4.36,4.92,4.28,4.00
2025,Fall,Dietrich College of Humanities and Social Sciences,CST,84314,A,"KAMLET, MARK",POL TECH ECON GROWTH,Undergraduate,16,8,50.0%,6.13,4.75,4.63,4.50,4.50,4.63,4.50,4.88,4.50,4.63
2025,Fall,Dietrich College of Humanities and Social Sciences,CST,84328,A,"TOUKAN, MARK",MILITARY STRATEGY,Undergraduate,17,8,47.1%,5.75,4.63,4.63,4.88,4.88,4.88,5.00,5.00,4.75,4.63
2025,Fall,Dietrich College of Humanities and Social Sciences,CST,84329,A2,"CRONIN, PATRICK",ASIAN STRATEGIES,Undergraduate,12,6,50.0%,6.50,4.83,4.17,4.67,4.83,5.00,5.00,5.00,4.50,4.50
2025,Fall,Dietrich College of Humanities and Social Sciences,CST,84332,A1,"RISHIKOF, HARVEY",US CON LAW ISSUES,Undergraduate,11,0,0.0%,,,,,,,,,,
2025,Fall,Dietrich College of Humanities and Social Sciences,CST,84338,A2,"RISHIKOF, HARVEY",PRESIDENTIAL POWERS,Undergraduate,11,8,72.7%,6.88,4.63,4.63,4.38,4.50,4.75,4.25,4.63,4.75,4.75
2025,Fall,Dietrich College of Humanities and Social Sciences,CST,84339,A,"MARCELLINO, WILLIAM",PUBLIC POLICY RESRCH,Undergraduate,11,7,63.6%,6.71,4.29,3.43,3.43,3.86,4.14,3.57,4.14,3.71,3.71
2025,Fall,Dietrich College of Humanities and Social Sciences,CST,84355,A,"CERVAS, JONATHAN",US ELECTIONS & DATA,Undergraduate,13,10,76.9%,4.40,4.50,4.10,3.78,4.10,4.50,4.20,4.40,4.30,4.30
2025,Fall,Dietrich College of Humanities and Social Sciences,CST,84360,A,"CROWELL, DALE",WSP INTERNSHIP SEM,Undergraduate,11,10,90.9%,17.70,4.80,4.70,4.70,4.80,4.60,4.70,4.80,4.80,4.67
2025,Fall,Dietrich College of Humanities and Social Sciences,CST,84362,A,"CHIN, JOHN",DIPLOMCY & STATECRFT,Undergraduate,22,8,36.4%,6.50,4.50,4.00,4.25,4.50,4.63,4.63,4.88,4.25,4.38
2025,Fall,Dietrich College of Humanities and Social Sciences,CST,84363,A,"KOSTYUK, NADIYA",CYBER CONFLICT,Undergraduate,9,6,66.7%,8.50,4.33,4.50,4.33,4.33,4.50,4.17,4.83,4.17,4.33
2025,Fall,Dietrich College of Humanities and Social Sciences,CST,84367,A,"SILVERMAN, DANIEL",POLITIC ANTISEMITISM,Undergraduate,10,3,30.0%,6.00,4.67,5.00,5.00,4.67,5.00,5.00,5.00,4.67,4.67
2025,Fall,Dietrich College of Humanities and Social Sciences,CST,84369,A,"FISCHHOFF, BARUCH",DEC SCIENCE FOR IR,Undergraduate,22,14,63.6%,5.86,4.86,4.57,4.57,4.93,4.50,4.64,4.93,4.57,4.57
2025,Fall,Dietrich College of Humanities and Social Sciences,CST,84370,A,"VOSS, KELLY",NUCLEAR SEC & ARMS,Undergraduate,8,6,75.0%,5.00,4.67,4.67,4.67,4.17,4.67,4.33,4.83,4.33,4.33
2025,Fall,Dietrich College of Humanities and Social Sciences,CST,84371,A,"BAILEY, HANNAH",INTL GOVERN AI,Undergraduate,7,5,71.4%,8.60,5.00,5.00,5.00,4.80,4.80,5.00,5.00,5.00,4.80
2025,Fall,Dietrich College of Humanities and Social Sciences,CST,84373,A,"CANFIL, JUSTIN",INTERNATIONAL LAW,Undergraduate,18,11,61.1%,6.64,4.45,4.27,4.36,4.09,4.64,4.36,4.82,4.36,4.27
2025,Fall,Dietrich College of Humanities and Social Sciences,CST,84375,A,"CANFIL, JUSTIN",GEOPOLITICS INNOVAT,Undergraduate,9,7,77.8%,5.86,4.86,4.50,4.71,4.43,4.86,4.86,4.86,4.71,4.71
2025,Fall,Dietrich College of Humanities and Social Sciences,CST,84380,A,"STRAVERS, ANDREW",US GRAND STRATEGY,Undergraduate,18,7,38.9%,5.43,4.86,5.00,4.86,4.57,4.86,4.86,5.00,4.86,4.71
2025,Fall,Dietrich College of Humanities and Social Sciences,CST,84393,A,"PHILLIPS, CONNOR",LEGISLATIVE CONGRESS,Undergraduate,9,9,100.0%,7.67,5.00,4.67,4.78,5.00,5.00,5.00,5.00,4.89,5.00
2025,Fall,Dietrich College of Humanities and Social Sciences,CST,84405,A,"DUNIGAN, MOLLY",FUTURE OF WARFARE,Undergraduate,70,52,74.3%,3.96,4.31,4.40,4.37,4.08,4.33,4.29,4.58,4.29,4.21
2025,Fall,Dietrich College of Humanities and Social Sciences,CST,84604,A2,"BARTOS, HALEIGH",US NATIONAL SECURITY,Graduate,9,5,55.6%,8.60,5.00,4.80,5.00,4.40,5.00,4.80,5.00,4.80,5.00
2025,Fall,Dietrich College of Humanities and Social Sciences,CST,84605,A,"DUNIGAN, MOLLY",FUTURE OF WARFARE,Graduate,22,16,72.7%,6.88,4.81,4.81,4.81,4.81,4.81,4.75,4.88,4.69,4.81
2025,Fall,Dietrich College of Humanities and Social Sciences,CST,84628,A,"TOUKAN, MARK",MILITARY STRATEGY,Graduate,4,3,75.0%,10.00,5.00,5.00,5.00,5.00,5.00,5.00,5.00,5.00,5.00
2025,Fall,Dietrich College of Humanities and Social Sciences,CST,84655,A,"CERVAS, JONATHAN",US ELECTIONS & DATA,Graduate,2,1,50.0%,2.00,5.00,5.00,5.00,5.00,5.00,5.00,5.00,5.00,5.00
2025,Fall,Dietrich College of Humanities and Social Sciences,CST,84662,A,"CHIN, JOHN",DIPLOMCY & STATECRFT,Graduate,2,2,100.0%,8.00,4.00,4.00,4.50,4.00,4.50,4.00,4.50,4.00,4.00
2025,Fall,Dietrich College of Humanities and Social Sciences,CST,84663,A,"KOSTYUK, NADIYA",CYBER CONFLICT,Graduate,9,3,33.3%,11.00,4.33,4.33,4.67,4.67,5.00,4.67,5.00,4.00,4.33
2025,Fall,Dietrich College of Humanities and Social Sciences,CST,84670,A,"VOSS, KELLY",NUCLEAR SEC & ARMS,Graduate,4,2,50.0%,8.00,5.00,4.50,4.50,5.00,4.50,4.50,5.00,4.00,4.00
2025,Fall,Dietrich College of Humanities and Social Sciences,CST,84671,A,"BAILEY, HANNAH",INTL GOVERN AI,Graduate,8,6,75.0%,9.00,4.83,4.83,4.83,4.67,4.83,4.83,5.00,4.83,4.83
2025,Fall,Dietrich College of Humanities and Social Sciences,CST,84674,A,"KOSTYUK, NADIYA",TECH AND WAR,Graduate,5,3,60.0%,8.00,5.00,5.00,5.00,4.67,5.00,5.00,5.00,5.00,5.00
2025,Fall,Dietrich College of Humanities and Social Sciences,CST,84675,A,"CANFIL, JUSTIN",GEOPOLITICS INNOVAT,Graduate,6,6,100.0%,6.50,4.67,4.17,4.50,4.00,5.00,4.83,5.00,4.67,4.50
2025,Fall,Dietrich College of Humanities and Social Sciences,CST,84703,A,"VOSS, KELLY",METHODS POLICY ANALY,Graduate,9,6,66.7%,8.00,4.50,2.50,3.00,3.67,3.67,2.17,4.67,2.67,2.83
2025,Fall,Dietrich College of Humanities and Social Sciences,CST,84720,A,"DUNIGAN, MOLLY",ADV INTL SECURITY,Graduate,12,8,66.7%,8.38,5.00,5.00,5.00,5.00,5.00,4.88,5.00,4.88,4.88
2025,Fall,Dietrich College of Humanities and Social Sciences,CST,84781,A,"GARDNER, MARK",MITS CAPS PROJECT,Graduate,12,3,25.0%,24.00,5.00,5.00,5.00,5.00,5.00,5.00,5.00,5.00,5.00
2025,Fall,Dietrich College of Humanities and Social Sciences,CST,84791,A,"GARDNER, MARK",POLICY SEMINAR I,Graduate,32,17,53.1%,3.06,4.94,5.00,5.00,5.00,5.00,4.82,5.00,5.00,4.94
2025,Fall,Dietrich College of Humanities and Social Sciences,CST,84796,A,"GARDNER, MARK",DIRECTORS FELLOWSHIP,Graduate,9,3,33.3%,8.00,5.00,5.00,5.00,5.00,5.00,5.00,5.00,5.00,5.00
2025,Fall,College of Fine Arts,DES,51101,A,"KIM, HAEYOUNG",STUDIO: DESIGN,Undergraduate,39,16,41.0%,15.88,3.81,3.50,3.56,4.19,3.81,3.56,3.87,3.87,3.80
2025,Fall,College of Fine Arts,DES,51101,A,"HUGHES, KRISTIN",STUDIO: DESIGN,Undergraduate,39,16,41.0%,15.33,3.53,2.93,3.20,3.00,3.53,3.27,2.93,3.07,3.53
2025,Fall,College of Fine Arts,DES,51121,A,"ZYWICA, MATTHEW",VISUALIZING,Undergraduate,39,11,28.2%,14.36,4.45,3.27,3.73,4.27,4.18,4.36,4.55,4.36,4.36
2025,Fall,College of Fine Arts,DES,51121,A,"HONG, SUNKI",VISUALIZING,Undergraduate,39,11,28.2%,14.36,4.55,3.64,3.73,4.36,3.64,4.27,4.55,4.09,4.36
2025,Fall,College of Fine Arts,DES,51150,A1,"SCUPELLI, PETER",PERSONDESFUTURES,Undergraduate,7,5,71.4%,4.40,4.80,4.20,4.20,3.80,4.80,4.80,5.00,4.40,4.60
2025,Fall,College of Fine Arts,DES,51150,A2,"SCUPELLI, PETER",PERSONDESFUTURES,Undergraduate,9,5,55.6%,4.40,4.60,4.40,4.00,4.20,4.20,4.40,4.60,4.60,4.40
2025,Fall,College of Fine Arts,DES,51173,A,"YASKO, BRETT",HUMAN EXPER IN DES,Undergraduate,58,28,48.3%,3.61,4.57,4.61,4.46,4.04,4.61,4.61,4.04,4.43,4.54
2025,Fall,College of Fine Arts,DES,51175,A1,"MARTIN, WILLIAM",DES STUDIES: PLACE,Undergraduate,19,14,73.7%,6.71,3.79,2.43,2.86,2.93,3.07,2.43,4.71,2.86,2.50
2025,Fall,College of Fine Arts,DES,51175,B1,"MARTIN, WILLIAM",DES STUDIES: PLACE,Undergraduate,20,13,65.0%,3.85,4.00,3.00,3.15,3.31,3.54,3.31,4.38,3.38,3.23
2025,Fall,College of Fine Arts,DES,51177,A2,"FULLENWIDER, KYLA",DES STU: HISTORIES,Undergraduate,18,12,66.7%,11.42,3.42,2.50,2.92,3.50,3.25,3.17,3.83,3.08,2.42
2025,Fall,College of Fine Arts,DES,51177,B2,"FULLENWIDER, KYLA",DES STU: HISTORIES,Undergraduate,21,9,42.9%,7.67,4.44,3.78,3.56,3.89,4.11,3.78,4.33,4.00,3.33
2025,Fall,College of Fine Arts,DES,51201,A,"CROWLEY, VICTORIA",COMMUNIC STUDIO I,Undergraduate,15,4,26.7%,10.25,5.00,4.75,4.75,5.00,4.75,5.00,4.75,5.00,5.00
2025,Fall,College of Fine Arts,DES,51203,A,"TWIGG, Andrew",PROTOLAB I:COMMNCTNS,Undergraduate,15,2,13.3%,6.50,5.00,5.00,5.00,5.00,5.00,5.00,5.00,5.00,5.00
2025,Fall,College of Fine Arts,DES,51211,A,"ZYWICA, MATTHEW",PRODUCTS STUDIO I,Undergraduate,18,3,16.7%,11.00,4.00,3.33,3.33,3.33,3.33,3.33,3.67,3.67,3.67
2025,Fall,College of Fine Arts,DES,51215,W2,"VITONE, DYLAN",MAKING SHORT FILMS,Undergraduate,14,5,35.7%,6.20,4.80,4.60,4.60,4.60,4.60,4.80,5.00,4.60,4.80
2025,Fall,College of Fine Arts,DES,51229,A,"VITONE, DYLAN",DIGTL PHOTO IMAGING,Undergraduate,21,3,14.3%,9.00,5.00,5.00,5.00,5.00,5.00,5.00,5.00,5.00,5.00
2025,Fall,College of Fine Arts,DES,51231,A,"ROSEN, MYRNA",CALLIGRAPHY I,Undergraduate,7,1,14.3%,8.00,5.00,5.00,5.00,5.00,5.00,5.00,5.00,5.00,5.00
2025,Fall,College of Fine Arts,DES,51242,A,"STADELMEIER, STEPHEN",HW THNGS WK: MEC ELE,Undergraduate,19,6,31.6%,6.50,3.83,3.17,3.33,3.00,3.83,2.83,3.67,3.17,3.17
2025,Fall,College of Fine Arts,DES,51243,A2,"STADELMEIER, JOSIAH",PROTOLAB I:PRODUCTS,Undergraduate,17,4,23.5%,8.00,3.67,3.67,3.67,3.33,4.00,3.33,3.00,3.33,3.33
2025,Fall,College of Fine Arts,DES,51251,A1,"SASS, MATTHEW",PROTOLAB I:DIG PROTO,Undergraduate,18,4,22.2%,2.75,3.50,3.00,3.25,3.50,3.25,3.75,4.00,3.00,3.50
2025,Fall,College of Fine Arts,DES,51261,A,"CROWLEY, VICTORIA",COMM & DIG DES FUND,Undergraduate,12,7,58.3%,8.00,4.71,4.57,4.71,4.86,4.71,4.71,4.57,4.57,4.57
2025,Fall,College of Fine Arts,DES,51264,A,"HONG, SUNKI",PRODUCT DSGN FNDMTLS,Undergraduate,14,4,28.6%,7.25,4.75,4.00,4.25,4.50,4.75,4.25,5.00,4.25,4.75
2025,Fall,College of Fine Arts,DES,51265,A,"SCUPELLI, PETER",ENVIRON STUDIO I,Undergraduate,4,1,25.0%,14.00,5.00,3.00,5.00,4.00,5.00,3.00,5.00,3.00,4.00
2025,Fall,College of Fine Arts,DES,51267,A,"ROSENBERG MUNOZ, DANIEL",PROTOLAB I: ENVRNMNT,Undergraduate,4,1,25.0%,11.00,5.00,5.00,5.00,5.00,5.00,4.00,5.00,5.00,5.00
2025,Fall,College of Fine Arts,DES,51277,A1,"GARCIA, LUIS",DES STUDIES: SYSTEMS,Undergraduate,19,9,47.4%,4.67,4.33,3.67,3.75,3.50,4.38,3.78,4.56,4.11,3.56
2025,Fall,College of Fine Arts,DES,51277,B1,"GARCIA, LUIS",DES STUDIES: SYSTEMS,Undergraduate,19,12,63.2%,4.50,4.17,4.00,4.08,3.92,4.17,3.75,4.58,3.75,3.42
2025,Fall,College of Fine Arts,DES,51279,A2,"SAXENA, ALISHA",DES STU: CULTURES,Undergraduate,20,4,20.0%,5.00,3.50,3.25,3.25,2.75,3.00,2.75,3.50,2.50,2.75
2025,Fall,College of Fine Arts,DES,51279,B2,"SAXENA, ALISHA",DES STU: CULTURES,Undergraduate,17,4,23.5%,3.50,3.25,1.75,1.75,2.50,2.75,3.00,3.75,2.75,2.25
2025,Fall,College of Fine Arts,DES,51283,A,"FIROS, DAPHNE",NARR SPACE&TIME,Undergraduate,5,3,60.0%,8.00,5.00,5.00,4.67,5.00,4.00,4.67,5.00,5.00,4.67
2025,Fall,College of Fine Arts,DES,51304,A,"KIM, HAEYOUNG",PLAY IXD,Undergraduate,12,4,33.3%,9.50,4.75,4.50,4.75,4.75,4.75,4.50,4.75,4.75,4.75
2025,Fall,College of Fine Arts,DES,51316,A,"KROWINSKI, WILLIAM",EXPBYDES,Undergraduate,14,6,42.9%,6.00,5.00,4.67,4.50,5.00,4.50,4.50,5.00,4.33,4.50
2025,Fall,College of Fine Arts,DES,51317,A,"YASKO, BRETT",PUBLICATION,Undergraduate,15,2,13.3%,8.00,5.00,5.00,5.00,5.00,5.00,5.00,5.00,5.00,5.00
2025,Fall,College of Fine Arts,DES,51323,A,"HUGHES, KRISTIN",COMMNCTNS STUDIO III,Undergraduate,23,8,34.8%,17.63,3.75,3.63,3.13,3.75,3.75,3.13,3.63,3.88,3.75
2025,Fall,College of Fine Arts,DES,51324,A1,"STADELMEIER, JOSIAH",BASIC 3D PROTOTYPING,Undergraduate,4,1,25.0%,5.00,5.00,4.00,5.00,5.00,4.00,5.00,5.00,5.00,5.00
2025,Fall,College of Fine Arts,DES,51341,A,"CHUNG, WAYNE",HOW THINGS ARE MADE,Undergraduate,15,3,20.0%,6.50,4.00,4.00,4.00,4.00,4.50,4.00,4.00,4.00,4.00
2025,Fall,College of Fine Arts,DES,51343,A,"ANDERSON, ERIC",PRODUCTS STUDIO III,Undergraduate,14,3,21.4%,13.00,5.00,4.00,4.33,4.67,4.33,4.67,4.67,4.67,5.00
2025,Fall,College of Fine Arts,DES,51359,A,"CHUNG, WAYNE",UX DESIGN,Undergraduate,11,2,18.2%,8.00,5.00,4.50,4.50,4.50,4.50,5.00,5.00,4.50,4.50
2025,Fall,College of Fine Arts,DES,51363,A,"FIROS, DAPHNE",ENVRNMNTS STUDIO III,Undergraduate,4,3,75.0%,14.00,5.00,5.00,5.00,5.00,4.67,4.67,5.00,5.00,5.00
2025,Fall,College of Fine Arts,DES,51365,A,"HOROWITZ, JOSHUA",CREATV TECHNLGY SPNT,Undergraduate,11,5,45.5%,8.00,4.60,4.60,4.75,4.25,4.50,3.50,4.75,4.50,4.25
2025,Fall,College of Fine Arts,DES,51368,A,"VITONE, DYLAN",MOVING PICTURES,Undergraduate,16,5,31.3%,8.60,4.60,4.60,4.60,4.60,4.60,4.60,4.60,4.60,4.60
2025,Fall,College of Fine Arts,DES,51374,A,"FANELLI, JAY",PREP FOR DES PRACTC,Undergraduate,17,6,35.3%,2.50,4.67,4.67,4.50,4.67,4.83,4.67,4.83,4.50,4.67
2025,Fall,College of Fine Arts,DES,51437,A,"KOSSOFF, GIDEON",ECOLOGICAL WORLDVIEW,Undergraduate,2,1,50.0%,8.00,4.00,4.00,4.00,3.00,4.00,4.00,4.00,4.00,4.00
2025,Fall,College of Fine Arts,DES,51438,A,"LEON, STEPHEN",LETTERPRESS,Undergraduate,12,11,91.7%,5.82,5.00,4.73,4.73,4.82,4.91,4.82,5.00,5.00,4.91
2025,Fall,College of Fine Arts,DES,51441,A,"BIERYLA, KATIE",FOUNDTN BME DESIGN,Undergraduate,8,2,25.0%,3.50,3.50,4.00,4.00,4.50,4.00,4.00,4.00,4.00,4.00
2025,Fall,College of Fine Arts,DES,51446,A2,"HANINGTON, BRUCE",DES FOR AGE,Undergraduate,9,5,55.6%,3.80,4.60,4.20,4.40,4.00,4.60,4.40,4.60,4.40,4.60
2025,Fall,College of Fine Arts,DES,51451,A,"ZYWICA, MATTHEW",FUND JOIN FURN DESGN,Undergraduate,5,1,20.0%,24.00,4.00,3.00,3.00,4.00,3.00,4.00,4.00,3.00,4.00
2025,Fall,College of Fine Arts,DES,51481,C,"TWIGG, Andrew",SR DESIGN STUDIO,Undergraduate,12,5,41.7%,12.80,5.00,4.40,4.40,4.60,4.80,4.40,5.00,4.80,4.60
2025,Fall,College of Fine Arts,DES,51481,B,"EL ZANFALY, DINA",SR DESIGN STUDIO,Undergraduate,8,2,25.0%,12.50,5.00,4.00,4.50,5.00,5.00,4.50,5.00,5.00,5.00
2025,Fall,College of Fine Arts,DES,51481,A,"CHAPMAN, JONATHAN",SR DESIGN STUDIO,Undergraduate,16,3,18.8%,16.33,5.00,5.00,5.00,5.00,5.00,5.00,5.00,5.00,5.00
2025,Fall,College of Fine Arts,DES,51504,A1,"SEAGO, AINSLEY",PATTERNS IN NATURE,Undergraduate,4,0,0.0%,,,,,,,,,,
2025,Fall,College of Fine Arts,DES,51508,A2,"KRISHNASWAMI, LAKSHMI",DESIGN DATA,Undergraduate,8,3,37.5%,8.00,5.00,5.00,5.00,4.67,5.00,5.00,5.00,5.00,4.67
2025,Fall,College of Fine Arts,DES,51601,A,"CHAPMAN, JONATHAN",MA SEM I: DES MINDS,Graduate,9,6,66.7%,9.00,5.00,5.00,5.00,5.00,5.00,5.00,5.00,5.00,5.00
2025,Fall,College of Fine Arts,DES,51604,A,"KIM, HAEYOUNG",PLAY IXD,Graduate,4,2,50.0%,8.00,4.50,4.00,5.00,4.50,4.50,3.00,5.00,4.00,4.00
2025,Fall,College of Fine Arts,DES,51611,A,"YASKO, BRETT",MA STUD I: VIS COMM,Graduate,8,5,62.5%,18.00,5.00,5.00,5.00,5.00,5.00,5.00,5.00,5.00,5.00
2025,Fall,College of Fine Arts,DES,51618,A2,"KRISHNASWAMI, LAKSHMI",DESIGN DATA,Graduate,3,1,33.3%,8.00,5.00,5.00,5.00,5.00,5.00,5.00,5.00,5.00,5.00
2025,Fall,College of Fine Arts,DES,51625,A,"TWIGG, Andrew",MA SOFTWARE LAB,Graduate,8,5,62.5%,3.20,4.80,4.80,5.00,5.00,5.00,5.00,4.80,4.80,4.60
2025,Fall,College of Fine Arts,DES,51665,A,"HOROWITZ, JOSHUA",CREAT TECH SPRINTS,Graduate,5,2,40.0%,11.00,5.00,5.00,5.00,5.00,5.00,5.00,5.00,5.00,5.00
2025,Fall,College of Fine Arts,DES,51671,A,"HANINGTON, BRUCE",MA PRINC & PRACTICE,Graduate,8,5,62.5%,5.60,5.00,5.00,5.00,5.00,5.00,5.00,5.00,5.00,5.00
2025,Fall,College of Fine Arts,DES,51701,A,"ROSENBERG MUNOZ, DANIEL",MDES/MPS SEM I,Graduate,14,13,92.9%,6.85,5.00,4.85,4.85,4.69,4.85,4.92,4.92,4.77,4.77
2025,Fall,College of Fine Arts,DES,51705,A,"HANINGTON, BRUCE",MDES THESIS PREP I,Graduate,11,9,81.8%,2.67,4.33,4.33,4.44,4.44,4.44,4.33,4.56,4.33,4.11
2025,Fall,College of Fine Arts,DES,51711,A,"TWIGG, Andrew",MDES/MPS STUDIO I,Graduate,11,7,63.6%,13.14,4.86,4.57,4.29,4.14,4.29,3.86,4.86,4.14,4.43
2025,Fall,College of Fine Arts,DES,51725,A,"FIROS, DAPHNE",MDES/MPS DES LAB,Graduate,11,7,63.6%,5.00,4.86,4.71,4.71,4.14,4.14,4.29,4.71,4.14,4.29
2025,Fall,College of Fine Arts,DES,51729,A,"ROHRBACH, STACIE",MDES CD STUDIO,Graduate,13,10,76.9%,13.10,3.90,3.20,3.20,3.70,3.20,3.30,3.70,2.90,2.90
2025,Fall,College of Fine Arts,DES,51750,A1,"SCUPELLI, PETER",PERSDESFUT,Graduate,4,3,75.0%,4.00,4.67,4.00,4.00,4.00,4.67,4.33,5.00,4.33,4.33
2025,Fall,College of Fine Arts,DES,51759,A,"CHUNG, WAYNE",UX RESEARCH DESIGN,Graduate,3,0,0.0%,,,,,,,,,,
2025,Fall,College of Fine Arts,DES,51761,A,"CROWLEY, VICTORIA",COMM DES FUNDMNTLS,Graduate,4,3,75.0%,10.00,5.00,5.00,5.00,5.00,5.00,5.00,5.00,5.00,5.00
2025,Fall,College of Fine Arts,DES,51774,A,"FANELLI, JAY",PREP FOR DES PRACTC,Graduate,2,1,50.0%,5.00,5.00,4.00,5.00,5.00,5.00,4.00,5.00,4.00,5.00
2025,Fall,College of Fine Arts,DES,51809,A,"HANINGTON, BRUCE",MDES THES PROGRESS I,Graduate,6,3,50.0%,10.00,4.33,4.67,4.33,4.33,4.33,4.67,4.67,4.33,4.33
2025,Fall,College of Fine Arts,DES,51825,A,"EL ZANFALY, DINA",MDES SEMINAR III,Graduate,6,4,66.7%,10.25,4.25,4.00,4.00,4.00,4.00,4.00,4.25,3.75,4.00
2025,Fall,College of Fine Arts,DES,51903,A,"EL ZANFALY, DINA",DES THEORY & PRACT,Graduate,3,3,100.0%,8.00,5.00,4.33,5.00,4.67,4.67,4.33,5.00,4.33,4.00
2025,Fall,College of Fine Arts,DES,51907,A,"ROHRBACH, STACIE",TEACHING DESIGN,Graduate,3,3,100.0%,8.00,5.00,5.00,5.00,5.00,5.00,5.00,5.00,5.00,5.00
2025,Fall,College of Fine Arts,DES,51913,A,"IRWIN, TERRY",DES WRITING WRKSHP,Graduate,2,0,0.0%,,,,,,,,,,
2025,Fall,College of Fine Arts,DES,51921,A,"CHAPMAN, JONATHAN",RESEARCH I,Graduate,3,1,33.3%,14.00,5.00,5.00,5.00,5.00,5.00,5.00,5.00,5.00,5.00
2025,Fall,College of Fine Arts,DES,51923,A,"CHAPMAN, JONATHAN",RESEARCH III,Graduate,2,0,0.0%,,,,,,,,,,
2025,Fall,College of Fine Arts,DES,51937,A,"KOSSOFF, GIDEON",ECOLOGICAL WORLDVIEW,Graduate,4,3,75.0%,7.00,5.00,5.00,5.00,5.00,5.00,5.00,5.00,5.00,5.00
2025,Fall,College of Fine Arts,DES,51950,A2,"CHAPMAN, JONATHAN",PROGRESS REVIEWS I,Graduate,3,1,33.3%,2.00,5.00,5.00,5.00,5.00,5.00,5.00,5.00,5.00,5.00
2025,Fall,College of Fine Arts,DES,51954,A2,"CHAPMAN, JONATHAN",PROGRESS REVIEWS III,Graduate,3,1,33.3%,14.00,5.00,5.00,5.00,5.00,5.00,5.00,5.00,5.00,5.00
2025,Fall,College of Fine Arts,DES,51957,A2,"CHAPMAN, JONATHAN",PROGRESS REVIEWS V,Graduate,2,0,0.0%,,,,,,,,,,
2025,Fall,College of Fine Arts,DES,51971,A,"CHAPMAN, JONATHAN",CODA I,Graduate,2,1,50.0%,17.00,4.00,4.00,4.00,3.00,3.00,3.00,5.00,4.00,5.00
2025,Fall,College of Fine Arts,DES,51999,A,"SCUPELLI, PETER",ADVISING,Graduate,3,3,100.0%,12.33,4.67,4.33,4.00,4.00,4.67,4.33,4.33,4.33,4.67
2025,Fall,College of Fine Arts,DRA,54101,A,"SMITH, ANDREW",ACTING I,Undergraduate,12,1,8.3%,8.00,5.00,5.00,4.00,5.00,5.00,4.00,5.00,5.00,5.00
2025,Fall,College of Fine Arts,DRA,54101,B,"WALKER-RHOZE, BRIA",ACTING I,Undergraduate,12,4,33.3%,7.25,5.00,5.00,5.00,5.00,5.00,5.00,5.00,5.00,5.00
2025,Fall,College of Fine Arts,DRA,54103,A,"LOGAN, GARY",SPEECH I,Undergraduate,8,0,0.0%,,,,,,,,,,
2025,Fall,College of Fine Arts,DRA,54103,B,"LOGAN, GARY",SPEECH I,Undergraduate,8,2,25.0%,3.50,5.00,5.00,5.00,5.00,5.00,5.00,5.00,5.00,5.00
2025,Fall,College of Fine Arts,DRA,54103,C,"LOGAN, GARY",SPEECH I,Undergraduate,8,2,25.0%,5.00,5.00,5.00,5.00,5.00,4.00,5.00,5.00,5.00,4.50
2025,Fall,College of Fine Arts,DRA,54105,A,"VELTEN-SMITH, LISA",VOICE FOR STAGE I,Undergraduate,9,2,22.2%,5.00,5.00,5.00,4.50,3.50,3.50,4.50,5.00,4.50,4.50
2025,Fall,College of Fine Arts,DRA,54105,B,"VELTEN-SMITH, LISA",VOICE FOR STAGE I,Undergraduate,8,0,0.0%,,,,,,,,,,
2025,Fall,College of Fine Arts,DRA,54105,C,"VELTEN-SMITH, LISA",VOICE FOR STAGE I,Undergraduate,8,3,37.5%,4.00,5.00,5.00,5.00,5.00,5.00,5.00,5.00,5.00,5.00
2025,Fall,College of Fine Arts,DRA,54107,A,"MOORE, CATHERINE",MOVEMENT I,Undergraduate,8,2,25.0%,3.50,4.50,4.00,4.50,4.50,4.50,4.50,4.50,4.00,4.00
2025,Fall,College of Fine Arts,DRA,54107,B,"MOORE, CATHERINE",MOVEMENT I,Undergraduate,8,2,25.0%,8.00,4.50,4.50,5.00,4.00,4.00,5.00,5.00,4.50,5.00
2025,Fall,College of Fine Arts,DRA,54107,C,"MOORE, CATHERINE",MOVEMENT I,Undergraduate,8,0,0.0%,,,,,,,,,,
2025,Fall,College of Fine Arts,DRA,54109,A,"ARONS, W.",DRAMATURGY I:APP TXT,Undergraduate,9,1,11.1%,5.00,5.00,5.00,5.00,4.00,5.00,4.00,5.00,4.00,4.00
2025,Fall,College of Fine Arts,DRA,54110,A2,"HADEN, KYLE",TEXT FOR ACTORS,Undergraduate,8,0,0.0%,,,,,,,,,,
2025,Fall,College of Fine Arts,DRA,54110,B2,"HADEN, KYLE",TEXT FOR ACTORS,Undergraduate,16,4,25.0%,7.25,4.25,4.25,4.75,4.25,4.50,4.75,4.75,4.25,4.50
2025,Fall,College of Fine Arts,DRA,54123,A,"FEDELE, LUCAS",DNCE 1: BALLET,Undergraduate,7,1,14.3%,2.00,4.00,4.00,4.00,3.00,4.00,4.00,4.00,4.00,3.00
2025,Fall,College of Fine Arts,DRA,54123,B,"TUCKER, RACHEL",DNCE 1: BALLET,Undergraduate,9,6,66.7%,5.50,5.00,5.00,4.83,5.00,4.83,5.00,5.00,5.00,5.00
2025,Fall,College of Fine Arts,DRA,54125,A,"REYES-MIR, GIOVANNA",MUSIC SKILLS I,Undergraduate,5,2,40.0%,3.50,5.00,5.00,5.00,5.00,5.00,5.00,4.50,5.00,4.50
2025,Fall,College of Fine Arts,DRA,54125,B,"DOMENCIC, MARK",MUSIC SKILLS I,Undergraduate,7,2,28.6%,3.50,4.00,4.50,4.50,5.00,3.00,4.00,5.00,4.50,4.00
2025,Fall,College of Fine Arts,DRA,54151,B2,"ZAMBORSKY, BETH",STAGECRAFT,Undergraduate,7,4,57.1%,5.00,4.25,4.00,4.25,4.25,4.25,4.25,4.00,4.00,4.00
2025,Fall,College of Fine Arts,DRA,54151,B1,"ZAMBORSKY, BETH",STAGECRAFT,Undergraduate,7,4,57.1%,5.00,2.75,2.25,2.50,2.75,3.75,3.50,2.00,2.25,2.50
2025,Fall,College of Fine Arts,DRA,54151,A2,"CARTER, BERNARD",STAGECRAFT,Undergraduate,7,4,57.1%,3.50,4.50,4.25,4.50,3.50,4.25,4.25,4.25,4.00,4.00
2025,Fall,College of Fine Arts,DRA,54151,A1,"CARTER, BERNARD",STAGECRAFT,Undergraduate,7,5,71.4%,2.60,4.60,4.80,5.00,4.40,4.80,5.00,4.80,4.80,4.20
2025,Fall,College of Fine Arts,DRA,54151,D1,"WEST, SEAN",STAGECRAFT,Undergraduate,7,5,71.4%,3.80,3.60,3.80,3.80,3.80,4.60,3.80,4.60,4.20,3.20
2025,Fall,College of Fine Arts,DRA,54151,D2,"WEST, SEAN",STAGECRAFT,Undergraduate,7,2,28.6%,2.00,4.50,4.00,3.50,4.50,5.00,4.50,5.00,4.00,3.50
2025,Fall,College of Fine Arts,DRA,54151,F1,"FEATHER, THOMAS",STAGECRAFT,Undergraduate,7,4,57.1%,9.50,4.75,4.75,4.75,4.50,4.75,5.00,5.00,4.75,4.75
2025,Fall,College of Fine Arts,DRA,54151,F2,"FEATHER, THOMAS",STAGECRAFT,Undergraduate,7,3,42.9%,9.00,4.33,5.00,5.00,4.67,5.00,5.00,5.00,4.67,5.00
2025,Fall,College of Fine Arts,DRA,54151,G1,"BROWN, ZACHARY",STAGECRAFT,Undergraduate,7,4,57.1%,8.75,4.75,5.00,5.00,4.50,5.00,4.75,5.00,5.00,5.00
2025,Fall,College of Fine Arts,DRA,54151,G2,"BROWN, ZACHARY",STAGECRAFT,Undergraduate,7,3,42.9%,7.00,4.67,4.67,4.67,4.67,5.00,4.67,5.00,4.67,4.67
2025,Fall,College of Fine Arts,DRA,54151,E2,"LAGER, TIIA",STAGECRAFT,Undergraduate,7,4,57.1%,3.50,4.25,4.50,4.50,4.00,4.00,4.75,4.25,4.50,4.75
2025,Fall,College of Fine Arts,DRA,54151,H1,"MCCORMACK, COLLIN",STAGECRAFT,Undergraduate,7,5,71.4%,5.00,2.80,1.80,1.80,3.20,3.00,3.20,1.40,2.60,2.40
2025,Fall,College of Fine Arts,DRA,54151,H2,"MCCORMACK, COLLIN",STAGECRAFT,Undergraduate,7,2,28.6%,2.00,3.50,3.50,3.00,3.50,3.50,3.00,3.00,3.00,3.00
2025,Fall,College of Fine Arts,DRA,54151,C1,"KULIK, TODD",STAGECRAFT,Undergraduate,7,4,57.1%,2.00,5.00,3.75,4.00,4.75,5.00,4.00,5.00,4.25,3.50
2025,Fall,College of Fine Arts,DRA,54151,C2,"KULIK, TODD",STAGECRAFT,Undergraduate,7,4,57.1%,2.75,4.75,4.00,4.75,4.50,4.75,4.75,5.00,4.50,5.00
2025,Fall,College of Fine Arts,DRA,54157,A,"HINES, KEVIN",PRODUCTION SCIENCE,Undergraduate,29,11,37.9%,3.36,3.91,3.64,3.36,3.55,3.73,3.91,4.55,3.50,3.30
2025,Fall,College of Fine Arts,DRA,54169,A,"ZAMBORSKY, BETH",STUDIOCRAFT 1,Undergraduate,28,13,46.4%,6.38,3.46,3.23,3.23,3.77,3.38,3.08,3.31,3.23,3.62
2025,Fall,College of Fine Arts,DRA,54169,A,"BLOCK, DICK",STUDIOCRAFT 1,Undergraduate,28,13,46.4%,9.85,4.46,4.62,4.54,4.23,4.46,4.54,4.15,4.46,4.38
2025,Fall,College of Fine Arts,DRA,54171,A,"TSU, SUSAN",BASIC DESIGN 1,Undergraduate,28,14,50.0%,10.36,4.71,4.00,4.07,4.64,4.50,4.50,4.71,4.71,4.64
2025,Fall,College of Fine Arts,DRA,54171,A,"GLADU, AMANDA",BASIC DESIGN 1,Undergraduate,28,14,50.0%,9.50,3.29,3.07,3.43,3.64,3.50,3.36,4.07,3.36,4.29
2025,Fall,College of Fine Arts,DRA,54177,A,"YOUNG, TJ",FOUNDATIONS DRAMA I,Undergraduate,23,7,30.4%,4.14,5.00,4.86,5.00,4.43,4.57,4.71,5.00,5.00,4.57
2025,Fall,College of Fine Arts,DRA,54183,A,"EDMONDS-ALLEN, Liggera",INTO PLAYWRITING,Undergraduate,4,2,50.0%,8.00,5.00,5.00,5.00,5.00,5.00,5.00,5.00,5.00,5.00
2025,Fall,College of Fine Arts,DRA,54185,A,"SHEPARD, Hannah",DUNGEON,Undergraduate,9,5,55.6%,3.80,5.00,5.00,5.00,4.80,4.60,5.00,5.00,5.00,5.00
2025,Fall,College of Fine Arts,DRA,54187,A,"WILDER, Maguire",SPECULATIVE,Undergraduate,9,3,33.3%,3.00,5.00,4.33,4.67,5.00,4.67,4.33,5.00,5.00,4.67
2025,Fall,College of Fine Arts,DRA,54191,C,"KELSO, GWENDOLYN",ACTING FOR NON MAJOR,Undergraduate,10,3,30.0%,6.00,4.33,4.00,4.33,4.33,4.33,4.33,4.67,4.33,4.00
2025,Fall,College of Fine Arts,DRA,54191,D,"KELSO, GWENDOLYN",ACTING FOR NON MAJOR,Undergraduate,9,4,44.4%,4.25,5.00,4.67,5.00,5.00,4.50,5.00,5.00,4.67,5.00
2025,Fall,College of Fine Arts,DRA,54191,E,"KELSO, GWENDOLYN",ACTING FOR NON MAJOR,Undergraduate,11,4,36.4%,5.00,4.75,4.75,5.00,5.00,4.25,5.00,5.00,5.00,5.00
2025,Fall,College of Fine Arts,DRA,54191,F,"KELSO, GWENDOLYN",ACTING FOR NON MAJOR,Undergraduate,9,4,44.4%,4.25,4.75,5.00,4.75,5.00,4.75,5.00,5.00,4.75,4.75
2025,Fall,College of Fine Arts,DRA,54191,H,"KELSO, GWENDOLYN",ACTING FOR NON MAJOR,Undergraduate,11,6,54.5%,4.50,4.00,3.83,3.83,4.17,4.00,4.00,3.83,3.83,4.33
2025,Fall,College of Fine Arts,DRA,54191,B,"CLUNIE, Aurelia",ACTING FOR NON MAJOR,Undergraduate,12,7,58.3%,4.14,5.00,4.43,4.57,4.86,4.86,5.00,5.00,5.00,4.43
2025,Fall,College of Fine Arts,DRA,54191,A,"SPELLMAN, Cody",ACTING FOR NON MAJOR,Undergraduate,12,5,41.7%,6.80,5.00,4.80,5.00,5.00,4.80,5.00,4.60,4.60,4.80
2025,Fall,College of Fine Arts,DRA,54191,C,"CODY, GAB",ACTING FOR NON MAJOR,Undergraduate,10,3,30.0%,5.00,4.67,4.33,4.33,4.33,4.33,4.33,4.33,4.33,4.00
2025,Fall,College of Fine Arts,DRA,54191,D,"CODY, GAB",ACTING FOR NON MAJOR,Undergraduate,9,4,44.4%,5.00,5.00,4.67,4.67,5.00,5.00,5.00,5.00,5.00,5.00
2025,Fall,College of Fine Arts,DRA,54191,E,"CODY, GAB",ACTING FOR NON MAJOR,Undergraduate,11,4,36.4%,5.00,4.75,5.00,4.75,4.75,4.50,4.75,5.00,4.75,5.00
2025,Fall,College of Fine Arts,DRA,54191,F,"CODY, GAB",ACTING FOR NON MAJOR,Undergraduate,9,4,44.4%,4.25,5.00,4.75,4.75,5.00,4.75,4.75,5.00,5.00,4.75
2025,Fall,College of Fine Arts,DRA,54191,H,"CODY, GAB",ACTING FOR NON MAJOR,Undergraduate,11,6,54.5%,4.50,4.83,4.67,4.67,4.83,4.83,4.67,4.67,4.83,5.00
2025,Fall,College of Fine Arts,DRA,54196,A,"FOLEY, Kate",CURATING WRITER LIFE,Undergraduate,9,5,55.6%,5.60,4.80,4.80,4.80,4.00,4.20,4.20,4.80,4.40,4.20
2025,Fall,College of Fine Arts,DRA,54201,B,"WALKER-RHOZE, BRIA",ACTING II,Undergraduate,7,4,57.1%,11.75,5.00,5.00,5.00,5.00,5.00,5.00,5.00,5.00,5.00
2025,Fall,College of Fine Arts,DRA,54201,C,"HADEN, KYLE",ACTING II,Undergraduate,8,2,25.0%,9.50,3.50,4.00,4.00,3.50,4.00,4.00,4.00,3.50,3.50
2025,Fall,College of Fine Arts,DRA,54201,A,"SMITH, ANDREW",ACTING II,Undergraduate,8,2,25.0%,9.50,5.00,5.00,5.00,5.00,5.00,5.00,5.00,5.00,5.00
2025,Fall,College of Fine Arts,DRA,54203,A,"LOGAN, GARY",VOICE & SPEECH II,Undergraduate,12,3,25.0%,5.00,4.67,4.67,5.00,4.67,5.00,5.00,5.00,4.67,4.00
2025,Fall,College of Fine Arts,DRA,54203,B,"LOGAN, GARY",VOICE & SPEECH II,Undergraduate,11,1,9.1%,8.00,5.00,5.00,5.00,5.00,5.00,5.00,5.00,4.00,4.00
2025,Fall,College of Fine Arts,DRA,54205,A,"TUCKER, RACHEL",DANCE II,Undergraduate,8,1,12.5%,2.00,5.00,5.00,5.00,5.00,5.00,5.00,5.00,5.00,5.00
2025,Fall,College of Fine Arts,DRA,54205,B,"FEDELE, LUCAS",DANCE II,Undergraduate,5,0,0.0%,,,,,,,,,,
2025,Fall,College of Fine Arts,DRA,54207,A,"BUTLER, KATIE",MOVEMENT II,Undergraduate,11,1,9.1%,5.00,5.00,5.00,4.00,3.00,3.00,3.00,5.00,3.00,2.00
2025,Fall,College of Fine Arts,DRA,54207,B,"BUTLER, KATIE",MOVEMENT II,Undergraduate,12,4,33.3%,4.25,4.50,4.75,4.50,3.50,4.25,4.50,4.75,4.00,4.00
2025,Fall,College of Fine Arts,DRA,54209,A,"STEWART, AUSAR",VCE & SPCH II PRTICM,Undergraduate,11,1,9.1%,2.00,4.00,3.00,2.00,5.00,5.00,5.00,5.00,4.00,3.00
2025,Fall,College of Fine Arts,DRA,54209,B,"STEWART, AUSAR",VCE & SPCH II PRTICM,Undergraduate,12,3,25.0%,2.00,4.00,4.00,4.00,4.67,4.67,4.00,4.33,4.00,4.00
2025,Fall,College of Fine Arts,DRA,54211,A,"TUCKER, RACHEL",ACTOR DANCE II,Undergraduate,10,6,60.0%,4.50,5.00,5.00,4.83,5.00,4.83,5.00,5.00,5.00,5.00
2025,Fall,College of Fine Arts,DRA,54213,A,"REYES-MIR, GIOVANNA",SINGING FOR ACTORS 2,Undergraduate,15,4,26.7%,5.00,5.00,5.00,4.75,5.00,4.75,5.00,4.75,4.75,5.00
2025,Fall,College of Fine Arts,DRA,54217,A,"COUSIN, TOME",JAZZ II,Undergraduate,7,0,0.0%,,,,,,,,,,
2025,Fall,College of Fine Arts,DRA,54217,B,"COUSIN, TOME",JAZZ II,Undergraduate,6,2,33.3%,2.00,5.00,4.50,4.50,5.00,5.00,5.00,5.00,5.00,5.00
2025,Fall,College of Fine Arts,DRA,54219,A,"BENACK, CLAUDIA",MT THEATER HIS & REP,Undergraduate,17,3,17.6%,3.00,4.00,4.67,4.33,3.33,4.33,4.00,3.33,3.67,4.33
2025,Fall,College of Fine Arts,DRA,54219,A,"OLMSTEAD, AMANDA",MT THEATER HIS & REP,Undergraduate,17,3,17.6%,3.00,5.00,5.00,5.00,4.67,5.00,5.00,5.00,5.00,5.00
2025,Fall,College of Fine Arts,DRA,54223,A,"FEDELE, LUCAS",TAP II,Undergraduate,8,0,0.0%,,,,,,,,,,
2025,Fall,College of Fine Arts,DRA,54223,B,"FEDELE, LUCAS",TAP II,Undergraduate,5,1,20.0%,2.00,5.00,5.00,5.00,4.00,5.00,4.00,5.00,4.00,5.00
2025,Fall,College of Fine Arts,DRA,54227,B,"BARRETT, KENT",SCENIC ADVISE,Undergraduate,4,2,50.0%,2.00,5.00,5.00,5.00,5.00,5.00,5.00,5.00,5.00,5.00
2025,Fall,College of Fine Arts,DRA,54227,B,"WARREN, CHELSEA",SCENIC ADVISE,Undergraduate,4,2,50.0%,2.00,3.00,2.00,2.00,3.00,3.00,3.00,3.00,3.00,3.00
2025,Fall,College of Fine Arts,DRA,54227,A,"BLOCK, DICK",SCENIC ADVISE,Undergraduate,2,0,0.0%,,,,,,,,,,
2025,Fall,College of Fine Arts,DRA,54229,A1,"SHACKLEFORD, TINA",OSWALD: THE RETURN,Undergraduate,20,6,30.0%,3.80,4.80,3.40,3.60,4.00,4.00,3.40,5.00,4.40,4.00
2025,Fall,College of Fine Arts,DRA,54229,A1,"RAMIREZ, ROBERT",OSWALD: THE RETURN,Undergraduate,20,6,30.0%,3.80,4.60,3.20,3.20,3.60,3.80,3.00,4.40,4.00,4.00
2025,Fall,College of Fine Arts,DRA,54229,A1,"STEBBINS, MARY",OSWALD: THE RETURN,Undergraduate,20,6,30.0%,4.50,4.50,3.60,3.40,3.80,4.00,3.60,4.80,4.20,4.20
2025,Fall,College of Fine Arts,DRA,54231,A,"BLOCK, DICK",DESIGN FOR THE STAGE,Undergraduate,25,9,36.0%,8.33,4.44,3.11,3.22,4.44,4.44,3.44,4.33,3.89,3.56
2025,Fall,College of Fine Arts,DRA,54231,A,"ESHELMAN, MINDY",DESIGN FOR THE STAGE,Undergraduate,25,9,36.0%,8.33,4.11,2.56,2.67,3.33,4.00,3.11,4.56,3.11,3.67
2025,Fall,College of Fine Arts,DRA,54232,A,"STEBBINS, MARY",DSGN FOR STAGE:LIGHT,Undergraduate,13,4,30.8%,5.75,4.50,4.75,4.75,5.00,4.75,4.50,4.50,4.75,4.50
2025,Fall,College of Fine Arts,DRA,54232,B,"STEBBINS, MARY",DSGN FOR STAGE:LIGHT,Undergraduate,14,5,35.7%,5.00,4.80,4.40,4.40,4.60,4.60,4.80,4.80,4.80,4.60
2025,Fall,College of Fine Arts,DRA,54237,A,"ZAMBORSKY, BETH",SCENIC PAINTING I,Undergraduate,5,4,80.0%,3.50,4.50,4.00,4.00,4.50,4.50,4.75,4.50,4.25,4.25
2025,Fall,College of Fine Arts,DRA,54241,A,"GOOD, KRISTI",DRAMATURGY 3,Undergraduate,5,1,20.0%,2.00,5.00,5.00,5.00,4.00,5.00,5.00,5.00,4.00,5.00
2025,Fall,College of Fine Arts,DRA,54245,A,"GLADU, AMANDA",COSTUME HISTORY,Undergraduate,4,3,75.0%,7.00,3.33,3.67,4.33,2.67,4.33,3.00,3.00,3.00,3.67
2025,Fall,College of Fine Arts,DRA,54247,A,"YOUNG, TJ",DRAMATURGY 5: IN COM,Undergraduate,13,5,38.5%,5.60,5.00,3.80,4.40,4.00,4.40,4.40,5.00,4.60,3.80
2025,Fall,College of Fine Arts,DRA,54247,A,"GOOD, KRISTI",DRAMATURGY 5: IN COM,Undergraduate,13,5,38.5%,6.20,4.60,3.80,4.00,3.80,4.40,4.00,4.60,4.20,4.00
2025,Fall,College of Fine Arts,DRA,54254,A2,"YOUNG, TJ",NEW WORK DVLPMT,Undergraduate,2,0,0.0%,,,,,,,,,,
2025,Fall,College of Fine Arts,DRA,54266,A,"SHACKLEFORD, TINA",STAGE MANGMNT:CUE LB,Undergraduate,5,5,100.0%,6.80,4.40,4.60,4.60,3.60,4.40,4.60,4.20,4.00,4.20
2025,Fall,College of Fine Arts,DRA,54267,A,"PINO, JOE",CONCEPTL SND DESGN,Undergraduate,2,1,50.0%,8.00,5.00,4.00,5.00,5.00,5.00,4.00,5.00,5.00,5.00
2025,Fall,College of Fine Arts,DRA,54271,A,"WEI, MISO",TECHNICAL MANAGEMENT,Undergraduate,25,9,36.0%,5.33,4.11,3.89,4.11,3.67,4.22,4.11,4.22,3.89,3.56
2025,Fall,College of Fine Arts,DRA,54273,A,"BOEVERS, DAVID",TCHNL DIRECTION I,Undergraduate,6,5,83.3%,6.80,2.40,3.20,3.00,2.40,3.20,2.60,2.60,2.60,2.60
2025,Fall,College of Fine Arts,DRA,54274,A1,"LAGER, TIIA",COSTUME MGMT SEM,Undergraduate,4,1,25.0%,2.00,5.00,5.00,5.00,5.00,5.00,5.00,5.00,5.00,5.00
2025,Fall,College of Fine Arts,DRA,54279,A,"LOWERY, OWEN",EMBD ELECT,Undergraduate,2,1,50.0%,2.00,4.00,3.00,3.00,3.00,3.00,2.00,3.00,2.00,3.00
2025,Fall,College of Fine Arts,DRA,54281,A,"OLMSTEAD, AMANDA",FOUNDATNS DRAMA II,Undergraduate,11,2,18.2%,5.00,4.00,4.50,4.00,4.50,4.50,4.50,5.00,4.50,4.00
2025,Fall,College of Fine Arts,DRA,54281,B,"OLMSTEAD, AMANDA",FOUNDATNS DRAMA II,Undergraduate,24,11,45.8%,3.64,4.82,4.55,4.64,4.55,4.73,4.91,5.00,5.00,4.73
2025,Fall,College of Fine Arts,DRA,54284,A,"PAZOS, Samantha or Sam",FUNDMNTLS DIRECTING,Undergraduate,26,7,26.9%,3.71,3.57,2.57,2.43,3.14,3.57,3.00,4.43,2.86,2.29
2025,Fall,College of Fine Arts,DRA,54285,A,"SAPA, EMILY",ALEXANDER TECHNIQUE,Undergraduate,35,10,28.6%,2.00,5.00,4.90,4.89,4.89,5.00,5.00,5.00,4.89,4.78
2025,Fall,College of Fine Arts,DRA,54300,A1,"STEWART, AUSAR",DIST PLAYWT SCN PROG,Undergraduate,11,1,9.1%,5.00,4.00,2.00,3.00,4.00,3.00,3.00,3.00,4.00,4.00
2025,Fall,College of Fine Arts,DRA,54301,A1,"MCKAY, ANTHONY",ACTING III,Undergraduate,13,1,7.7%,8.00,5.00,5.00,5.00,5.00,5.00,5.00,5.00,5.00,5.00
2025,Fall,College of Fine Arts,DRA,54301,A2,"MCKAY, ANTHONY",ACTING III,Undergraduate,11,1,9.1%,11.00,4.00,5.00,5.00,5.00,4.00,5.00,5.00,5.00,5.00
2025,Fall,College of Fine Arts,DRA,54301,B2,"KOVITZ, RANDY",ACTING III,Undergraduate,13,4,30.8%,6.50,5.00,4.50,5.00,4.50,5.00,5.00,4.25,4.75,4.75
2025,Fall,College of Fine Arts,DRA,54301,B1,"KOVITZ, RANDY",ACTING III,Undergraduate,11,1,9.1%,11.00,5.00,3.00,5.00,5.00,5.00,5.00,3.00,4.00,5.00
2025,Fall,College of Fine Arts,DRA,54303,A,"WARREN, CHELSEA",PUPPETRY,Undergraduate,5,2,40.0%,12.50,5.00,3.50,3.00,3.50,4.00,3.50,5.00,4.00,3.00
2025,Fall,College of Fine Arts,DRA,54304,A,"WARREN, CHELSEA","PROP SHOP, SCENIC",Undergraduate,2,1,50.0%,5.00,3.00,1.00,2.00,2.00,3.00,3.00,3.00,3.00,2.00
2025,Fall,College of Fine Arts,DRA,54304,A,"BLOCK, DICK","PROP SHOP, SCENIC",Undergraduate,2,1,50.0%,5.00,3.00,2.00,2.00,2.00,3.00,3.00,3.00,3.00,3.00
2025,Fall,College of Fine Arts,DRA,54305,A,"STEWART, AUSAR",VOICE FOR STGE III,Undergraduate,12,2,16.7%,3.50,3.50,2.00,2.00,3.00,3.50,2.00,2.00,2.00,1.50
2025,Fall,College of Fine Arts,DRA,54305,B,"STEWART, AUSAR",VOICE FOR STGE III,Undergraduate,10,3,30.0%,3.00,3.00,1.33,1.33,2.67,2.67,1.67,3.00,2.33,1.67
2025,Fall,College of Fine Arts,DRA,54307,A,"MOORE, CATHERINE",MOVEMENT III,Undergraduate,17,6,35.3%,8.00,4.83,5.00,5.00,5.00,5.00,5.00,4.33,5.00,5.00
2025,Fall,College of Fine Arts,DRA,54309,A,"VELTEN-SMITH, LISA",SPEECH III,Undergraduate,10,2,20.0%,3.50,5.00,5.00,5.00,4.50,5.00,5.00,5.00,5.00,5.00
2025,Fall,College of Fine Arts,DRA,54309,B,"VELTEN-SMITH, LISA",SPEECH III,Undergraduate,12,2,16.7%,6.50,5.00,5.00,5.00,5.00,5.00,5.00,5.00,5.00,5.00
2025,Fall,College of Fine Arts,DRA,54311,A1,"VELTEN-SMITH, LISA",REHRSL & PERFRMC III,Undergraduate,6,1,16.7%,5.00,5.00,5.00,5.00,5.00,4.00,5.00,5.00,5.00,5.00
2025,Fall,College of Fine Arts,DRA,54311,B2,"EDINGER, RICK",REHRSL & PERFRMC III,Undergraduate,6,1,16.7%,24.00,5.00,5.00,5.00,5.00,5.00,5.00,5.00,5.00,5.00
2025,Fall,College of Fine Arts,DRA,54311,D2,"EDINGER, RICK",REHRSL & PERFRMC III,Undergraduate,19,3,15.8%,11.33,5.00,5.00,5.00,5.00,5.00,5.00,5.00,5.00,5.00
2025,Fall,College of Fine Arts,DRA,54311,C2,"MCKAY, ANTHONY",REHRSL & PERFRMC III,Undergraduate,6,2,33.3%,8.00,5.00,4.50,4.50,5.00,5.00,4.50,5.00,5.00,4.00
2025,Fall,College of Fine Arts,DRA,54311,B1,"SMITH, ANDREW",REHRSL & PERFRMC III,Undergraduate,6,0,0.0%,,,,,,,,,,
2025,Fall,College of Fine Arts,DRA,54313,A,"TUCKER, RACHEL",DANCE III,Undergraduate,6,0,0.0%,,,,,,,,,,
2025,Fall,College of Fine Arts,DRA,54313,B,"FEDELE, LUCAS",DANCE III,Undergraduate,4,0,0.0%,,,,,,,,,,
2025,Fall,College of Fine Arts,DRA,54315,A,"COUSIN, TOME",JAZZ III,Undergraduate,6,0,0.0%,,,,,,,,,,
2025,Fall,College of Fine Arts,DRA,54315,B,"COUSIN, TOME",JAZZ III,Undergraduate,4,0,0.0%,,,,,,,,,,
2025,Fall,College of Fine Arts,DRA,54317,A,"REYES-MIR, GIOVANNA",SINGING FOR ACTORS 3,Undergraduate,12,5,41.7%,2.60,4.80,4.80,5.00,4.60,4.80,4.60,4.60,4.80,4.80
2025,Fall,College of Fine Arts,DRA,54319,A,"EDINGER, RICK",CABARET,Undergraduate,10,0,0.0%,,,,,,,,,,
2025,Fall,College of Fine Arts,DRA,54320,A,"TSU, SUSAN",COSTUME FORUM,Undergraduate,7,0,0.0%,,,,,,,,,,
2025,Fall,College of Fine Arts,DRA,54322,A,"WOLK, ANDY",DIR 3: INT FLM & TV,Undergraduate,4,2,50.0%,16.00,3.50,3.00,3.00,3.00,4.00,3.50,2.50,3.00,3.00
2025,Fall,College of Fine Arts,DRA,54323,A,"FEDELE, LUCAS",TAP III- EXP PER RHY,Undergraduate,8,0,0.0%,,,,,,,,,,
2025,Fall,College of Fine Arts,DRA,54323,B,"COUSIN, TOME",TAP III- EXP PER RHY,Undergraduate,4,0,0.0%,,,,,,,,,,
2025,Fall,College of Fine Arts,DRA,54325,A,"COUSIN, TOME",ACTOR DANCE III,Undergraduate,10,5,50.0%,4.40,4.60,4.40,4.40,4.60,4.60,4.40,4.60,4.40,4.40
2025,Fall,College of Fine Arts,DRA,54327,A,"SMITH, ANDREW",AUDITNG FOR TV/FILM,Undergraduate,12,3,25.0%,3.00,5.00,5.00,5.00,5.00,5.00,5.00,5.00,5.00,5.00
2025,Fall,College of Fine Arts,DRA,54327,B,"SMITH, ANDREW",AUDITNG FOR TV/FILM,Undergraduate,10,1,10.0%,5.00,4.00,4.00,4.00,5.00,4.00,5.00,3.00,4.00,4.00
2025,Fall,College of Fine Arts,DRA,54331,A,"BARRETT, KENT",SCENIC DESIGN EXPORN,Undergraduate,3,2,66.7%,11.00,5.00,4.50,4.50,5.00,4.50,4.50,4.00,4.50,4.00
2025,Fall,College of Fine Arts,DRA,54333,A,"WEI, MISO",PRODUCTN PERSNL MGT,Undergraduate,6,1,16.7%,5.00,5.00,5.00,5.00,5.00,5.00,5.00,5.00,5.00,5.00
2025,Fall,College of Fine Arts,DRA,54338,A1,"BARRETT, KENT",EXPLORATIONS,Undergraduate,2,1,50.0%,11.00,5.00,5.00,5.00,5.00,5.00,5.00,5.00,5.00,5.00
2025,Fall,College of Fine Arts,DRA,54339,A,"SHACKLEFORD, TINA",STAGE MANAGEMNT SEM,Undergraduate,10,6,60.0%,4.50,4.00,4.00,4.17,4.00,4.17,4.00,3.83,4.00,4.00
2025,Fall,College of Fine Arts,DRA,54341,A,"TSU, SUSAN",FUNDMNLS COSTM DESG,Undergraduate,4,3,75.0%,13.00,4.67,4.00,4.33,4.67,4.33,4.33,4.33,4.67,4.33
2025,Fall,College of Fine Arts,DRA,54345,A,"BROWN, C. TODD",LGHT STAGCRFT III,Undergraduate,6,2,33.3%,3.50,5.00,5.00,5.00,4.50,5.00,4.50,4.50,4.50,5.00
2025,Fall,College of Fine Arts,DRA,54351,A,"THOMSON, ROBERT",UG THEATCL LD,Undergraduate,5,0,0.0%,,,,,,,,,,
2025,Fall,College of Fine Arts,DRA,54359,A,"BROWN, C. TODD",INTR SHOW NETWORKING,Undergraduate,10,2,20.0%,3.50,4.50,4.50,4.00,4.00,5.00,3.00,4.50,3.50,4.50
2025,Fall,College of Fine Arts,DRA,54362,A,"DUNN, KAJA",ANTI-RACIST PRACTICE,Undergraduate,15,8,53.3%,4.63,4.00,2.57,3.13,3.13,4.63,3.75,4.13,3.75,3.38
2025,Fall,College of Fine Arts,DRA,54362,B,"DUNN, KAJA",ANTI-RACIST PRACTICE,Undergraduate,18,2,11.1%,8.00,5.00,2.00,2.50,3.00,4.50,4.00,4.50,3.50,3.00
2025,Fall,College of Fine Arts,DRA,54366,A,"HINES, KEVIN",PHYSCS STAGE MACHINE,Undergraduate,4,0,0.0%,,,,,,,,,,
2025,Fall,College of Fine Arts,DRA,54373,A1,"HANSON, HUGH",DRAPING FUNDAMENTALS,Undergraduate,5,2,40.0%,9.50,4.00,3.50,3.50,3.00,4.50,3.00,4.00,3.50,3.50
2025,Fall,College of Fine Arts,DRA,54375,A,"ZEGLIN, GARTH",ROBOTS CREATIVE PRAC,Undergraduate,3,1,33.3%,8.00,2.00,2.00,2.00,1.00,3.00,2.00,1.00,1.00,2.00
2025,Fall,College of Fine Arts,DRA,54376,A,"BOEVERS, DAVID",ENTERTAINMENT RIGGNG,Undergraduate,2,0,0.0%,,,,,,,,,,
2025,Fall,College of Fine Arts,DRA,54380,A,"MURO, DEANA",MUSC RDG PRODUCTION,Undergraduate,11,5,45.5%,2.00,4.80,4.80,4.80,4.80,4.80,4.80,4.80,4.80,4.80
2025,Fall,College of Fine Arts,DRA,54381,A,"HIRATA, Harumi",SPEC TOPICS DRAMA,Undergraduate,16,2,12.5%,5.00,5.00,3.50,4.00,3.00,4.00,3.50,4.00,3.50,3.50
2025,Fall,College of Fine Arts,DRA,54384,A,"STEBBINS, MARY",LIGHTING FORUM,Undergraduate,9,0,0.0%,,,,,,,,,,
2025,Fall,College of Fine Arts,DRA,54389,A,"BLACKWOOD, STEWART",CMPS THEATC SND DS 1,Undergraduate,2,1,50.0%,8.00,5.00,5.00,5.00,5.00,5.00,5.00,5.00,5.00,5.00
2025,Fall,College of Fine Arts,DRA,54396,A,"BROWN, C. TODD",THEAT LGHT MGT,Undergraduate,6,1,16.7%,5.00,3.00,1.00,2.00,3.00,3.00,3.00,4.00,2.00,2.00
2025,Fall,College of Fine Arts,DRA,54403,A,"STEWART, AUSAR",ACTOR AS ARTIST,Undergraduate,10,4,40.0%,3.50,2.25,1.50,1.25,1.50,2.25,2.25,3.25,2.00,1.75
2025,Fall,College of Fine Arts,DRA,54407,A,"BUTLER, KATIE",MOVEMENT IV,Undergraduate,8,2,25.0%,5.00,5.00,5.00,5.00,5.00,5.00,5.00,5.00,5.00,4.50
2025,Fall,College of Fine Arts,DRA,54410,A,"WEILD, KIM",DIR DISCOURSE,Undergraduate,5,2,40.0%,2.00,4.50,4.50,4.50,4.50,4.50,4.50,4.00,4.50,4.50
2025,Fall,College of Fine Arts,DRA,54411,B2,"EDINGER, RICK",REHRSL & PERFMC IV,Undergraduate,4,0,0.0%,,,,,,,,,,
2025,Fall,College of Fine Arts,DRA,54411,B1,"SMITH, ANDREW",REHRSL & PERFMC IV,Undergraduate,2,0,0.0%,,,,,,,,,,
2025,Fall,College of Fine Arts,DRA,54415,A,"COUSIN, TOME",BROADWAY DANCE STYLS,Undergraduate,6,4,66.7%,4.00,5.00,4.67,5.00,5.00,5.00,4.67,5.00,5.00,5.00
2025,Fall,College of Fine Arts,DRA,54415,A,"TUCKER, RACHEL",BROADWAY DANCE STYLS,Undergraduate,6,4,66.7%,2.00,4.50,4.50,4.75,4.50,4.50,4.00,5.00,4.00,4.00
2025,Fall,College of Fine Arts,DRA,54418,A2,"EDINGER, RICK",SONGS FOR SHOWCASE,Undergraduate,5,0,0.0%,,,,,,,,,,
2025,Fall,College of Fine Arts,DRA,54422,A,"MANSOOR, Adil",DIRECTING NEXT STEPS,Undergraduate,3,1,33.3%,8.00,5.00,4.00,4.00,5.00,5.00,5.00,5.00,5.00,5.00
2025,Fall,College of Fine Arts,DRA,54423,J,"BROWN, C. TODD",PP: TITO,Undergraduate,3,0,0.0%,,,,,,,,,,
2025,Fall,College of Fine Arts,DRA,54432,A2,"BARRETT, KENT",DSGN SPACES,Undergraduate,4,1,25.0%,8.00,4.00,3.00,4.00,4.00,4.00,4.00,5.00,4.00,4.00
2025,Fall,College of Fine Arts,DRA,54432,A1,"BARRETT, KENT",DSGN SPACES,Undergraduate,4,0,0.0%,,,,,,,,,,
2025,Fall,College of Fine Arts,DRA,54434,A,"EDINGER, RICK",PP: NEW WORKS,Undergraduate,4,3,75.0%,2.00,3.33,3.33,3.33,3.33,3.33,3.33,3.00,3.00,3.00
2025,Fall,College of Fine Arts,DRA,54441,A2,"GLADU, AMANDA",COSTM DESG FOR DANC,Undergraduate,3,2,66.7%,11.00,2.50,2.50,2.50,3.00,2.50,2.00,3.00,2.50,1.00
2025,Fall,College of Fine Arts,DRA,54441,A2,"ESHELMAN, MINDY",COSTM DESG FOR DANC,Undergraduate,3,2,66.7%,11.00,2.50,2.50,2.00,1.00,3.00,1.50,3.00,1.50,1.00
2025,Fall,College of Fine Arts,DRA,54447,A,"ESHELMAN, MINDY",FIGURE DRAWING,Undergraduate,3,3,100.0%,2.00,4.00,4.00,4.00,4.00,4.00,3.67,4.33,4.00,3.67
2025,Fall,College of Fine Arts,DRA,54451,A1,"WARREN, CHELSEA",SCENIC PACKET,Undergraduate,4,0,0.0%,,,,,,,,,,
2025,Fall,College of Fine Arts,DRA,54453,A,"HOLCOMB, DAVID",PRODCTN MGT WRKSHP,Undergraduate,5,1,20.0%,2.00,5.00,5.00,4.00,4.00,5.00,4.00,5.00,5.00,4.00
2025,Fall,College of Fine Arts,DRA,54454,A,"SHACKLEFORD, TINA",ADVANCED SM:AEA,Undergraduate,5,1,20.0%,5.00,4.00,5.00,5.00,4.00,5.00,5.00,4.00,4.00,4.00
2025,Fall,College of Fine Arts,DRA,54455,A,"HOLCOMB, DAVID",PRODTN DTA MANIPLTN,Undergraduate,6,6,100.0%,9.50,4.50,4.50,4.33,4.33,4.33,4.33,4.50,4.50,4.67
2025,Fall,College of Fine Arts,DRA,54455,A,"SAHOO, SAYANTEE",PRODTN DTA MANIPLTN,Undergraduate,6,6,100.0%,9.00,3.33,2.83,2.67,2.50,2.83,2.50,3.17,2.67,3.67
2025,Fall,College of Fine Arts,DRA,54460,C,"SAHOO, SAYANTEE",PP: EURYDICE,Undergraduate,2,1,50.0%,8.00,3.00,2.00,2.00,3.00,2.00,1.00,4.00,3.00,3.00
2025,Fall,College of Fine Arts,DRA,54469,A1,"THOMSON, ROBERT",DANCE LGHT DESIGN 1,Undergraduate,6,1,16.7%,5.00,4.00,4.00,4.00,5.00,5.00,4.00,5.00,5.00,5.00
2025,Fall,College of Fine Arts,DRA,54470,A,"TSU, SUSAN",COSTUME RENDERING,Undergraduate,7,1,14.3%,8.00,5.00,3.00,5.00,5.00,5.00,5.00,5.00,5.00,5.00
2025,Fall,College of Fine Arts,DRA,54471,D,"SHACKLEFORD, TINA",PP: ANTIGONE,Undergraduate,2,1,50.0%,24.00,5.00,5.00,5.00,5.00,5.00,5.00,5.00,5.00,5.00
2025,Fall,College of Fine Arts,DRA,54471,B,"ARONS, W.",PP: ANTIGONE,Undergraduate,2,0,0.0%,,,,,,,,,,
2025,Fall,College of Fine Arts,DRA,54471,I,"STEBBINS, MARY",PP: ANTIGONE,Undergraduate,3,0,0.0%,,,,,,,,,,
2025,Fall,College of Fine Arts,DRA,54472,B,"YOUNG, TJ",PP: AJAX,Undergraduate,2,0,0.0%,,,,,,,,,,
2025,Fall,College of Fine Arts,DRA,54473,A,"TSU, SUSAN",DRAWNG THEATRCL DESR,Undergraduate,5,4,80.0%,11.00,4.50,3.00,3.75,4.00,4.50,3.00,4.33,4.00,4.00
2025,Fall,College of Fine Arts,DRA,54476,A,"PINO, JOE",SPECTERS & SYSTEMS,Undergraduate,5,0,0.0%,,,,,,,,,,
2025,Fall,College of Fine Arts,DRA,54477,A,"BOEVERS, DAVID",TCHNCL DIRECTION III,Undergraduate,2,0,0.0%,,,,,,,,,,
2025,Fall,College of Fine Arts,DRA,54486,A2,"HANSON, HUGH",UNDSTANDING TEXTILES,Undergraduate,4,3,75.0%,5.00,4.50,4.00,4.00,3.50,4.00,4.50,4.00,4.50,4.50
2025,Fall,College of Fine Arts,DRA,54491,A,"STEBBINS, MARY",CONCERT LGHTG DESIGN,Undergraduate,5,0,0.0%,,,,,,,,,,
2025,Fall,College of Fine Arts,DRA,54493,A,"VELTEN-SMITH, LISA",BUSI OF ACTNG PRACT,Undergraduate,11,3,27.3%,5.00,4.67,5.00,5.00,4.67,5.00,4.67,4.67,4.67,5.00
2025,Fall,College of Fine Arts,DRA,54498,A,"WARREN, CHELSEA",EXP THTR,Undergraduate,10,2,20.0%,8.00,2.50,2.00,2.00,2.50,2.50,2.50,4.00,3.00,2.50
2025,Fall,College of Fine Arts,DRA,54498,A,"YOO, YONG SUK",EXP THTR,Undergraduate,10,2,20.0%,8.00,3.50,2.50,3.00,3.00,3.00,2.50,4.50,2.50,2.50
2025,Fall,College of Fine Arts,DRA,54498,A,"SHEA, LAWRENCE",EXP THTR,Undergraduate,10,2,20.0%,8.00,3.50,2.50,2.00,3.00,2.00,2.50,3.50,2.50,2.50
2025,Fall,College of Fine Arts,DRA,54500,B,"BENACK, CLAUDIA",VOICE LAB,Undergraduate,14,3,21.4%,3.00,4.00,4.33,3.67,3.67,3.33,3.33,3.67,3.33,3.33
2025,Fall,College of Fine Arts,DRA,54500,A,"MCKELVEY, MICHAEL",VOICE LAB,Undergraduate,13,7,53.8%,6.29,4.86,4.71,4.57,4.86,4.71,4.57,4.71,4.86,4.86
2025,Fall,College of Fine Arts,DRA,54500,D,"EDINGER, RICK",VOICE LAB,Undergraduate,5,1,20.0%,5.00,3.00,4.00,4.00,3.00,4.00,4.00,3.00,4.00,4.00
2025,Fall,College of Fine Arts,DRA,54500,C,"REYES-MIR, GIOVANNA",VOICE LAB,Undergraduate,6,0,0.0%,,,,,,,,,,
2025,Fall,College of Fine Arts,DRA,54505,A,"PINO, JOE",EAR TRAINING,Undergraduate,3,1,33.3%,2.00,5.00,5.00,5.00,5.00,5.00,5.00,5.00,5.00,5.00
2025,Fall,College of Fine Arts,DRA,54511,A,"RUSSMAN, BRIAN",MILLINERY I,Undergraduate,8,1,12.5%,11.00,4.00,3.00,3.00,4.00,5.00,3.00,3.00,3.00,4.00
2025,Fall,College of Fine Arts,DRA,54519,A,"KOVITZ, RANDY",ACTING FOR CAMERA,Undergraduate,11,2,18.2%,6.50,5.00,4.50,5.00,4.50,5.00,5.00,5.00,5.00,4.50
2025,Fall,College of Fine Arts,DRA,54524,A2,"THOMSON, ROBERT",DNCE LGHTING DES 2,Undergraduate,7,0,0.0%,,,,,,,,,,
2025,Fall,College of Fine Arts,DRA,54525,A,"BROWN, C. TODD",ENTRMENT LIGHT PROGR,Undergraduate,8,2,25.0%,8.00,4.00,4.00,4.00,4.00,4.50,3.00,4.50,4.00,4.50
2025,Fall,College of Fine Arts,DRA,54548,A,"PINO, JOE",SOUND FORUM,Undergraduate,3,1,33.3%,2.00,5.00,5.00,5.00,5.00,5.00,5.00,5.00,5.00,5.00
2025,Fall,College of Fine Arts,DRA,54548,A,"BLACKWOOD, STEWART",SOUND FORUM,Undergraduate,3,1,33.3%,2.00,5.00,5.00,5.00,5.00,5.00,5.00,5.00,5.00,5.00
2025,Fall,College of Fine Arts,DRA,54615,A,"YOO, YONG SUK",MFA DIRECTORS LAB,Graduate,4,1,25.0%,11.00,5.00,5.00,5.00,5.00,4.00,4.00,5.00,4.00,5.00
2025,Fall,College of Fine Arts,DRA,54623,G,"TSU, SUSAN",PP: TITO,Graduate,2,1,50.0%,2.00,5.00,5.00,5.00,5.00,5.00,5.00,5.00,5.00,3.00
2025,Fall,College of Fine Arts,DRA,54623,H,"HANSON, HUGH",PP: TITO,Graduate,2,1,50.0%,17.00,5.00,5.00,5.00,5.00,5.00,5.00,5.00,5.00,5.00
2025,Fall,College of Fine Arts,DRA,54634,A,"EDINGER, RICK",PP: NEW WORKS,Graduate,4,1,25.0%,5.00,4.00,3.00,3.00,3.00,4.00,3.00,5.00,4.00,5.00
2025,Fall,College of Fine Arts,DRA,54653,A1,"FEATHER, THOMAS",STAGECRAFT,Graduate,2,0,0.0%,,,,,,,,,,
2025,Fall,College of Fine Arts,DRA,54665,H,"HANSON, HUGH",PP: BER ALBA,Graduate,2,2,100.0%,12.50,5.00,5.00,5.00,5.00,5.00,5.00,5.00,5.00,5.00
2025,Fall,College of Fine Arts,DRA,54665,L,"SHEA, LAWRENCE",PP: BER ALBA,Graduate,3,1,33.3%,8.00,3.00,3.00,3.00,3.00,3.00,3.00,3.00,3.00,3.00
2025,Fall,College of Fine Arts,DRA,54667,A,"BARRETT, ERIC",SCENIC ADVISE,Graduate,4,1,25.0%,17.00,5.00,5.00,5.00,5.00,5.00,5.00,5.00,5.00,5.00
2025,Fall,College of Fine Arts,DRA,54667,A,"BLOCK, DICK",SCENIC ADVISE,Graduate,4,1,25.0%,17.00,4.00,5.00,5.00,5.00,5.00,5.00,4.00,4.00,4.00
2025,Fall,College of Fine Arts,DRA,54667,A,"WARREN, CHELSEA",SCENIC ADVISE,Graduate,4,1,25.0%,14.00,5.00,5.00,5.00,3.00,5.00,4.00,5.00,3.00,4.00
2025,Fall,College of Fine Arts,DRA,54684,A,"STEBBINS, MARY",LIGHTING FORUM,Graduate,5,2,40.0%,2.00,5.00,5.00,5.00,5.00,5.00,5.00,5.00,5.00,5.00
2025,Fall,College of Fine Arts,DRA,54702,A,"MURO, DEANA",MUS RDG DRA PROD,Graduate,4,1,25.0%,2.00,5.00,5.00,5.00,5.00,5.00,5.00,5.00,5.00,5.00
2025,Fall,College of Fine Arts,DRA,54703,A,"WARREN, CHELSEA",PUPPETRY,Graduate,4,1,25.0%,11.00,5.00,5.00,5.00,5.00,5.00,5.00,3.00,4.00,5.00
2025,Fall,College of Fine Arts,DRA,54704,A,"BLOCK, DICK","PROP SHOP, SCENIC",Graduate,3,0,0.0%,,,,,,,,,,
2025,Fall,College of Fine Arts,DRA,54706,A,"CARTER, BERNARD",AD FAB II,Graduate,3,2,66.7%,5.00,4.00,1.50,1.50,3.00,3.50,2.50,3.00,3.00,2.50
2025,Fall,College of Fine Arts,DRA,54715,A,"PINO, JOE",GRD ROUNDTABLE,Graduate,2,1,50.0%,5.00,5.00,5.00,5.00,5.00,5.00,5.00,5.00,5.00,5.00
2025,Fall,College of Fine Arts,DRA,54715,A,"BLACKWOOD, STEWART",GRD ROUNDTABLE,Graduate,2,1,50.0%,5.00,5.00,5.00,5.00,5.00,5.00,5.00,5.00,5.00,5.00
2025,Fall,College of Fine Arts,DRA,54721,A,"WEILD, KIM",GRAD DIRCTG:TXT STGE,Graduate,4,0,0.0%,,,,,,,,,,
2025,Fall,College of Fine Arts,DRA,54724,A2,"THOMSON, ROBERT",DANCE LGTING 2,Graduate,2,1,50.0%,2.00,5.00,4.00,4.00,5.00,4.00,4.00,5.00,5.00,4.00
2025,Fall,College of Fine Arts,DRA,54726,A,"HINES, KEVIN",PHYSC STAGE MACHN,Graduate,5,2,40.0%,6.50,4.50,4.50,4.00,5.00,5.00,4.00,4.50,4.50,4.00
2025,Fall,College of Fine Arts,DRA,54728,A,"DOWNS, GIANNI",VECTORWORKS,Graduate,8,2,25.0%,5.00,5.00,4.50,5.00,5.00,4.50,4.00,4.50,5.00,5.00
2025,Fall,College of Fine Arts,DRA,54731,A,"BARRETT, KENT",SCENC DESG EXPL,Graduate,2,1,50.0%,8.00,5.00,3.00,3.00,5.00,5.00,4.00,4.00,4.00,4.00
2025,Fall,College of Fine Arts,DRA,54737,A,"ZAMBORSKY, BETH",SCENIC PAINTG I,Graduate,3,1,33.3%,2.00,4.00,4.00,5.00,4.00,4.00,4.00,4.00,4.00,4.00
2025,Fall,College of Fine Arts,DRA,54741,A,"TSU, SUSAN",FUNDML COSTM DES,Graduate,3,3,100.0%,8.00,5.00,3.00,3.67,4.67,5.00,4.67,5.00,4.67,4.33
2025,Fall,College of Fine Arts,DRA,54745,A,"GLADU, AMANDA",COSTUME HISTORY,Graduate,3,3,100.0%,8.00,4.33,4.33,4.33,4.33,4.33,4.33,4.67,4.33,3.67
2025,Fall,College of Fine Arts,DRA,54748,A,"BLACKWOOD, STEWART",SOUND FORUM,Graduate,2,1,50.0%,2.00,5.00,5.00,5.00,5.00,5.00,5.00,5.00,5.00,5.00
2025,Fall,College of Fine Arts,DRA,54748,A,"PINO, JOE",SOUND FORUM,Graduate,2,1,50.0%,2.00,5.00,5.00,5.00,5.00,5.00,5.00,5.00,5.00,5.00
2025,Fall,College of Fine Arts,DRA,54751,A,"THOMSON, ROBERT",GRAD THEATCL LD,Graduate,2,1,50.0%,2.00,5.00,5.00,5.00,5.00,5.00,5.00,5.00,5.00,5.00
2025,Fall,College of Fine Arts,DRA,54773,A,"RUSSMAN, BRIAN",COUTUR SEW TECH,Graduate,5,4,80.0%,7.25,5.00,5.00,5.00,5.00,5.00,5.00,5.00,5.00,5.00
2025,Fall,College of Fine Arts,DRA,54776,A,"BOEVERS, DAVID",ENTERTNMNT RIGNG,Graduate,3,1,33.3%,5.00,3.00,3.00,3.00,3.00,4.00,3.00,3.00,3.00,3.00
2025,Fall,College of Fine Arts,DRA,54779,A,"HANSON, HUGH",DANCEWEAR,Graduate,8,4,50.0%,11.00,4.75,4.75,4.33,4.67,4.33,4.75,4.50,4.75,4.50
2025,Fall,College of Fine Arts,DRA,54781,A,"WEI, MISO",GRAD STAGE MGMT I,Graduate,3,1,33.3%,5.00,4.00,5.00,5.00,5.00,4.00,5.00,5.00,4.00,4.00
2025,Fall,College of Fine Arts,DRA,54782,A,"ROSS, NICA",VMD FORUM,Graduate,6,2,33.3%,2.00,4.00,4.00,4.00,4.00,4.00,4.00,4.00,4.00,4.00
2025,Fall,College of Fine Arts,DRA,54782,A,"SHEA, LAWRENCE",VMD FORUM,Graduate,6,2,33.3%,2.00,4.00,4.00,4.00,4.00,4.00,4.00,4.00,4.00,4.00
2025,Fall,College of Fine Arts,DRA,54785,A,"DUNN, ANDREW",COLLOQUIUM,Graduate,16,7,43.8%,3.71,5.00,4.14,3.43,4.29,4.14,3.86,4.86,4.86,3.14
2025,Fall,College of Fine Arts,DRA,54787,A,"MARTIN, MELISSA",GRAD SCREENWRITING I,Graduate,5,1,20.0%,11.00,4.00,4.00,4.00,5.00,5.00,3.00,5.00,3.00,3.00
2025,Fall,College of Fine Arts,DRA,54789,A,"WEI, MISO",PRDCTN PERSNL MGT,Graduate,5,3,60.0%,7.00,4.33,4.00,4.33,3.67,4.67,3.67,4.67,4.00,4.00
2025,Fall,College of Fine Arts,DRA,54791,A,"HANDEL, ROB",GRAD PLAYWRITING I,Graduate,5,0,0.0%,,,,,,,,,,
2025,Fall,College of Fine Arts,DRA,54798,A,"SHEA, LAWRENCE",EXP THTR,Graduate,11,4,36.4%,5.75,4.25,3.50,3.75,4.00,4.00,3.75,4.25,3.75,4.00
2025,Fall,College of Fine Arts,DRA,54798,A,"WARREN, CHELSEA",EXP THTR,Graduate,11,4,36.4%,5.75,4.25,4.00,3.75,3.75,4.00,4.00,4.25,3.75,4.00
2025,Fall,College of Fine Arts,DRA,54798,A,"YOO, YONG SUK",EXP THTR,Graduate,11,4,36.4%,5.75,4.50,3.75,4.00,4.00,4.00,4.00,4.50,4.25,4.00
2025,Fall,College of Fine Arts,DRA,54806,A2,"YOUNG, TJ",NEW WORK DEVLPMNT,Graduate,4,0,0.0%,,,,,,,,,,
2025,Fall,College of Fine Arts,DRA,54809,C,"WEILD, KIM",TEACHING PRACTICUM,Graduate,3,0,0.0%,,,,,,,,,,
2025,Fall,College of Fine Arts,DRA,54809,B,"HANDEL, ROB",TEACHING PRACTICUM,Graduate,4,0,0.0%,,,,,,,,,,
2025,Fall,College of Fine Arts,DRA,54810,A,"WEILD, KIM",DIR DISCOURSE,Graduate,6,1,16.7%,2.00,5.00,3.00,4.00,3.00,4.00,4.00,4.00,3.00,4.00
2025,Fall,College of Fine Arts,DRA,54814,B1,"HANSON, HUGH",DRAPING FUNDAMENTALS,Graduate,2,2,100.0%,8.00,5.00,4.50,4.50,5.00,5.00,4.50,5.00,4.50,4.50
2025,Fall,College of Fine Arts,DRA,54814,B2,"HANSON, HUGH",DRAPING FUNDAMENTALS,Graduate,2,1,50.0%,5.00,5.00,5.00,5.00,5.00,5.00,5.00,5.00,5.00,5.00
2025,Fall,College of Fine Arts,DRA,54816,A,"SHACKLEFORD, TINA",STAGE MANGMNT:CUE LB,Graduate,3,1,33.3%,5.00,5.00,5.00,5.00,5.00,5.00,5.00,5.00,5.00,5.00
2025,Fall,College of Fine Arts,DRA,54819,A,"ESHELMAN, MINDY",FIGURE DRAW 1,Graduate,2,1,50.0%,5.00,5.00,5.00,5.00,5.00,5.00,5.00,5.00,5.00,5.00
2025,Fall,College of Fine Arts,DRA,54820,A,"ESHELMAN, MINDY",COSTUME FORUM,Graduate,14,6,42.9%,2.00,5.00,5.00,5.00,5.00,5.00,5.00,5.00,5.00,5.00
2025,Fall,College of Fine Arts,DRA,54820,A,"HANSON, HUGH",COSTUME FORUM,Graduate,14,6,42.9%,2.00,5.00,5.00,5.00,5.00,5.00,5.00,5.00,5.00,5.00
2025,Fall,College of Fine Arts,DRA,54820,A,"TSU, SUSAN",COSTUME FORUM,Graduate,14,6,42.9%,2.00,5.00,5.00,5.00,5.00,5.00,5.00,5.00,5.00,5.00
2025,Fall,College of Fine Arts,DRA,54820,A,"RUSSMAN, BRIAN",COSTUME FORUM,Graduate,14,6,42.9%,2.00,5.00,4.83,5.00,5.00,5.00,5.00,5.00,5.00,5.00
2025,Fall,College of Fine Arts,DRA,54822,A,"WOLK, ANDY",DIR:INTRO TO TV FLM,Graduate,2,1,50.0%,8.00,5.00,5.00,5.00,4.00,4.00,4.00,2.00,3.00,3.00
2025,Fall,College of Fine Arts,DRA,54826,A1,"LAGER, TIIA",COSTME MGMT SEM,Graduate,6,3,50.0%,2.00,5.00,5.00,5.00,5.00,5.00,5.00,5.00,5.00,5.00
2025,Fall,College of Fine Arts,DRA,54832,A2,"BARRETT, KENT",DSGN SPACES,Graduate,2,1,50.0%,8.00,5.00,5.00,5.00,5.00,5.00,5.00,5.00,5.00,5.00
2025,Fall,College of Fine Arts,DRA,54832,A1,"BARRETT, KENT",DSGN SPACES,Graduate,7,1,14.3%,5.00,5.00,5.00,5.00,5.00,5.00,5.00,5.00,5.00,5.00
2025,Fall,College of Fine Arts,DRA,54833,A,"MARTIN, MELISSA",DIR FOR FLM,Graduate,6,0,0.0%,,,,,,,,,,
2025,Fall,College of Fine Arts,DRA,54838,A,"HANDEL, ROB",DW SEMINAR,Graduate,9,0,0.0%,,,,,,,,,,
2025,Fall,College of Fine Arts,DRA,54839,A,"SHACKLEFORD, TINA",STAGE MGT SEMINAR,Graduate,6,3,50.0%,5.00,4.67,4.33,4.67,4.00,4.00,4.33,4.67,4.67,4.33
2025,Fall,College of Fine Arts,DRA,54851,A1,"WARREN, CHELSEA",SCENIC PACKET,Graduate,2,1,50.0%,5.00,4.00,5.00,5.00,3.00,5.00,3.00,5.00,2.00,2.00
2025,Fall,College of Fine Arts,DRA,54855,A,"MANSOOR, Adil",THINK TANK,Graduate,4,1,25.0%,5.00,5.00,4.00,4.00,5.00,5.00,5.00,5.00,5.00,5.00
2025,Fall,College of Fine Arts,DRA,54859,A,"HOLCOMB, DAVID",PRDCTN MGT WKSP,Graduate,4,2,50.0%,5.00,4.50,4.50,4.50,4.50,4.50,4.50,5.00,4.50,4.50
2025,Fall,College of Fine Arts,DRA,54860,A,"RUSSMAN, BRIAN",COSTM CRFS: MSK MKNG,Graduate,5,3,60.0%,8.00,5.00,5.00,5.00,5.00,5.00,4.67,5.00,5.00,5.00
2025,Fall,College of Fine Arts,DRA,54864,A,"CARTER, BERNARD",INTRO WELDING,Graduate,2,1,50.0%,2.00,3.00,3.00,3.00,3.00,3.00,3.00,3.00,2.00,3.00
2025,Fall,College of Fine Arts,DRA,54867,A,"PINO, JOE",CONC SND DSGN,Graduate,2,1,50.0%,8.00,3.00,5.00,4.00,3.00,5.00,5.00,5.00,4.00,5.00
2025,Fall,College of Fine Arts,DRA,54869,A,"LOWERY, OWEN",EMBD ELECT,Graduate,5,3,60.0%,5.00,4.67,5.00,4.67,5.00,4.33,4.00,4.00,4.00,3.67
2025,Fall,College of Fine Arts,DRA,54873,A,"BOEVERS, DAVID",TCHNCAL DIRECTN I,Graduate,3,2,66.7%,8.00,3.50,3.00,3.50,1.50,3.50,4.00,3.50,3.00,3.00
2025,Fall,College of Fine Arts,DRA,54875,A,"SHEA, LAWRENCE",GRAD MEDIA SEMINAR,Graduate,6,2,33.3%,3.50,4.00,3.00,3.00,4.00,4.00,3.50,4.00,3.50,3.50
2025,Fall,College of Fine Arts,DRA,54886,A2,"HANSON, HUGH",UNDSTANDNG TXTILE,Graduate,4,2,50.0%,5.00,5.00,5.00,5.00,5.00,5.00,5.00,5.00,5.00,5.00
2025,Fall,College of Fine Arts,DRA,54887,A,"MARTIN, MELISSA",GRD SCREENWRTG III,Graduate,4,0,0.0%,,,,,,,,,,
2025,Fall,College of Fine Arts,DRA,54891,A,"HANDEL, ROB",GRAD PLAYWRITING III,Graduate,4,0,0.0%,,,,,,,,,,
2025,Fall,College of Fine Arts,DRA,54899,A,"SHEA, LAWRENCE",DECDING MEDIA,Graduate,3,0,0.0%,,,,,,,,,,
2025,Fall,College of Fine Arts,DRA,54903,A,"DUNN, ANDREW",DESIGN THESIS WRITIG,Graduate,6,2,33.3%,5.00,5.00,5.00,5.00,5.00,5.00,5.00,5.00,5.00,5.00
2025,Fall,College of Fine Arts,DRA,54905,A,"PINO, JOE",EAR TRAINING,Graduate,2,1,50.0%,2.00,5.00,5.00,5.00,5.00,5.00,5.00,5.00,5.00,5.00
2025,Fall,College of Fine Arts,DRA,54913,A,"RUSSMAN, BRIAN",MILLINERY I,Graduate,12,6,50.0%,11.17,5.00,5.00,5.00,5.00,5.00,5.00,4.83,5.00,5.00
2025,Fall,College of Fine Arts,DRA,54933,A,"BOEVERS, DAVID",TCHNL DRCTN III,Graduate,3,1,33.3%,21.00,2.00,1.00,3.00,1.00,3.00,2.00,1.00,2.00,2.00
2025,Fall,College of Fine Arts,DRA,54939,A,"BROWN, C. TODD",ENT LIGHT PROG,Graduate,3,1,33.3%,11.00,4.00,4.00,5.00,5.00,5.00,5.00,5.00,5.00,5.00
2025,Fall,College of Fine Arts,DRA,54944,A,"SHACKLEFORD, TINA",ADV TPC SM MGT STYLS,Graduate,2,1,50.0%,8.00,4.00,4.00,4.00,4.00,4.00,4.00,4.00,4.00,4.00
2025,Fall,College of Fine Arts,DRA,54951,A,"STEBBINS, MARY",CONCRT LGHT DES,Graduate,4,1,25.0%,11.00,5.00,5.00,5.00,5.00,5.00,5.00,5.00,5.00,5.00
2025,Fall,College of Fine Arts,DRA,54955,A,"SAHOO, SAYANTEE",PRD DTA MANIPLN,Graduate,2,2,100.0%,9.50,4.50,4.50,4.50,4.00,4.00,4.00,4.50,4.00,4.50
2025,Fall,College of Fine Arts,DRA,54955,A,"HOLCOMB, DAVID",PRD DTA MANIPLN,Graduate,2,2,100.0%,9.50,5.00,4.50,5.00,4.50,5.00,4.50,5.00,4.50,5.00
2025,Fall,College of Fine Arts,DRA,54956,A,"WEILD, KIM",THESIS PREP-DIR,Graduate,2,0,0.0%,,,,,,,,,,
2025,Fall,College of Fine Arts,DRA,54969,B,"WEI, MISO",PTM CAPSTONE,Graduate,2,1,50.0%,5.00,5.00,5.00,5.00,5.00,5.00,5.00,5.00,5.00,5.00
2025,Fall,College of Fine Arts,DRA,54969,A,"RUSSMAN, BRIAN",PTM CAPSTONE,Graduate,2,1,50.0%,5.00,5.00,5.00,5.00,5.00,5.00,5.00,5.00,5.00,5.00
2025,Fall,College of Fine Arts,DRA,54969,B,"SHACKLEFORD, TINA",PTM CAPSTONE,Graduate,2,1,50.0%,5.00,5.00,5.00,5.00,5.00,5.00,5.00,5.00,5.00,5.00
2025,Fall,College of Fine Arts,DRA,54969,A,"HANSON, HUGH",PTM CAPSTONE,Graduate,2,1,50.0%,5.00,5.00,5.00,5.00,5.00,5.00,5.00,5.00,5.00,5.00
2025,Fall,College of Fine Arts,DRA,54976,A,"PINO, JOE",SPECTERS & SYSTEMS,Graduate,4,1,25.0%,5.00,4.00,2.00,2.00,4.00,2.00,2.00,5.00,3.00,2.00
2025,Fall,College of Fine Arts,DRA,54976,A,"ROSS, NICA",SPECTERS & SYSTEMS,Graduate,4,1,25.0%,5.00,3.00,3.00,3.00,2.00,2.00,2.00,4.00,2.00,2.00
2025,Fall,College of Fine Arts,DRA,54976,B,"ROSS, NICA",SPECTERS & SYSTEMS,Graduate,3,1,33.3%,2.00,5.00,5.00,4.00,3.00,4.00,3.00,5.00,3.00,3.00
2025,Fall,College of Fine Arts,DRA,54976,A,"STEBBINS, MARY",SPECTERS & SYSTEMS,Graduate,4,1,25.0%,5.00,2.00,3.00,2.00,4.00,2.00,2.00,3.00,2.00,2.00
2025,Fall,Carnegie Institute of Technology,ECE,18021,A1,"BAIN, JAMES",INTRO PCB FAB,Undergraduate,15,6,40.0%,3.00,4.67,4.50,4.50,4.33,4.17,4.33,4.83,4.67,4.33
2025,Fall,Carnegie Institute of Technology,ECE,18021,A2,"BAIN, JAMES",INTRO PCB FAB,Undergraduate,24,6,25.0%,3.00,4.67,4.50,4.50,4.50,4.50,4.50,4.67,4.50,4.50
2025,Fall,Carnegie Institute of Technology,ECE,18095,A,"ZAJDEL, TOM",GTNG STRTD IN ELEC,Undergraduate,15,7,46.7%,4.57,4.86,4.86,4.86,4.86,4.71,4.86,5.00,4.86,5.00
2025,Fall,Carnegie Institute of Technology,ECE,18095,B,"ZAJDEL, TOM",GTNG STRTD IN ELEC,Undergraduate,13,6,46.2%,7.00,5.00,5.00,4.83,4.83,4.83,4.83,5.00,5.00,5.00
2025,Fall,Carnegie Institute of Technology,ECE,18100,1,"ZHU, JIAN-GANG",INTRO ELEC COMP ENG,Undergraduate,174,164,94.3%,10.89,4.74,4.30,4.34,4.15,4.74,4.17,4.73,4.22,4.42
2025,Fall,Carnegie Institute of Technology,ECE,18200,A,"BAIN, JAMES",ECE SOPH SEMINAR,Undergraduate,167,76,45.5%,3.17,4.38,4.26,4.30,4.03,4.22,4.17,4.55,4.17,3.96
2025,Fall,Carnegie Institute of Technology,ECE,18200,B,"BAIN, JAMES",ECE SOPH SEMINAR,Undergraduate,125,49,39.2%,2.88,4.50,4.40,4.33,4.19,4.29,4.38,4.54,4.23,4.15
2025,Fall,Carnegie Institute of Technology,ECE,18202,1,"KAR, SOUMMYA",MATH FNDTN ELEC ENGR,Undergraduate,80,68,85.0%,9.50,3.93,3.90,3.84,3.57,3.84,3.56,4.18,3.63,3.42
2025,Fall,Carnegie Institute of Technology,ECE,18202,1,"JOE-WONG, CARLEE",MATH FNDTN ELEC ENGR,Undergraduate,80,68,85.0%,9.46,3.87,4.01,3.97,3.60,3.81,3.75,4.26,3.81,3.56
2025,Fall,Carnegie Institute of Technology,ECE,18213,1,"SEKAR, VYAS",INTR CMPTR SYSTEMS,Undergraduate,110,49,44.5%,12.31,4.08,4.06,4.10,3.78,4.29,3.98,4.43,3.94,3.90
2025,Fall,Carnegie Institute of Technology,ECE,18213,1,"KESDEN, GREGORY",INTR CMPTR SYSTEMS,Undergraduate,110,49,44.5%,12.13,4.27,3.52,3.56,3.58,3.96,3.40,3.65,3.23,3.60
2025,Fall,Carnegie Institute of Technology,ECE,18220,1,"BUDNIK, MARK",ELETRONC DEVC ANL CR,Undergraduate,178,171,96.1%,10.23,4.86,4.81,4.82,4.68,4.74,4.81,4.85,4.79,4.75
2025,Fall,Carnegie Institute of Technology,ECE,18220,1,"ZAJDEL, TOM",ELETRONC DEVC ANL CR,Undergraduate,178,171,96.1%,10.23,4.76,4.73,4.71,4.64,4.71,4.73,4.79,4.69,4.74
2025,Fall,Carnegie Institute of Technology,ECE,18240,1,"NACE, WILLIAM",STRC DES DIGTL SYSTM,Undergraduate,156,154,98.7%,15.17,4.87,4.82,4.85,4.68,4.82,4.77,4.82,4.81,4.68
2025,Fall,Carnegie Institute of Technology,ECE,18290,1,"SULLIVAN, THOMAS",SIGNALS & SYSTEMS,Undergraduate,173,164,94.8%,9.39,3.96,4.05,3.99,3.80,3.87,3.78,4.28,3.72,3.67
2025,Fall,Carnegie Institute of Technology,ECE,18290,1,"GROVER, PULKIT",SIGNALS & SYSTEMS,Undergraduate,173,164,94.8%,9.37,4.32,4.07,4.12,3.95,4.30,4.09,4.49,4.10,3.73
2025,Fall,Carnegie Institute of Technology,ECE,18300,A,"CHAMANZAR, MAYSAM",FUND ELECTROMAGNETCS,Undergraduate,21,17,81.0%,8.00,4.82,4.53,4.71,4.59,4.76,4.65,4.76,4.59,4.65
2025,Fall,Carnegie Institute of Technology,ECE,18320,1,"DANDIN, MARC",MICROELECTC CIRCUITS,Undergraduate,38,22,57.9%,10.05,4.18,3.95,3.82,3.68,3.95,3.68,4.27,3.77,3.82
2025,Fall,Carnegie Institute of Technology,ECE,18330,A,"PACCAGNELLA, RICCARDO",INTRO TO COMP SEC,Undergraduate,28,14,50.0%,11.93,4.29,3.86,4.00,3.64,4.57,4.14,4.21,4.21,3.86
2025,Fall,Carnegie Institute of Technology,ECE,18340,TA,"BLANTON, SHAWN",HW ARTHM MACH LRNG,Undergraduate,12,11,91.7%,12.64,4.09,3.64,3.82,3.18,3.91,3.45,4.45,3.45,3.55
2025,Fall,Carnegie Institute of Technology,ECE,18341,A,"NACE, WILLIAM",LOG DES & VERIF,Undergraduate,70,67,95.7%,14.40,4.91,4.79,4.79,4.60,4.90,4.79,4.90,4.84,4.76
2025,Fall,Carnegie Institute of Technology,ECE,18344,A,"KESDEN, GREGORY",COMP SYS HW/SW INT,Undergraduate,25,11,44.0%,9.91,4.64,4.36,4.55,4.09,4.73,4.64,4.55,4.55,4.18
2025,Fall,Carnegie Institute of Technology,ECE,18349,A,"KESDEN, GREGORY",INTRO EMBEDDED SYS,Undergraduate,65,22,33.8%,13.64,4.45,3.95,4.14,3.95,4.27,3.77,3.91,3.95,4.09
2025,Fall,Carnegie Institute of Technology,ECE,18349,A,"BENSON, THEOPHILUS",INTRO EMBEDDED SYS,Undergraduate,65,22,33.8%,13.91,4.41,4.23,4.18,4.14,4.45,4.09,4.64,4.05,4.18
2025,Fall,Carnegie Institute of Technology,ECE,18351,A,"ERDOGMUS, HAKAN",FUL STK SOFT DEV ENG,Undergraduate,3,2,66.7%,9.50,5.00,4.00,4.00,4.50,4.50,3.00,5.00,4.00,3.50
2025,Fall,Carnegie Institute of Technology,ECE,18370,A,"NAKAHIRA, YORIE",FNDMNTLS OF CONTROL,Undergraduate,27,26,96.3%,7.88,4.65,4.08,4.08,4.31,4.12,4.19,4.88,4.19,3.81
2025,Fall,Carnegie Institute of Technology,ECE,18372,A,"SULLIVAN, THOMAS",FNDMTL ELECTR PWR SY,Undergraduate,30,13,43.3%,7.54,4.58,4.33,4.42,4.42,4.54,4.62,4.92,4.25,4.46
2025,Fall,Carnegie Institute of Technology,ECE,18384,1,"SKIRPAN, MICHAEL",ETHCS POLICY CMPTNG,Undergraduate,18,15,83.3%,7.40,4.60,4.07,4.33,4.13,4.53,4.47,4.67,4.47,4.13
2025,Fall,Carnegie Institute of Technology,ECE,18384,1,"HILTON, MICHAEL",ETHCS POLICY CMPTNG,Undergraduate,18,15,83.3%,7.08,4.46,3.69,4.31,4.00,4.31,4.38,4.62,4.23,4.00
2025,Fall,Carnegie Institute of Technology,ECE,18410,A,"SRIMANI, TATHAGATA",HACKER FAB,Undergraduate,15,4,26.7%,12.50,4.00,4.25,4.25,3.75,4.50,4.25,4.00,4.00,4.00
2025,Fall,Carnegie Institute of Technology,ECE,18418,A,"ZHENG, SIYANG",MICRO/NANO BIOMED DV,Undergraduate,8,2,25.0%,6.50,4.50,4.50,4.00,4.00,5.00,4.00,4.50,4.00,4.00
2025,Fall,Carnegie Institute of Technology,ECE,18420,A,"CHEN, VANESSA",DGN INT TPOT IOT SYS,Undergraduate,7,3,42.9%,13.00,3.33,2.67,2.33,2.67,3.33,2.33,3.67,2.33,2.67
2025,Fall,Carnegie Institute of Technology,ECE,18421,A,"CARLEY, RICK",ANALOG INTG CIRC DES,Undergraduate,4,3,75.0%,15.33,4.33,3.33,3.33,3.67,3.33,3.00,5.00,2.67,3.33
2025,Fall,Carnegie Institute of Technology,ECE,18422,1,"MAI, KENNETH",DIGL INTGRD CIRC DES,Undergraduate,8,3,37.5%,24.00,3.67,3.33,3.33,3.00,3.67,3.67,3.33,3.67,3.67
2025,Fall,Carnegie Institute of Technology,ECE,18436,A,"JIA, LIMIN",BROWSER SECURITY,Undergraduate,5,1,20.0%,8.00,5.00,5.00,5.00,3.00,5.00,5.00,5.00,5.00,5.00
2025,Fall,Carnegie Institute of Technology,ECE,18441,A,"KUMAR, SWARUN",COMP NETWORKS,Undergraduate,16,15,93.8%,11.00,4.80,4.73,4.67,4.53,4.93,4.73,4.87,4.80,4.60
2025,Fall,Carnegie Institute of Technology,ECE,18444,C,"YOUSSFI, ZIAD",EMBEDDED MACH LEARN,Undergraduate,5,4,80.0%,7.25,4.75,5.00,4.75,5.00,5.00,4.75,4.75,4.50,4.75
2025,Fall,Carnegie Institute of Technology,ECE,18453,A,"ROWE, ANTHONY",INTRO TO XR SYSTEMS,Undergraduate,2,0,0.0%,,,,,,,,,,
2025,Fall,Carnegie Institute of Technology,ECE,18461,A,"CHEN, BEIDI",INT MCH LRNG FOR ENG,Undergraduate,8,6,75.0%,13.00,3.67,4.00,3.83,3.33,3.67,3.50,3.83,3.50,3.67
2025,Fall,Carnegie Institute of Technology,ECE,18461,A,"ZANETTE, ANDREA",INT MCH LRNG FOR ENG,Undergraduate,8,6,75.0%,13.00,3.83,4.17,4.17,3.50,4.00,3.67,4.00,3.67,3.83
2025,Fall,Carnegie Institute of Technology,ECE,18468,1,"PAGLIARINI, SAMUEL",SPCL TPCS HRDWR SYST,Undergraduate,9,3,33.3%,12.00,4.33,4.33,4.33,4.33,4.33,4.33,4.33,4.33,4.33
2025,Fall,Carnegie Institute of Technology,ECE,18474,A,"BUDNIK, MARK",EMBED CONTROL SYSTMS,Undergraduate,18,11,61.1%,11.36,5.00,4.18,4.73,4.73,4.82,4.73,5.00,4.91,4.55
2025,Fall,Carnegie Institute of Technology,ECE,18491,1,"STERN, RICHARD",DIGTL SIGNL PROC,Undergraduate,8,4,50.0%,18.25,4.25,4.25,3.75,4.00,3.75,3.75,5.00,3.50,3.75
2025,Fall,Carnegie Institute of Technology,ECE,18500,A,"MUKHERJEE, TAMAL",ECE DESN EXP,Undergraduate,23,18,78.3%,12.67,4.33,3.67,3.94,3.72,4.11,4.11,4.17,4.00,3.78
2025,Fall,Carnegie Institute of Technology,ECE,18500,B,"SPIELBERG, ANDREW",ECE DESN EXP,Undergraduate,24,20,83.3%,12.55,3.95,3.65,3.70,3.35,3.65,3.60,4.15,3.55,3.55
2025,Fall,Carnegie Institute of Technology,ECE,18610,A,"SRIMANI, TATHAGATA",HACKER FAB,Graduate,15,8,53.3%,9.88,3.63,3.88,4.13,3.50,5.00,4.00,4.50,4.13,4.00
2025,Fall,Carnegie Institute of Technology,ECE,18613,1,"KESDEN, GREGORY",FNDS COMP SYS,Graduate,51,27,52.9%,17.20,4.57,4.35,4.33,4.38,4.50,4.29,4.79,4.25,4.46
2025,Fall,Carnegie Institute of Technology,ECE,18613,2,"KESDEN, GREGORY",FNDS COMP SYS,Graduate,16,11,68.8%,18.91,4.91,4.91,4.91,4.64,4.91,4.91,4.91,4.91,4.91
2025,Fall,Carnegie Institute of Technology,ECE,18613,2,"SEKAR, VYAS",FNDS COMP SYS,Graduate,16,11,68.8%,19.18,4.73,4.91,4.82,4.64,4.73,4.73,4.91,4.91,4.91
2025,Fall,Carnegie Institute of Technology,ECE,18613,1,"SEKAR, VYAS",FNDS COMP SYS,Graduate,51,27,52.9%,16.77,4.65,4.35,4.46,4.46,4.72,4.52,4.84,4.48,4.40
2025,Fall,Carnegie Institute of Technology,ECE,18614,A,"PIAZZA, GIANLUCA",MICROELECTROMECH SYS,Graduate,34,20,58.8%,11.00,4.40,4.20,4.30,4.15,4.40,3.90,4.75,4.10,4.10
2025,Fall,Carnegie Institute of Technology,ECE,18617,A,"ZHANG, XU",MEM DEVICES & TECH,Graduate,20,17,85.0%,6.76,4.94,4.82,4.76,4.76,4.94,5.00,5.00,4.94,4.82
2025,Fall,Carnegie Institute of Technology,ECE,18618,A,"ZHENG, SIYANG",MICRO/NANO BIOMED DV,Graduate,7,4,57.1%,9.50,4.75,4.75,4.50,3.75,5.00,4.50,4.75,4.25,4.25
2025,Fall,Carnegie Institute of Technology,ECE,18619,A,"TOWE, ELIAS",INTRO TO QNTM COMP,Graduate,15,12,80.0%,9.75,4.58,4.00,3.92,3.92,4.25,4.33,4.92,4.17,4.17
2025,Fall,Carnegie Institute of Technology,ECE,18620,A,"CHEN, VANESSA",DGN INT TPOT IOT SYS,Graduate,25,23,92.0%,12.68,4.61,4.13,4.41,4.09,4.55,4.23,4.96,4.22,4.22
2025,Fall,Carnegie Institute of Technology,ECE,18622,1,"MAI, KENNETH",DIG INT CIR DES,Graduate,54,25,46.3%,22.44,4.40,3.96,4.36,3.52,4.60,4.36,4.48,4.20,3.96
2025,Fall,Carnegie Institute of Technology,ECE,18623,A,"CARLEY, RICK",ANA INT CIR DESIGN,Graduate,24,23,95.8%,14.70,4.09,3.78,4.09,4.04,4.26,3.70,4.78,3.78,3.78
2025,Fall,Carnegie Institute of Technology,ECE,18631,RW,"BROWN, TIMOTHY",INTR INFO SECURITY,Graduate,64,54,84.4%,15.52,4.83,4.67,4.67,4.57,4.89,4.72,4.89,4.72,4.68
2025,Fall,Carnegie Institute of Technology,ECE,18636,SV,"JIA, LIMIN",BROWSER SECURITY,Graduate,11,9,81.8%,11.33,4.11,4.44,4.44,4.22,4.33,4.22,4.78,4.22,4.33
2025,Fall,Carnegie Institute of Technology,ECE,18636,A,"JIA, LIMIN",BROWSER SECURITY,Graduate,18,6,33.3%,9.00,4.83,4.83,4.83,4.67,5.00,5.00,5.00,4.83,4.83
2025,Fall,Carnegie Institute of Technology,ECE,18640,TA,"BLANTON, SHAWN",HW ARTHM MACH LRNG,Graduate,28,25,89.3%,12.64,3.84,3.44,3.76,3.16,4.20,3.40,4.16,3.36,3.28
2025,Fall,Carnegie Institute of Technology,ECE,18645,SV,"LOW, TZE MENG",HOW WRT FAST CODE I,Graduate,6,3,50.0%,11.00,4.50,4.00,4.00,4.50,4.50,4.50,4.00,4.50,4.00
2025,Fall,Carnegie Institute of Technology,ECE,18645,A,"LOW, TZE MENG",HOW WRT FAST CODE I,Graduate,26,16,61.5%,12.00,4.50,4.06,4.06,4.25,4.44,4.06,4.75,4.19,4.19
2025,Fall,Carnegie Institute of Technology,ECE,18648,A,"RAJKUMAR, RAGUNATHAN",EMBED REAL-TIME SYST,Graduate,28,12,42.9%,11.75,4.67,4.58,4.50,4.25,4.83,4.50,4.75,4.33,4.50
2025,Fall,Carnegie Institute of Technology,ECE,18650,A,"PEHA, JON",POL WRLSS SYS,Graduate,20,8,40.0%,8.38,4.50,4.25,4.25,4.13,4.38,4.38,4.38,4.38,4.38
2025,Fall,Carnegie Institute of Technology,ECE,18651,A,"ERDOGMUS, HAKAN",FUL STK SOFT DEV ENG,Graduate,17,17,100.0%,12.65,4.82,4.94,4.88,4.76,4.94,4.88,4.82,4.82,4.82
2025,Fall,Carnegie Institute of Technology,ECE,18652,1,"ERDOGMUS, HAKAN",FNDS OF SFTW ENGRING,Graduate,30,27,90.0%,18.07,3.56,3.44,3.70,3.52,3.89,3.59,3.93,3.33,3.44
2025,Fall,Carnegie Institute of Technology,ECE,18652,2,"ERDOGMUS, HAKAN",FNDS OF SFTW ENGRING,Graduate,29,25,86.2%,18.71,3.50,3.33,3.70,3.43,3.83,3.67,3.58,3.46,3.38
2025,Fall,Carnegie Institute of Technology,ECE,18652,1,"PERAIRE, CECILE",FNDS OF SFTW ENGRING,Graduate,30,27,90.0%,16.73,4.27,4.00,4.08,4.08,4.12,4.04,4.19,3.88,3.62
2025,Fall,Carnegie Institute of Technology,ECE,18652,2,"PERAIRE, CECILE",FNDS OF SFTW ENGRING,Graduate,29,25,86.2%,18.54,4.04,3.75,3.83,3.67,3.96,3.92,4.13,4.00,3.88
2025,Fall,Carnegie Institute of Technology,ECE,18654,SV,"WLODARSKI, RAFAL",SFTW TST AND OPS,Graduate,37,28,75.7%,12.32,4.00,3.61,4.00,4.04,4.33,4.00,4.71,3.79,3.82
2025,Fall,Carnegie Institute of Technology,ECE,18655,A,"MUELLER, STEPHAN",ENTRP ENG PROJECT,Graduate,15,11,73.3%,8.27,4.55,4.64,4.64,4.73,4.45,4.45,4.64,4.55,4.27
2025,Fall,Carnegie Institute of Technology,ECE,18656,SV,"WLODARSKI, RAFAL",FUNCTL PRGRMING PRAC,Graduate,29,25,86.2%,12.40,4.16,3.56,3.88,4.04,4.16,3.80,4.52,3.68,3.52
2025,Fall,Carnegie Institute of Technology,ECE,18658,SV,"PERAIRE, CECILE",SFTW REQ AND INT DES,Graduate,32,31,96.9%,11.55,4.55,4.42,4.47,4.57,4.57,4.48,4.68,4.48,4.45
2025,Fall,Carnegie Institute of Technology,ECE,18661,RW,"ZANETTE, ANDREA",INT MCH LRNG FOR ENG,Graduate,12,10,83.3%,15.10,4.60,4.70,4.70,4.50,4.60,4.60,4.80,4.50,4.60
2025,Fall,Carnegie Institute of Technology,ECE,18661,SV,"ZANETTE, ANDREA",INT MCH LRNG FOR ENG,Graduate,1,1,100.0%,5.00,4.00,4.00,4.00,5.00,4.00,5.00,4.00,5.00,4.00
2025,Fall,Carnegie Institute of Technology,ECE,18661,A,"ZANETTE, ANDREA",INT MCH LRNG FOR ENG,Graduate,58,47,81.0%,11.32,4.53,4.43,4.55,4.30,4.51,4.57,4.81,4.51,4.47
2025,Fall,Carnegie Institute of Technology,ECE,18661,RW,"CHEN, BEIDI",INT MCH LRNG FOR ENG,Graduate,12,10,83.3%,14.50,4.50,4.70,4.70,4.50,4.60,4.60,4.70,4.60,4.60
2025,Fall,Carnegie Institute of Technology,ECE,18661,SV,"CHEN, BEIDI",INT MCH LRNG FOR ENG,Graduate,1,1,100.0%,8.00,4.00,5.00,5.00,4.00,3.00,5.00,5.00,5.00,4.00
2025,Fall,Carnegie Institute of Technology,ECE,18661,A,"CHEN, BEIDI",INT MCH LRNG FOR ENG,Graduate,58,47,81.0%,11.00,4.60,4.60,4.64,4.38,4.57,4.60,4.77,4.55,4.49
2025,Fall,Carnegie Institute of Technology,ECE,18664,SV,"DA SILVA SOUSA, LEONARDO",SFTWR REFACTORING,Graduate,41,25,61.0%,11.80,4.68,4.56,4.56,4.60,4.68,4.48,4.80,4.40,4.44
2025,Fall,Carnegie Institute of Technology,ECE,18667,A,"JOSHI, GAURI",ALGRTHMS ML & OPT,Graduate,30,28,93.3%,11.57,4.57,4.46,4.64,4.21,4.61,4.43,4.86,4.54,4.39
2025,Fall,Carnegie Institute of Technology,ECE,18668,SV,"DA SILVA SOUSA, LEONARDO",DATA SCI SFWR ENG,Graduate,44,25,56.8%,10.63,4.88,4.83,4.83,4.83,4.79,4.88,4.88,4.88,4.88
2025,Fall,Carnegie Institute of Technology,ECE,18681,A,"TENNAKOON, SARATH",POWER ELECTRONICS,Graduate,15,13,86.7%,9.15,4.31,4.15,4.23,4.15,4.38,4.31,4.38,4.31,4.08
2025,Fall,Carnegie Institute of Technology,ECE,18681,RW,"TENNAKOON, SARATH",POWER ELECTRONICS,Graduate,6,6,100.0%,10.50,4.83,4.83,4.67,4.67,4.83,4.67,4.67,4.67,4.67
2025,Fall,Carnegie Institute of Technology,ECE,18691,1,"STERN, RICHARD",DIGTL SIGNL PROC,Graduate,8,5,62.5%,17.60,4.60,4.60,4.60,4.40,4.20,4.60,4.60,4.40,4.00
2025,Fall,Carnegie Institute of Technology,ECE,18719,A,"LI, QING",NONLINR OP & PHOTON,Graduate,7,6,85.7%,8.00,4.50,4.67,5.00,4.50,5.00,4.50,4.67,4.83,4.83
2025,Fall,Carnegie Institute of Technology,ECE,18726,A,"MAI, KENNETH",PROJ INTEG CIRC DES,Graduate,28,18,64.3%,6.17,4.83,4.67,4.72,4.78,4.78,4.72,4.78,4.83,4.83
2025,Fall,Carnegie Institute of Technology,ECE,18727,A,"CARLEY, RICK",BRD-LVL RF SYS IOT,Graduate,14,13,92.9%,10.15,4.77,4.69,4.62,4.31,4.69,4.46,4.92,4.46,4.54
2025,Fall,Carnegie Institute of Technology,ECE,18731,RW,"KAIRU, EDWIN",NETWORK SECURITY,Graduate,18,14,77.8%,13.93,5.00,5.00,5.00,4.64,4.93,5.00,5.00,5.00,5.00
2025,Fall,Carnegie Institute of Technology,ECE,18734,SV,"FANTI, GIULIA",FOUNDATION OF PRIVCY,Graduate,2,0,0.0%,,,,,,,,,,
2025,Fall,Carnegie Institute of Technology,ECE,18734,A,"FANTI, GIULIA",FOUNDATION OF PRIVCY,Graduate,9,1,11.1%,8.00,5.00,5.00,5.00,4.00,5.00,4.00,5.00,5.00,5.00
2025,Fall,Carnegie Institute of Technology,ECE,18734,A,"WU, STEVEN",FOUNDATION OF PRIVCY,Graduate,9,1,11.1%,8.00,5.00,4.00,5.00,5.00,5.00,5.00,5.00,5.00,5.00
2025,Fall,Carnegie Institute of Technology,ECE,18739,D,"BRUMLEY, DAVID",SP TPCS IN SECURITY,Graduate,41,22,53.7%,11.45,4.64,4.59,4.73,4.59,4.86,4.82,4.91,4.68,4.68
2025,Fall,Carnegie Institute of Technology,ECE,18740,1,"SHEN, JOHN",MDRN COMP ARCH & DES,Graduate,109,52,47.7%,11.65,3.50,3.62,3.73,3.13,4.02,3.60,4.12,3.52,3.10
2025,Fall,Carnegie Institute of Technology,ECE,18741,A,"KUMAR, SWARUN",COMP NETWORKS,Graduate,60,58,96.7%,11.09,4.66,4.72,4.77,4.51,4.77,4.74,4.86,4.75,4.68
2025,Fall,Carnegie Institute of Technology,ECE,18746,A,"GANGER, GREGORY",STORAGE SYSTEMS,Graduate,28,16,57.1%,19.31,4.69,4.56,4.56,4.19,4.44,4.56,4.75,4.56,4.44
2025,Fall,Carnegie Institute of Technology,ECE,18746,A,"AMVROSIADIS, GEORGE",STORAGE SYSTEMS,Graduate,28,16,57.1%,19.06,4.56,4.44,4.44,4.00,4.31,4.50,4.56,4.38,4.25
2025,Fall,Carnegie Institute of Technology,ECE,18749,1,"NARASIMHAN, PRIYA",BLDG RLBL DIS SYS,Graduate,93,43,46.2%,8.00,4.26,4.07,4.23,3.91,4.30,4.14,4.56,4.23,4.02
2025,Fall,Carnegie Institute of Technology,ECE,18751,A,"TONGUZ, OZAN",APPL STOCH PROCESS,Graduate,17,4,23.5%,7.25,5.00,4.75,4.75,4.75,5.00,5.00,5.00,4.50,4.75
2025,Fall,Carnegie Institute of Technology,ECE,18751,RW,"BUSOGI, MOISE",APPL STOCH PROCESS,Graduate,39,37,94.9%,16.65,4.78,4.59,4.70,4.51,4.70,4.68,4.78,4.57,4.59
2025,Fall,Carnegie Institute of Technology,ECE,18755,SV,"YAGAN, OSMAN",NTWRKS IN REAL WRLD,Graduate,2,0,0.0%,,,,,,,,,,
2025,Fall,Carnegie Institute of Technology,ECE,18755,A,"YAGAN, OSMAN",NTWRKS IN REAL WRLD,Graduate,20,9,45.0%,10.33,4.67,4.89,4.78,4.67,4.78,5.00,4.89,4.78,4.78
2025,Fall,Carnegie Institute of Technology,ECE,18756,1,"KIM, HYONG",PAC SWTCNG COMP NETW,Graduate,12,7,58.3%,11.00,4.71,4.57,4.71,4.29,4.71,4.57,4.71,4.71,4.43
2025,Fall,Carnegie Institute of Technology,ECE,18758,A,"NEGI, ROHIT",WIRELESS COMMUNCATNS,Graduate,9,6,66.7%,12.50,4.67,4.67,4.67,4.67,4.67,4.67,4.67,4.67,4.67
2025,Fall,Carnegie Institute of Technology,ECE,18763,A,"FARAG, MOHAMED",SYS & TL CHNS FOR AI,Graduate,45,23,51.1%,13.52,4.65,4.57,4.61,4.57,4.65,4.61,4.61,4.48,4.57
2025,Fall,Carnegie Institute of Technology,ECE,18763,B,"FARAG, MOHAMED",SYS & TL CHNS FOR AI,Graduate,11,2,18.2%,14.00,5.00,5.00,4.50,4.50,5.00,5.00,4.50,5.00,5.00
2025,Fall,Carnegie Institute of Technology,ECE,18763,A,"QU, GUANNAN",SYS & TL CHNS FOR AI,Graduate,45,23,51.1%,11.96,4.48,4.57,4.65,4.43,4.74,4.57,4.83,4.48,4.70
2025,Fall,Carnegie Institute of Technology,ECE,18763,B,"QU, GUANNAN",SYS & TL CHNS FOR AI,Graduate,11,2,18.2%,12.50,5.00,4.50,5.00,5.00,4.50,4.50,5.00,5.00,5.00
2025,Fall,Carnegie Institute of Technology,ECE,18765,TA,"BLANTON, SHAWN",DIG SYS TST & TST DS,Graduate,33,28,84.8%,13.43,4.14,3.82,3.96,3.50,4.32,3.86,4.64,3.71,3.64
2025,Fall,Carnegie Institute of Technology,ECE,18768,1,"PAGLIARINI, SAMUEL",SPCL TPCS HRDWR SYST,Graduate,15,5,33.3%,11.60,5.00,5.00,5.00,5.00,5.00,5.00,5.00,5.00,5.00
2025,Fall,Carnegie Institute of Technology,ECE,18781,A,"WATANABE, SHINJI",SPCH RECGNT UNDSTG,Graduate,45,45,100.0%,10.09,4.64,4.56,4.53,4.49,4.58,4.56,4.76,4.53,4.51
2025,Fall,Carnegie Institute of Technology,ECE,18785,A,"OKEYO, GEORGE",DATA INF APP ML,Graduate,13,7,53.8%,9.80,4.00,4.00,4.00,4.60,4.40,4.20,4.00,4.00,3.60
2025,Fall,Carnegie Institute of Technology,ECE,18785,K,"OKEYO, GEORGE",DATA INF APP ML,Graduate,48,43,89.6%,13.14,4.62,4.60,4.43,4.48,4.55,4.55,4.64,4.55,4.10
2025,Fall,Carnegie Institute of Technology,ECE,18785,R,"OKEYO, GEORGE",DATA INF APP ML,Graduate,66,56,84.8%,14.55,4.67,4.51,4.52,4.46,4.64,4.66,4.71,4.70,4.21
2025,Fall,Carnegie Institute of Technology,ECE,18785,A,"ABDISSA, CHALA MERGA",DATA INF APP ML,Graduate,13,7,53.8%,12.00,3.14,2.71,3.00,3.71,3.43,3.83,3.83,3.17,3.00
2025,Fall,Carnegie Institute of Technology,ECE,18785,K,"ABDISSA, CHALA MERGA",DATA INF APP ML,Graduate,48,43,89.6%,13.72,3.26,2.95,3.28,3.14,3.45,3.00,4.33,3.00,3.60
2025,Fall,Carnegie Institute of Technology,ECE,18785,R,"ABDISSA, CHALA MERGA",DATA INF APP ML,Graduate,66,56,84.8%,15.20,3.07,2.82,3.05,2.79,3.21,2.88,3.86,2.89,3.11
2025,Fall,Carnegie Institute of Technology,ECE,18790,A1,"SAVVIDES, MARIOS",DL FOR COMP VIS PT I,Graduate,4,1,25.0%,8.00,4.00,4.00,4.00,4.00,4.00,4.00,4.00,4.00,4.00
2025,Fall,Carnegie Institute of Technology,ECE,18794,A,"SAVVIDES, MARIOS",INTRO DL & PTRN REC,Graduate,60,25,41.7%,10.92,4.40,4.20,4.48,4.16,4.64,4.20,4.36,4.20,4.08
2025,Fall,Carnegie Institute of Technology,ECE,18799,L,"ABDISSA, CHALA MERGA",SP TPC SIGNL PROCSNG,Graduate,9,8,88.9%,8.38,2.50,2.75,2.13,2.63,2.50,2.63,3.25,2.38,2.75
2025,Fall,Carnegie Institute of Technology,ECE,18844,C,"YOUSSFI, ZIAD",EMBEDDED MACH LEARN,Graduate,25,15,60.0%,9.20,4.73,4.73,4.93,4.80,4.87,4.87,5.00,4.80,4.80
2025,Fall,Carnegie Institute of Technology,ECE,18848,D,"YOUSSFI, ZIAD",SPCL TPCS EMBD SYSM,Graduate,14,5,35.7%,13.00,4.60,4.40,4.40,5.00,4.20,3.80,4.60,3.80,4.20
2025,Fall,Carnegie Institute of Technology,ECE,18853,A,"ROWE, ANTHONY",INTRO TO XR SYSTEMS,Graduate,15,8,53.3%,8.38,4.88,4.63,4.88,4.88,4.75,4.75,5.00,4.75,4.75
2025,Fall,Carnegie Institute of Technology,ECE,18859,R,"NDASHIMYE, EMMANUEL",SPC TPCS COM,Graduate,14,14,100.0%,11.93,4.79,4.64,4.57,4.64,4.86,4.71,4.57,4.71,4.71
2025,Fall,Carnegie Institute of Technology,ECE,18861,A1,"RAWN, BARRY",ENGY PROJ DEV & FIN,Graduate,7,4,57.1%,8.75,4.75,4.25,4.25,4.00,4.50,4.25,4.25,4.00,4.25
2025,Fall,Carnegie Institute of Technology,ECE,18861,R1,"RAWN, BARRY",ENGY PROJ DEV & FIN,Graduate,6,6,100.0%,8.50,4.83,4.83,5.00,4.83,4.83,4.67,4.67,4.67,5.00
2025,Fall,Carnegie Institute of Technology,ECE,18862,A,"RAWN, BARRY",CTR OF GRD CON MACH,Graduate,3,1,33.3%,11.00,5.00,5.00,5.00,5.00,5.00,5.00,5.00,5.00,5.00
2025,Fall,Carnegie Institute of Technology,ECE,18862,RW,"RAWN, BARRY",CTR OF GRD CON MACH,Graduate,4,4,100.0%,11.00,4.75,4.50,4.25,4.50,4.75,4.25,5.00,4.00,4.50
2025,Fall,Carnegie Institute of Technology,ECE,18865,R2,"RAWN, BARRY",PHOTVOL SYS ENG,Graduate,9,7,77.8%,9.29,5.00,4.86,4.71,4.71,4.86,4.71,5.00,4.86,5.00
2025,Fall,Carnegie Institute of Technology,ECE,18865,A2,"RAWN, BARRY",PHOTVOL SYS ENG,Graduate,10,6,60.0%,6.50,4.50,4.00,4.67,4.67,4.67,4.33,4.83,4.50,4.33
2025,Fall,Carnegie Institute of Technology,ECE,18898,D,"MOURA, JOSE",SPEC TPCS SIG PROC,Graduate,6,2,33.3%,8.00,5.00,5.00,5.00,4.50,5.00,5.00,5.00,5.00,5.00
2025,Fall,Carnegie Institute of Technology,ECE,18989,C,"BAIN, JAMES",INTRO GRAD STUDIES,Graduate,26,17,65.4%,2.00,4.87,4.87,4.87,4.87,4.87,4.87,4.73,4.87,4.63
2025,Fall,Carnegie Institute of Technology,ECE,18989,C,"SKOVIRA, HOLLY",INTRO GRAD STUDIES,Graduate,26,17,65.4%,2.00,4.65,4.71,4.88,4.63,4.75,4.75,4.81,4.69,4.44
2025,Fall,Carnegie Institute of Technology,ECE,18989,C,"DALY, JEANNETTE",INTRO GRAD STUDIES,Graduate,26,17,65.4%,2.00,4.75,4.81,4.88,4.63,4.75,4.75,4.88,4.69,4.47
2025,Fall,Dietrich College of Humanities and Social Sciences,ECO,73102,1,"BEST, JAMES",PRINCPLES OF MICROEC,Undergraduate,195,179,91.8%,6.41,4.51,4.42,4.41,4.29,4.45,4.37,4.70,4.42,4.33
2025,Fall,Dietrich College of Humanities and Social Sciences,ECO,73102,2,"BEST, JAMES",PRINCPLES OF MICROEC,Undergraduate,198,178,89.9%,6.48,4.52,4.59,4.50,4.32,4.53,4.48,4.78,4.48,4.45
2025,Fall,Dietrich College of Humanities and Social Sciences,ECO,73102,W,"INDACO, AGUSTIN",PRINCPLES OF MICROEC,Undergraduate,27,21,77.8%,10.43,4.29,4.05,4.29,3.71,4.43,3.86,4.71,4.00,3.81
2025,Fall,Dietrich College of Humanities and Social Sciences,ECO,73103,W,"CASTANO ZULUAGA, ANDRES",PRINCPLES OF MACROEC,Undergraduate,32,30,93.8%,9.00,4.60,4.60,4.57,4.33,4.73,4.57,4.63,4.53,4.47
2025,Fall,Dietrich College of Humanities and Social Sciences,ECO,73103,1,"ZETLIN-JONES, ARIEL",PRINCPLES OF MACROEC,Undergraduate,65,23,35.4%,6.17,4.65,4.70,4.78,4.26,4.78,4.70,4.74,4.70,4.61
2025,Fall,Dietrich College of Humanities and Social Sciences,ECO,73104,1,"BORANBAY AKAN, SERRA",PRIN OF MICRO ACCEL,Undergraduate,33,19,57.6%,7.74,4.84,4.58,4.58,4.42,4.58,4.37,5.00,4.53,4.47
2025,Fall,Dietrich College of Humanities and Social Sciences,ECO,73104,2,"BORANBAY AKAN, SERRA",PRIN OF MICRO ACCEL,Undergraduate,46,28,60.9%,5.96,4.78,4.52,4.59,4.48,4.41,4.33,4.89,4.67,4.46
2025,Fall,Dietrich College of Humanities and Social Sciences,ECO,73155,A,"SPEAR, STEPHEN",MKTS MDLS AND MATH,Undergraduate,16,3,18.8%,3.00,4.33,4.33,4.00,3.67,3.67,4.00,5.00,4.00,4.00
2025,Fall,Dietrich College of Humanities and Social Sciences,ECO,73230,W,"SAFAK, VELI",INTERMEDT MICRCOMCS,Undergraduate,30,18,60.0%,9.83,4.72,4.83,4.78,4.78,4.78,4.61,4.89,4.61,4.61
2025,Fall,Dietrich College of Humanities and Social Sciences,ECO,73230,1,"EROL, SELMAN",INTERMEDT MICRCOMCS,Undergraduate,68,28,41.2%,6.29,4.50,4.54,4.61,4.36,4.57,4.50,4.79,4.50,4.50
2025,Fall,Dietrich College of Humanities and Social Sciences,ECO,73230,2,"EROL, SELMAN",INTERMEDT MICRCOMCS,Undergraduate,67,32,47.8%,5.75,4.50,4.63,4.41,4.41,4.59,4.41,4.69,4.34,4.53
2025,Fall,Dietrich College of Humanities and Social Sciences,ECO,73240,1,"PRETNAR, Nicholas",INTERMD MACROECONOMC,Undergraduate,44,13,29.5%,9.46,4.15,4.77,4.50,4.58,4.67,4.54,4.69,4.46,4.54
2025,Fall,Dietrich College of Humanities and Social Sciences,ECO,73265,1,"MICHELINI, Martin",ECON & DATA SCIENCE,Undergraduate,30,16,53.3%,10.06,3.94,3.25,3.75,3.75,3.63,3.56,4.38,3.44,3.31
2025,Fall,Dietrich College of Humanities and Social Sciences,ECO,73265,W,"INDACO, AGUSTIN",ECON & DATA SCIENCE,Undergraduate,15,11,73.3%,8.00,4.91,4.73,4.82,5.00,4.82,4.73,4.82,4.82,4.91
2025,Fall,Dietrich College of Humanities and Social Sciences,ECO,73347,A,"SHOURIDEH, ALI",GAMETHRY APP ECO BUS,Undergraduate,32,16,50.0%,8.00,4.00,3.25,3.31,3.13,4.06,3.56,4.56,3.75,3.63
2025,Fall,Dietrich College of Humanities and Social Sciences,ECO,73352,A,"FONG, CHRISTINA",PUBLIC ECONOMICS,Undergraduate,28,7,25.0%,5.43,5.00,4.86,5.00,5.00,5.00,4.86,5.00,4.86,4.86
2025,Fall,Dietrich College of Humanities and Social Sciences,ECO,73369,W,"SAFAK, VELI",ISLAMIC ECON,Undergraduate,12,10,83.3%,8.00,5.00,4.90,5.00,5.00,5.00,4.90,5.00,4.90,4.70
2025,Fall,Dietrich College of Humanities and Social Sciences,ECO,73374,A,"PORTNYKH, MARGARITA",ECONOMETRICS II,Undergraduate,22,15,68.2%,6.80,4.80,4.73,4.73,4.80,4.93,4.80,5.00,4.73,4.80
2025,Fall,Dietrich College of Humanities and Social Sciences,ECO,73421,A,"SZTUTMAN, ANDRE",EMERGING MARKETS,Undergraduate,14,5,35.7%,8.00,4.80,4.60,4.80,4.60,5.00,4.60,5.00,4.80,4.60
2025,Fall,Dietrich College of Humanities and Social Sciences,ECO,73427,A,"MULLER, NICHOLAS",SUST ENRG & ENV ECON,Undergraduate,37,11,29.7%,5.00,4.91,4.82,4.82,4.73,4.82,4.73,4.91,4.82,4.82
2025,Fall,Dietrich College of Humanities and Social Sciences,ECO,73497,A,"GASPER, JOHN",SENIOR PROJECT,Undergraduate,15,5,33.3%,10.40,4.40,4.20,4.60,4.40,4.80,4.40,4.60,4.60,4.60
2025,Fall,Dietrich College of Humanities and Social Sciences,ENG,76100,X,"SQUIRES, JEFFREY",READ WRITE ACAD CNTX,Undergraduate,17,8,47.1%,7.63,4.63,3.88,4.25,4.50,4.13,4.38,4.75,4.38,3.75
2025,Fall,Dietrich College of Humanities and Social Sciences,ENG,76100,XX,"SQUIRES, JEFFREY",READ WRITE ACAD CNTX,Undergraduate,16,6,37.5%,6.50,4.33,4.17,4.67,4.00,4.50,4.17,4.67,4.33,4.33
2025,Fall,Dietrich College of Humanities and Social Sciences,ENG,76100,Y,"GOMEZ LAICH, MARIA PIA",READ WRITE ACAD CNTX,Undergraduate,16,12,75.0%,11.08,4.50,4.58,4.50,4.83,4.58,4.58,4.33,4.58,4.33
2025,Fall,Dietrich College of Humanities and Social Sciences,ENG,76100,W,"REYNOLDS, DUDLEY",READ WRITE ACAD CNTX,Undergraduate,17,12,70.6%,11.33,4.58,4.50,4.75,4.25,4.58,4.58,5.00,4.50,4.25
2025,Fall,Dietrich College of Humanities and Social Sciences,ENG,76100,Z,"QUEEN, MARY",READ WRITE ACAD CNTX,Undergraduate,19,16,84.2%,10.81,4.63,4.56,4.56,4.50,4.56,4.13,4.50,4.38,4.19
2025,Fall,Dietrich College of Humanities and Social Sciences,ENG,76100,ZZ,"QUEEN, MARY",READ WRITE ACAD CNTX,Undergraduate,20,17,85.0%,10.47,4.12,4.06,3.94,4.12,4.00,4.12,4.35,3.94,3.71
2025,Fall,Dietrich College of Humanities and Social Sciences,ENG,76100,E,"WRIGHT, HEIDI",READ WRITE ACAD CNTX,Undergraduate,14,4,28.6%,5.75,4.50,4.25,4.25,4.25,4.50,4.50,4.50,4.25,4.25
2025,Fall,Dietrich College of Humanities and Social Sciences,ENG,76100,F,"WRIGHT, HEIDI",READ WRITE ACAD CNTX,Undergraduate,15,7,46.7%,6.71,4.00,3.57,3.86,3.71,3.86,4.00,3.86,3.57,3.57
2025,Fall,Dietrich College of Humanities and Social Sciences,ENG,76100,A,"YOON, JUNGWAN",READ WRITE ACAD CNTX,Undergraduate,7,6,85.7%,11.17,5.00,5.00,5.00,4.83,5.00,5.00,5.00,5.00,5.00
2025,Fall,Dietrich College of Humanities and Social Sciences,ENG,76100,I,"CHANG, Rose",READ WRITE ACAD CNTX,Undergraduate,6,3,50.0%,7.00,5.00,5.00,4.67,5.00,4.67,5.00,5.00,5.00,5.00
2025,Fall,Dietrich College of Humanities and Social Sciences,ENG,76101,PP,"MULVIHILL, Rachael",INTERPRETN & ARGMNT,Undergraduate,18,16,88.9%,6.50,4.94,4.94,4.75,4.88,4.69,4.81,4.94,4.94,4.88
2025,Fall,Dietrich College of Humanities and Social Sciences,ENG,76101,M,"SUDIA, Stephen",INTERPRETN & ARGMNT,Undergraduate,19,8,42.1%,5.75,4.75,4.50,4.38,5.00,4.38,4.50,4.88,4.63,4.00
2025,Fall,Dietrich College of Humanities and Social Sciences,ENG,76101,JJ,"DIETERICH, Elizabeth",INTERPRETN & ARGMNT,Undergraduate,17,12,70.6%,6.00,4.75,4.75,4.42,4.75,4.83,4.58,4.83,4.75,4.58
2025,Fall,Dietrich College of Humanities and Social Sciences,ENG,76101,N,"DIETERICH, Elizabeth",INTERPRETN & ARGMNT,Undergraduate,19,7,36.8%,5.43,4.57,4.43,4.57,4.71,4.29,4.43,4.57,4.57,4.29
2025,Fall,Dietrich College of Humanities and Social Sciences,ENG,76101,C,"KOHLER, ALAN",INTERPRETN & ARGMNT,Undergraduate,18,10,55.6%,5.90,5.00,4.90,5.00,4.90,4.90,4.90,5.00,5.00,4.90
2025,Fall,Dietrich College of Humanities and Social Sciences,ENG,76101,MM,"SALEHZADEH, JULIA",INTERPRETN & ARGMNT,Undergraduate,19,13,68.4%,5.23,4.00,3.77,3.85,4.23,4.15,3.77,3.92,3.77,3.46
2025,Fall,Dietrich College of Humanities and Social Sciences,ENG,76101,Q,"SALEHZADEH, JULIA",INTERPRETN & ARGMNT,Undergraduate,17,11,64.7%,8.00,4.45,4.27,4.36,4.55,4.45,4.45,4.82,4.27,3.91
2025,Fall,Dietrich College of Humanities and Social Sciences,ENG,76101,J,"EVANS, Catherine",INTERPRETN & ARGMNT,Undergraduate,19,14,73.7%,5.86,4.79,4.79,4.71,4.79,4.57,4.57,4.86,4.79,4.36
2025,Fall,Dietrich College of Humanities and Social Sciences,ENG,76101,K,"PAL-AGRAWAL, JULIE",INTERPRETN & ARGMNT,Undergraduate,19,19,100.0%,7.11,4.68,4.32,4.47,4.63,4.53,4.32,4.32,4.53,4.32
2025,Fall,Dietrich College of Humanities and Social Sciences,ENG,76101,LL,"PAL-AGRAWAL, JULIE",INTERPRETN & ARGMNT,Undergraduate,18,18,100.0%,6.83,4.83,4.83,4.72,4.83,4.72,4.78,4.61,4.78,4.61
2025,Fall,Dietrich College of Humanities and Social Sciences,ENG,76101,A,"MAYSHLE, PETER",INTERPRETN & ARGMNT,Undergraduate,18,15,83.3%,7.00,4.53,4.40,4.27,4.27,4.20,4.53,5.00,4.27,4.13
2025,Fall,Dietrich College of Humanities and Social Sciences,ENG,76101,B,"MAYSHLE, PETER",INTERPRETN & ARGMNT,Undergraduate,19,16,84.2%,5.56,4.44,4.44,4.38,4.44,4.50,4.56,4.69,4.56,4.38
2025,Fall,Dietrich College of Humanities and Social Sciences,ENG,76101,AA,"WIGGINTON, REBECCA",INTERPRETN & ARGMNT,Undergraduate,19,11,57.9%,8.82,4.36,4.09,4.30,4.60,4.20,4.09,4.91,4.45,3.73
2025,Fall,Dietrich College of Humanities and Social Sciences,ENG,76101,BB,"NOVOSAT, COURTNEY",INTERPRETN & ARGMNT,Undergraduate,19,8,42.1%,7.25,4.63,4.38,4.50,4.50,4.25,4.38,4.63,4.25,4.00
2025,Fall,Dietrich College of Humanities and Social Sciences,ENG,76101,GG,"COMISKEY, ANDREA",INTERPRETN & ARGMNT,Undergraduate,18,16,88.9%,8.63,3.81,4.06,4.31,4.00,4.31,4.19,4.25,3.75,3.63
2025,Fall,Dietrich College of Humanities and Social Sciences,ENG,76101,I,"COMISKEY, ANDREA",INTERPRETN & ARGMNT,Undergraduate,19,17,89.5%,8.00,3.65,3.71,3.76,3.53,3.65,3.53,4.18,3.53,3.41
2025,Fall,Dietrich College of Humanities and Social Sciences,ENG,76101,F,"GASSON, ROCHEL",INTERPRETN & ARGMNT,Undergraduate,18,10,55.6%,6.20,4.67,4.33,4.11,4.56,4.00,4.22,4.67,4.56,4.00
2025,Fall,Dietrich College of Humanities and Social Sciences,ENG,76101,NN,"GASSON, ROCHEL",INTERPRETN & ARGMNT,Undergraduate,20,9,45.0%,7.00,5.00,4.89,5.00,4.89,4.89,4.89,4.89,4.78,4.78
2025,Fall,Dietrich College of Humanities and Social Sciences,ENG,76101,O,"GASSON, ROCHEL",INTERPRETN & ARGMNT,Undergraduate,19,10,52.6%,5.30,4.30,4.20,4.00,4.40,4.30,4.20,4.70,4.10,3.80
2025,Fall,Dietrich College of Humanities and Social Sciences,ENG,76101,HH,"STRICKLAND, SETH",INTERPRETN & ARGMNT,Undergraduate,17,16,94.1%,9.31,3.50,3.19,3.40,3.53,3.53,3.06,4.06,3.06,2.88
2025,Fall,Dietrich College of Humanities and Social Sciences,ENG,76101,D,"SZALKOWSKI-FERENCE, CHAD",INTERPRETN & ARGMNT,Undergraduate,19,13,68.4%,4.08,4.85,4.92,4.85,4.46,4.54,4.62,5.00,4.77,4.62
2025,Fall,Dietrich College of Humanities and Social Sciences,ENG,76101,E,"SZALKOWSKI-FERENCE, CHAD",INTERPRETN & ARGMNT,Undergraduate,19,6,31.6%,5.50,4.83,5.00,5.00,4.50,4.67,4.83,5.00,5.00,4.83
2025,Fall,Dietrich College of Humanities and Social Sciences,ENG,76101,EE,"SZALKOWSKI-FERENCE, CHAD",INTERPRETN & ARGMNT,Undergraduate,19,12,63.2%,5.75,4.58,4.67,4.75,4.33,4.58,4.50,4.83,4.83,4.50
2025,Fall,Dietrich College of Humanities and Social Sciences,ENG,76101,G,"MYERS, KAT",INTERPRETN & ARGMNT,Undergraduate,19,18,94.7%,7.67,4.44,4.72,4.78,4.50,4.39,4.44,4.56,4.56,4.28
2025,Fall,Dietrich College of Humanities and Social Sciences,ENG,76101,H,"MYERS, KAT",INTERPRETN & ARGMNT,Undergraduate,19,19,100.0%,5.17,4.61,4.61,4.67,4.67,4.39,4.67,4.83,4.61,4.44
2025,Fall,Dietrich College of Humanities and Social Sciences,ENG,76101,CC,"LUCHINI, ANTHONY",INTERPRETN & ARGMNT,Undergraduate,19,9,47.4%,6.00,4.89,4.67,4.78,4.89,4.44,4.67,4.89,4.89,4.56
2025,Fall,Dietrich College of Humanities and Social Sciences,ENG,76101,OO,"LUCHINI, ANTHONY",INTERPRETN & ARGMNT,Undergraduate,19,10,52.6%,6.80,4.90,4.70,4.60,4.60,4.60,4.40,5.00,4.70,4.60
2025,Fall,Dietrich College of Humanities and Social Sciences,ENG,76101,P,"LUCHINI, ANTHONY",INTERPRETN & ARGMNT,Undergraduate,19,15,78.9%,6.20,4.93,4.67,4.73,4.67,4.67,4.67,5.00,4.93,5.00
2025,Fall,Dietrich College of Humanities and Social Sciences,ENG,76101,L,"MICHIELS, PAUL",INTERPRETN & ARGMNT,Undergraduate,18,17,94.4%,5.88,5.00,4.82,4.76,5.00,4.71,4.65,5.00,4.82,4.71
2025,Fall,Dietrich College of Humanities and Social Sciences,ENG,76101,W,"PESSOA, SILVIA",INTERPRETN & ARGMNT,Undergraduate,13,10,76.9%,8.30,4.90,4.80,4.70,4.60,4.60,4.80,4.90,4.70,4.50
2025,Fall,Dietrich College of Humanities and Social Sciences,ENG,76101,DD,"CARLOCK, JANINE",INTERPRETN & ARGMNT,Undergraduate,19,13,68.4%,6.85,4.62,4.46,4.62,4.62,4.46,4.38,4.77,4.46,4.38
2025,Fall,Dietrich College of Humanities and Social Sciences,ENG,76101,FF,"CARLOCK, JANINE",INTERPRETN & ARGMNT,Undergraduate,17,13,76.5%,7.08,4.46,4.23,4.38,4.62,4.23,4.23,4.69,4.25,4.15
2025,Fall,Dietrich College of Humanities and Social Sciences,ENG,76101,II,"ROWLEY, Robyn",INTERPRETN & ARGMNT,Undergraduate,18,10,55.6%,6.50,4.70,4.70,4.60,4.40,4.70,4.60,4.80,4.70,4.40
2025,Fall,Dietrich College of Humanities and Social Sciences,ENG,76101,KK,"ROWLEY, Robyn",INTERPRETN & ARGMNT,Undergraduate,19,8,42.1%,7.25,4.38,4.50,4.38,4.50,4.50,4.50,4.75,4.63,4.25
2025,Fall,Dietrich College of Humanities and Social Sciences,ENG,76102,B,"WETZEL, DANIELLE",ADV FY WRITING,Undergraduate,20,10,50.0%,9.50,5.00,4.10,4.30,4.70,4.80,4.50,4.90,4.60,4.50
2025,Fall,Dietrich College of Humanities and Social Sciences,ENG,76106,F1,"STRICKLAND, SETH",WRTNG ABT LIT/ART,Undergraduate,15,6,40.0%,7.50,4.67,3.83,4.00,3.83,4.33,3.83,3.67,4.33,4.33
2025,Fall,Dietrich College of Humanities and Social Sciences,ENG,76106,G1,"STRICKLAND, SETH",WRTNG ABT LIT/ART,Undergraduate,13,9,69.2%,5.33,4.11,3.44,3.33,3.44,3.89,3.78,4.67,3.78,3.56
2025,Fall,Dietrich College of Humanities and Social Sciences,ENG,76106,F2,"STRICKLAND, SETH",WRTNG ABT LIT/ART,Undergraduate,17,17,100.0%,6.76,4.29,3.88,4.12,4.29,4.12,4.24,4.18,4.12,3.76
2025,Fall,Dietrich College of Humanities and Social Sciences,ENG,76106,G2,"STRICKLAND, SETH",WRTNG ABT LIT/ART,Undergraduate,8,7,87.5%,6.71,4.71,4.29,4.14,4.14,4.14,4.71,4.86,4.57,4.00
2025,Fall,Dietrich College of Humanities and Social Sciences,ENG,76106,B2,"WIGGINTON, REBECCA",WRTNG ABT LIT/ART,Undergraduate,18,6,33.3%,6.50,4.50,4.67,4.83,4.50,4.33,4.33,4.83,4.50,4.67
2025,Fall,Dietrich College of Humanities and Social Sciences,ENG,76106,D2,"WIGGINTON, REBECCA",WRTNG ABT LIT/ART,Undergraduate,18,4,22.2%,4.25,4.50,4.50,4.50,4.25,4.25,4.50,4.50,4.25,4.00
2025,Fall,Dietrich College of Humanities and Social Sciences,ENG,76106,B1,"WIGGINTON, REBECCA",WRTNG ABT LIT/ART,Undergraduate,18,7,38.9%,8.43,4.71,4.57,4.57,4.71,4.71,4.57,4.86,4.86,4.29
2025,Fall,Dietrich College of Humanities and Social Sciences,ENG,76106,D1,"WIGGINTON, REBECCA",WRTNG ABT LIT/ART,Undergraduate,19,7,36.8%,6.71,4.57,3.57,3.86,4.43,4.00,4.17,4.83,4.29,3.71
2025,Fall,Dietrich College of Humanities and Social Sciences,ENG,76106,C1,"JOHNSON, Emma",WRTNG ABT LIT/ART,Undergraduate,19,9,47.4%,5.00,4.67,4.67,4.78,4.78,4.56,4.78,4.89,4.78,4.78
2025,Fall,Dietrich College of Humanities and Social Sciences,ENG,76106,C2,"JOHNSON, Emma",WRTNG ABT LIT/ART,Undergraduate,17,2,11.8%,5.00,5.00,5.00,5.00,5.00,5.00,5.00,5.00,5.00,5.00
2025,Fall,Dietrich College of Humanities and Social Sciences,ENG,76106,A1,"ACEVES, Henry",WRTNG ABT LIT/ART,Undergraduate,18,12,66.7%,6.25,4.83,4.83,4.75,4.92,4.75,4.75,5.00,4.83,4.67
2025,Fall,Dietrich College of Humanities and Social Sciences,ENG,76106,A2,"ACEVES, Henry",WRTNG ABT LIT/ART,Undergraduate,19,11,57.9%,5.82,4.91,4.91,4.73,4.73,4.64,4.73,4.91,4.82,4.82
2025,Fall,Dietrich College of Humanities and Social Sciences,ENG,76107,G1,"FERRATO, Maria",WRTG ABOUT DATA,Undergraduate,17,13,76.5%,6.85,4.85,4.77,4.85,4.69,4.54,4.54,5.00,4.85,4.77
2025,Fall,Dietrich College of Humanities and Social Sciences,ENG,76107,G2,"FERRATO, Maria",WRTG ABOUT DATA,Undergraduate,18,13,72.2%,7.31,4.77,4.46,4.69,4.92,4.62,4.46,4.77,4.62,4.38
2025,Fall,Dietrich College of Humanities and Social Sciences,ENG,76107,A1,"GILBERT, Kiera",WRTG ABOUT DATA,Undergraduate,19,9,47.4%,8.33,4.67,4.22,4.11,4.67,4.22,4.44,4.78,4.22,4.22
2025,Fall,Dietrich College of Humanities and Social Sciences,ENG,76107,B1,"GILBERT, Kiera",WRTG ABOUT DATA,Undergraduate,17,13,76.5%,7.54,4.85,4.54,4.62,4.85,4.69,4.77,4.85,4.62,4.38
2025,Fall,Dietrich College of Humanities and Social Sciences,ENG,76107,A2,"GILBERT, Kiera",WRTG ABOUT DATA,Undergraduate,18,12,66.7%,9.08,4.33,4.45,4.18,4.18,3.91,4.00,4.45,4.18,4.09
2025,Fall,Dietrich College of Humanities and Social Sciences,ENG,76107,B2,"GILBERT, Kiera",WRTG ABOUT DATA,Undergraduate,17,8,47.1%,7.25,4.25,4.63,4.13,4.75,4.00,4.38,4.63,4.50,3.88
2025,Fall,Dietrich College of Humanities and Social Sciences,ENG,76107,D1,"MANSFIELD, Sarah",WRTG ABOUT DATA,Undergraduate,19,8,42.1%,5.00,4.75,4.38,4.63,4.88,4.50,4.25,4.75,4.50,4.13
2025,Fall,Dietrich College of Humanities and Social Sciences,ENG,76107,D2,"MANSFIELD, Sarah",WRTG ABOUT DATA,Undergraduate,19,12,63.2%,4.75,4.33,4.33,4.25,4.17,4.00,4.25,4.67,4.00,3.75
2025,Fall,Dietrich College of Humanities and Social Sciences,ENG,76107,C2,"WRIGHT, HEIDI",WRTG ABOUT DATA,Undergraduate,17,6,35.3%,8.50,4.33,4.17,4.17,4.33,4.00,4.33,4.33,4.17,3.83
2025,Fall,Dietrich College of Humanities and Social Sciences,ENG,76107,C1,"WRIGHT, HEIDI",WRTG ABOUT DATA,Undergraduate,17,10,58.8%,8.00,3.70,4.20,4.20,4.00,3.90,3.90,3.40,3.50,3.60
2025,Fall,Dietrich College of Humanities and Social Sciences,ENG,76107,E1,"YOON, JUNGWAN",WRTG ABOUT DATA,Undergraduate,18,13,72.2%,7.31,4.92,4.77,4.85,4.77,4.54,4.85,5.00,4.77,4.31
2025,Fall,Dietrich College of Humanities and Social Sciences,ENG,76107,F1,"YOON, JUNGWAN",WRTG ABOUT DATA,Undergraduate,16,13,81.3%,6.85,4.85,4.31,4.54,4.46,4.85,4.46,4.85,4.62,4.54
2025,Fall,Dietrich College of Humanities and Social Sciences,ENG,76107,F2,"HILEMAN, Natalie",WRTG ABOUT DATA,Undergraduate,18,14,77.8%,7.64,4.43,4.29,4.29,4.14,4.00,4.31,4.85,4.23,4.15
2025,Fall,Dietrich College of Humanities and Social Sciences,ENG,76107,E2,"FALEYIMU, Mercy",WRTG ABOUT DATA,Undergraduate,18,12,66.7%,6.50,4.50,4.33,4.33,4.50,4.67,4.42,4.75,4.42,4.42
2025,Fall,Dietrich College of Humanities and Social Sciences,ENG,76108,F2,"MONTUFAR, Cecilia",WRTG ABT PUB PROBS,Undergraduate,16,4,25.0%,5.00,4.50,4.00,4.25,4.50,4.75,4.25,5.00,4.25,4.25
2025,Fall,Dietrich College of Humanities and Social Sciences,ENG,76108,C1,"NGUYEN, MADELINE",WRTG ABT PUB PROBS,Undergraduate,19,13,68.4%,7.77,4.85,4.69,4.77,4.31,4.77,4.69,4.92,4.69,4.62
2025,Fall,Dietrich College of Humanities and Social Sciences,ENG,76108,G1,"NGUYEN, MADELINE",WRTG ABT PUB PROBS,Undergraduate,17,7,41.2%,6.71,4.71,4.14,4.43,4.00,4.43,4.29,5.00,4.14,4.29
2025,Fall,Dietrich College of Humanities and Social Sciences,ENG,76108,C2,"NGUYEN, MADELINE",WRTG ABT PUB PROBS,Undergraduate,19,8,42.1%,7.25,4.25,3.75,3.63,3.63,3.75,3.50,4.25,3.88,3.38
2025,Fall,Dietrich College of Humanities and Social Sciences,ENG,76108,G2,"NGUYEN, MADELINE",WRTG ABT PUB PROBS,Undergraduate,19,4,21.1%,5.00,4.25,4.75,4.50,4.75,4.25,4.50,5.00,4.75,4.25
2025,Fall,Dietrich College of Humanities and Social Sciences,ENG,76108,A1,"KIDDER, Julie",WRTG ABT PUB PROBS,Undergraduate,18,16,88.9%,7.80,4.27,3.87,3.93,3.53,3.87,4.20,4.40,3.93,3.87
2025,Fall,Dietrich College of Humanities and Social Sciences,ENG,76108,B1,"KIDDER, Julie",WRTG ABT PUB PROBS,Undergraduate,19,19,100.0%,8.32,4.11,3.42,3.74,3.58,4.05,3.89,4.68,3.47,3.32
2025,Fall,Dietrich College of Humanities and Social Sciences,ENG,76108,A2,"KIDDER, Julie",WRTG ABT PUB PROBS,Undergraduate,18,16,88.9%,8.56,4.06,3.75,3.88,3.75,4.06,3.94,4.19,3.56,3.50
2025,Fall,Dietrich College of Humanities and Social Sciences,ENG,76108,B2,"KIDDER, Julie",WRTG ABT PUB PROBS,Undergraduate,15,10,66.7%,9.20,4.30,3.80,4.10,3.90,4.10,4.00,4.60,3.80,3.50
2025,Fall,Dietrich College of Humanities and Social Sciences,ENG,76108,E2,"NOVOSAT, COURTNEY",WRTG ABT PUB PROBS,Undergraduate,19,11,57.9%,5.82,4.45,4.27,4.45,4.36,4.18,4.36,4.82,4.36,4.09
2025,Fall,Dietrich College of Humanities and Social Sciences,ENG,76108,E1,"NOVOSAT, COURTNEY",WRTG ABT PUB PROBS,Undergraduate,16,9,56.3%,5.67,4.89,4.11,4.33,4.67,4.67,4.33,5.00,4.67,4.33
2025,Fall,Dietrich College of Humanities and Social Sciences,ENG,76108,F1,"NOVOSAT, COURTNEY",WRTG ABT PUB PROBS,Undergraduate,17,8,47.1%,8.75,4.38,4.25,4.25,4.38,4.13,4.25,4.88,4.25,3.88
2025,Fall,Dietrich College of Humanities and Social Sciences,ENG,76108,D2,"CARLOCK, JANINE",WRTG ABT PUB PROBS,Undergraduate,16,13,81.3%,7.08,4.69,4.38,4.38,4.38,4.46,4.00,4.54,4.31,4.23
2025,Fall,Dietrich College of Humanities and Social Sciences,ENG,76108,D1,"CARLOCK, JANINE",WRTG ABT PUB PROBS,Undergraduate,18,5,27.8%,6.20,4.80,4.40,4.60,4.40,4.60,4.60,4.80,4.40,4.40
2025,Fall,Dietrich College of Humanities and Social Sciences,ENG,76207,A,"DELUCA, Laura",SPEC TPCS LIT & CULT,Undergraduate,5,4,80.0%,8.00,5.00,5.00,5.00,5.00,4.75,4.75,4.75,4.75,4.50
2025,Fall,Dietrich College of Humanities and Social Sciences,ENG,76207,B,"SIMON, EDWARD",SPEC TPCS LIT & CULT,Undergraduate,7,7,100.0%,7.57,4.43,4.29,4.43,4.14,4.71,4.83,4.83,4.83,4.83
2025,Fall,Dietrich College of Humanities and Social Sciences,ENG,76211,A,"IDZIK, Sarah",MODEL MINORITIES?,Undergraduate,16,11,68.8%,6.09,4.82,4.73,4.82,4.36,4.82,4.64,4.64,4.73,4.73
2025,Fall,Dietrich College of Humanities and Social Sciences,ENG,76219,A,"COULSON, DOUGLAS",LAW & BLAME,Undergraduate,11,9,81.8%,5.00,4.22,4.44,4.33,4.22,4.78,4.44,4.78,4.33,4.33
2025,Fall,Dietrich College of Humanities and Social Sciences,ENG,76220,A,"WASSIF, MARIAM",MYSTERY,Undergraduate,10,7,70.0%,6.29,4.86,4.71,4.57,4.86,4.86,4.86,4.71,4.71,4.71
2025,Fall,Dietrich College of Humanities and Social Sciences,ENG,76221,A,"MORACK, Chap",BOOKS READ BY NOW,Undergraduate,8,2,25.0%,5.00,5.00,5.00,4.50,5.00,4.50,4.00,5.00,5.00,5.00
2025,Fall,Dietrich College of Humanities and Social Sciences,ENG,76221,B,"MAKONNEN, ATESEDE",BOOKS READ BY NOW,Undergraduate,9,8,88.9%,6.13,5.00,5.00,4.88,4.88,5.00,4.88,5.00,4.75,4.88
2025,Fall,Dietrich College of Humanities and Social Sciences,ENG,76239,A,"HINKELMAN, JEFFREY",MEDIA/FILM STUDIES,Undergraduate,31,15,48.4%,6.80,4.67,4.27,4.53,3.93,4.80,4.27,4.53,4.53,4.47
2025,Fall,Dietrich College of Humanities and Social Sciences,ENG,76241,A,"ROWLEY, Robyn",GENDER STUDIES,Undergraduate,17,12,70.6%,5.50,4.83,4.58,4.83,4.58,4.92,4.92,5.00,4.83,4.83
2025,Fall,Dietrich College of Humanities and Social Sciences,ENG,76245,A,"WITTEK, STEPHEN",SHAKESPR TRGD & HIST,Undergraduate,19,2,10.5%,5.00,5.00,5.00,5.00,5.00,5.00,5.00,5.00,5.00,5.00
2025,Fall,Dietrich College of Humanities and Social Sciences,ENG,76251,A,"MCCAFFERTY, JANE",EXPLR CRTV WRT CMTY,Undergraduate,18,3,16.7%,6.00,5.00,5.00,5.00,5.00,5.00,5.00,5.00,5.00,5.00
2025,Fall,Dietrich College of Humanities and Social Sciences,ENG,76259,A,"SHUMWAY, DAVID",FILM HISTORY,Undergraduate,8,5,62.5%,8.00,3.60,3.40,4.20,2.80,3.60,3.80,4.00,4.00,3.60
2025,Fall,Dietrich College of Humanities and Social Sciences,ENG,76260,A,"LEMANSKI, DADE",INTRO WRTNG FICTION,Undergraduate,12,5,41.7%,4.40,4.80,3.60,3.60,3.00,4.80,4.20,5.00,4.40,4.00
2025,Fall,Dietrich College of Humanities and Social Sciences,ENG,76260,B,"SANCHEZ, SANTIAGO",INTRO WRTNG FICTION,Undergraduate,15,12,80.0%,7.00,4.83,4.75,4.67,4.92,4.50,4.83,5.00,4.83,5.00
2025,Fall,Dietrich College of Humanities and Social Sciences,ENG,76265,B,"RANKINE, CAMILLE",INTRO WRIT POETRY,Undergraduate,18,5,27.8%,7.40,4.20,4.60,4.00,4.40,4.00,4.20,4.40,4.00,4.20
2025,Fall,Dietrich College of Humanities and Social Sciences,ENG,76265,A,"SHAPIRO, LAUREN",INTRO WRIT POETRY,Undergraduate,17,12,70.6%,5.25,4.75,4.75,4.75,4.75,4.67,4.75,4.83,4.67,4.83
2025,Fall,Dietrich College of Humanities and Social Sciences,ENG,76268,A,"MAKONNEN, ATESEDE",COMC BKS & POP CULT,Undergraduate,18,9,50.0%,5.00,5.00,5.00,5.00,4.78,5.00,4.89,5.00,5.00,5.00
2025,Fall,Dietrich College of Humanities and Social Sciences,ENG,76269,B,"SWOFFORD, ANTHONY",INTRO SCREENWRITING,Undergraduate,19,10,52.6%,5.00,4.70,4.50,4.50,4.80,4.80,4.70,4.70,4.70,4.80
2025,Fall,Dietrich College of Humanities and Social Sciences,ENG,76270,M,"MICHIELS, PAUL",WRITNG FOR PROFSNS,Undergraduate,19,18,94.7%,5.50,5.00,4.89,4.94,4.89,4.89,4.89,5.00,4.94,4.94
2025,Fall,Dietrich College of Humanities and Social Sciences,ENG,76270,N,"MICHIELS, PAUL",WRITNG FOR PROFSNS,Undergraduate,19,16,84.2%,5.00,4.88,4.69,4.88,4.81,4.81,4.81,4.94,4.88,4.69
2025,Fall,Dietrich College of Humanities and Social Sciences,ENG,76270,C,"MARKEY, Ben",WRITNG FOR PROFSNS,Undergraduate,19,11,57.9%,5.82,4.73,4.73,4.73,4.91,4.82,4.82,4.91,4.73,4.73
2025,Fall,Dietrich College of Humanities and Social Sciences,ENG,76270,G,"MARKEY, Ben",WRITNG FOR PROFSNS,Undergraduate,18,15,83.3%,5.80,4.87,4.87,4.87,4.73,4.73,4.80,4.93,4.80,4.73
2025,Fall,Dietrich College of Humanities and Social Sciences,ENG,76270,D,"KOHLER, ALAN",WRITNG FOR PROFSNS,Undergraduate,16,8,50.0%,5.75,4.88,4.75,4.75,4.75,4.63,4.63,4.88,4.75,4.50
2025,Fall,Dietrich College of Humanities and Social Sciences,ENG,76270,F,"KOHLER, ALAN",WRITNG FOR PROFSNS,Undergraduate,18,11,61.1%,4.73,5.00,4.91,4.91,4.64,4.91,4.91,5.00,4.91,4.91
2025,Fall,Dietrich College of Humanities and Social Sciences,ENG,76270,L,"GEORGE, BARBARA",WRITNG FOR PROFSNS,Undergraduate,19,7,36.8%,6.29,5.00,4.71,4.71,4.86,4.71,4.86,5.00,4.57,4.57
2025,Fall,Dietrich College of Humanities and Social Sciences,ENG,76270,E,"MAYSHLE, PETER",WRITNG FOR PROFSNS,Undergraduate,18,15,83.3%,5.60,4.53,4.53,4.53,4.20,4.40,4.40,4.80,4.33,4.33
2025,Fall,Dietrich College of Humanities and Social Sciences,ENG,76270,J,"PAL-AGRAWAL, JULIE",WRITNG FOR PROFSNS,Undergraduate,10,10,100.0%,4.70,4.80,4.40,4.70,4.80,4.90,4.90,4.60,4.70,4.60
2025,Fall,Dietrich College of Humanities and Social Sciences,ENG,76270,A,"GORDON, ANDREW",WRITNG FOR PROFSNS,Undergraduate,13,6,46.2%,5.00,4.33,4.50,4.67,4.50,4.67,4.67,4.83,4.50,4.50
2025,Fall,Dietrich College of Humanities and Social Sciences,ENG,76270,B,"GORDON, ANDREW",WRITNG FOR PROFSNS,Undergraduate,16,7,43.8%,7.57,5.00,4.86,5.00,4.57,4.86,4.71,4.86,4.86,4.71
2025,Fall,Dietrich College of Humanities and Social Sciences,ENG,76270,K,"GORDON, ANDREW",WRITNG FOR PROFSNS,Undergraduate,15,4,26.7%,5.00,4.75,4.25,4.75,4.00,4.50,4.25,4.50,4.50,4.25
2025,Fall,Dietrich College of Humanities and Social Sciences,ENG,76270,H,"MCCANN, Laura",WRITNG FOR PROFSNS,Undergraduate,17,16,94.1%,5.75,4.81,4.94,4.88,4.81,4.88,4.88,4.88,4.88,4.88
2025,Fall,Dietrich College of Humanities and Social Sciences,ENG,76270,I,"MCCANN, Laura",WRITNG FOR PROFSNS,Undergraduate,18,10,55.6%,6.80,5.00,4.90,4.90,4.90,5.00,4.90,4.90,5.00,4.80
2025,Fall,Dietrich College of Humanities and Social Sciences,ENG,76270,X,"DREHER, KIRA",WRITNG FOR PROFSNS,Undergraduate,13,9,69.2%,8.67,4.78,3.11,3.78,3.89,4.33,4.11,5.00,3.89,3.33
2025,Fall,Dietrich College of Humanities and Social Sciences,ENG,76270,W,"MITCHELL, THOMAS",WRITNG FOR PROFSNS,Undergraduate,16,11,68.8%,9.09,4.36,3.91,4.09,4.00,3.91,3.91,4.64,4.18,3.73
2025,Fall,Dietrich College of Humanities and Social Sciences,ENG,76275,A,"AGUIAR, MARIAN",INTRO CRITCAL WRIT,Undergraduate,18,3,16.7%,4.00,3.67,3.33,3.33,3.67,3.00,3.00,3.50,2.00,3.00
2025,Fall,Dietrich College of Humanities and Social Sciences,ENG,76278,A,"ZHAN, BO",JAPANESE FLM LIT,Undergraduate,5,4,80.0%,3.50,4.25,4.25,4.00,4.25,3.75,3.75,4.25,3.50,3.75
2025,Fall,Dietrich College of Humanities and Social Sciences,ENG,76278,B,"ZHAN, BO",JAPANESE FLM LIT,Undergraduate,2,2,100.0%,5.00,4.50,5.00,5.00,4.50,4.50,4.50,5.00,5.00,5.00
2025,Fall,Dietrich College of Humanities and Social Sciences,ENG,76285,A2,"PIZA, ROD",AI FILMMAKING,Undergraduate,9,2,22.2%,5.00,5.00,4.00,4.50,4.50,4.00,3.50,5.00,4.50,5.00
2025,Fall,Dietrich College of Humanities and Social Sciences,ENG,76292,A,"STROLLO, ISABELLE",INTRO FILM PROD,Undergraduate,18,9,50.0%,6.33,4.89,4.56,4.56,4.78,4.67,4.44,4.89,4.67,4.78
2025,Fall,Dietrich College of Humanities and Social Sciences,ENG,76295,A,"KATS, NAUM",RSSN CNMA BLSK PTN,Undergraduate,9,3,33.3%,6.00,5.00,5.00,5.00,5.00,5.00,5.00,5.00,5.00,5.00
2025,Fall,Dietrich College of Humanities and Social Sciences,ENG,76302,A1,"MESSURI, KRISTIN",CST PRACTICUM,Undergraduate,5,2,40.0%,5.00,4.50,3.50,4.00,3.50,4.00,3.50,4.50,3.50,4.00
2025,Fall,Dietrich College of Humanities and Social Sciences,ENG,76306,A,"GREFENSTETTE, JAKE",EDITING & PUBLISH,Undergraduate,9,4,44.4%,7.25,4.75,4.75,5.00,4.75,4.75,4.75,5.00,5.00,5.00
2025,Fall,Dietrich College of Humanities and Social Sciences,ENG,76307,A,"GREFENSTETTE, JAKE",ADV EDITNG & PBLSHNG,Undergraduate,4,3,75.0%,6.00,4.33,4.00,4.33,4.33,4.33,4.33,4.33,4.33,4.33
2025,Fall,Dietrich College of Humanities and Social Sciences,ENG,76320,A,"SWOFFORD, ANTHONY",WRITERS RM TV WRITG,Undergraduate,9,4,44.4%,5.75,5.00,5.00,5.00,4.50,4.75,4.50,5.00,5.00,5.00
2025,Fall,Dietrich College of Humanities and Social Sciences,ENG,76339,A,"GEMBONI, GIUSEPPINA",TOPICS IN FILM/MEDIA,Undergraduate,3,2,66.7%,5.00,5.00,5.00,5.00,5.00,4.50,5.00,5.00,5.00,5.00
2025,Fall,Dietrich College of Humanities and Social Sciences,ENG,76339,B,"NIANG, MAME-FATOU",TOPICS IN FILM/MEDIA,Undergraduate,2,1,50.0%,5.00,5.00,5.00,5.00,5.00,5.00,5.00,5.00,5.00,5.00
2025,Fall,Dietrich College of Humanities and Social Sciences,ENG,76341,A,"WASSIF, MARIAM",RACE GNDER JANE AUST,Undergraduate,10,9,90.0%,8.00,5.00,5.00,5.00,5.00,5.00,5.00,5.00,5.00,5.00
2025,Fall,Dietrich College of Humanities and Social Sciences,ENG,76348,A,"DILWORTH, SHARON",ADAPT: FCTN TO FILM,Undergraduate,10,6,60.0%,5.50,4.50,3.67,4.33,4.50,4.33,4.50,4.83,4.33,4.33
2025,Fall,Dietrich College of Humanities and Social Sciences,ENG,76358,A,"VITUCCIO, RALPH",MAKING THE DOC,Undergraduate,5,1,20.0%,5.00,5.00,3.00,3.00,4.00,5.00,4.00,5.00,5.00,5.00
2025,Fall,Dietrich College of Humanities and Social Sciences,ENG,76363,A,"SHAPIRO, LAUREN",RDG FRMS: POETRY,Undergraduate,10,5,50.0%,6.80,5.00,4.80,5.00,5.00,5.00,4.80,5.00,4.80,4.80
2025,Fall,Dietrich College of Humanities and Social Sciences,ENG,76365,A,"RANKINE, CAMILLE",BEG POETRY WKSHP,Undergraduate,10,6,60.0%,6.00,4.83,4.83,4.83,4.67,4.83,4.67,4.83,4.83,4.83
2025,Fall,Dietrich College of Humanities and Social Sciences,ENG,76367,A,"HINKELMAN, JEFFREY",FACT INTO FILM,Undergraduate,14,7,50.0%,7.57,5.00,4.86,5.00,4.71,4.86,4.86,5.00,5.00,4.86
2025,Fall,Dietrich College of Humanities and Social Sciences,ENG,76368,A,"KLUG, GERARD",RPG WRITING WORKSHOP,Undergraduate,5,2,40.0%,8.00,3.50,3.50,3.00,5.00,4.00,3.50,5.00,4.00,4.50
2025,Fall,Dietrich College of Humanities and Social Sciences,ENG,76372,A,"TWEDT, STEVE",NEWS WRITING,Undergraduate,4,1,25.0%,5.00,5.00,5.00,5.00,5.00,5.00,5.00,5.00,5.00,5.00
2025,Fall,Dietrich College of Humanities and Social Sciences,ENG,76373,A,"WYNN, JAMES",ARGUMENT,Undergraduate,7,3,42.9%,5.00,5.00,5.00,5.00,4.33,5.00,5.00,5.00,5.00,5.00
2025,Fall,Dietrich College of Humanities and Social Sciences,ENG,76388,A,"BROWN, DAVID",CODING FOR HUMANISTS,Undergraduate,11,4,36.4%,8.75,4.25,3.75,4.00,4.50,4.00,3.50,4.75,4.00,4.25
2025,Fall,Dietrich College of Humanities and Social Sciences,ENG,76389,A,"BROWN, DAVID",RHETORICAL GRAMMAR,Undergraduate,7,4,57.1%,7.25,4.25,4.25,4.25,3.50,4.25,4.50,4.75,4.50,4.25
2025,Fall,Dietrich College of Humanities and Social Sciences,ENG,76390,W,"MITCHELL, THOMAS",STYLE,Undergraduate,4,3,75.0%,6.00,5.00,5.00,5.00,5.00,5.00,5.00,5.00,5.00,5.00
2025,Fall,Dietrich College of Humanities and Social Sciences,ENG,76390,A,"ODDO, JOHN",STYLE,Undergraduate,11,8,72.7%,8.00,4.75,4.75,4.75,4.63,4.88,4.75,4.63,4.75,4.75
2025,Fall,Dietrich College of Humanities and Social Sciences,ENG,76391,A,"MORRELL, Alexis",DOC & INFO DESIGN,Undergraduate,7,6,85.7%,6.00,4.17,2.83,3.33,3.83,3.83,3.50,4.17,3.17,4.00
2025,Fall,Dietrich College of Humanities and Social Sciences,ENG,76394,A,"COMISKEY, ANDREA",VIDEO ESSAY,Undergraduate,2,1,50.0%,5.00,4.00,5.00,4.00,4.00,4.00,4.00,5.00,4.00,4.00
2025,Fall,Dietrich College of Humanities and Social Sciences,ENG,76423,A,"AGUIAR, MARIAN",TRANSNATIONAL FEM,Undergraduate,8,4,50.0%,5.75,4.50,4.50,4.50,4.50,4.50,4.50,4.50,4.50,4.50
2025,Fall,Dietrich College of Humanities and Social Sciences,ENG,76425,A,"WYNN, JAMES","RHET, SCI, PUB SPHR",Undergraduate,5,2,40.0%,6.50,5.00,5.00,5.00,5.00,5.00,5.00,5.00,5.00,5.00
2025,Fall,Dietrich College of Humanities and Social Sciences,ENG,76459,W2,"AGUIAR, MARIAN",TRANSNATIONAL FEMISM,Undergraduate,12,8,66.7%,3.88,5.00,4.88,5.00,5.00,5.00,5.00,5.00,5.00,4.88
2025,Fall,Dietrich College of Humanities and Social Sciences,ENG,76460,A,"LEMANSKI, DADE",BEGIN FICTION WRKSHP,Undergraduate,14,7,50.0%,7.14,4.43,3.57,3.57,3.71,4.43,3.86,4.29,3.57,3.43
2025,Fall,Dietrich College of Humanities and Social Sciences,ENG,76462,A,"SANCHEZ, SANTIAGO",ADV FICTN WRKSHP,Undergraduate,11,9,81.8%,8.67,4.78,4.56,4.78,4.89,4.56,4.89,5.00,4.89,4.78
2025,Fall,Dietrich College of Humanities and Social Sciences,ENG,76464,A,"MCCAFFERTY, JANE",CRTV NONFICT WKSHP,Undergraduate,10,6,60.0%,8.00,5.00,4.50,4.67,4.83,5.00,4.83,5.00,4.83,4.80
2025,Fall,Dietrich College of Humanities and Social Sciences,ENG,76469,A,"DILWORTH, SHARON",SCREENWRITING WKSHP,Undergraduate,6,0,0.0%,,,,,,,,,,
2025,Fall,Dietrich College of Humanities and Social Sciences,ENG,76481,A,"STASZEL, BRIAN",MULTIMEDIA DESIGN,Undergraduate,3,1,33.3%,8.00,5.00,5.00,5.00,5.00,4.00,5.00,5.00,5.00,5.00
2025,Fall,Dietrich College of Humanities and Social Sciences,ENG,76493,A,"TRICE, JASMINE",SCI FI SPEC FUTURES,Undergraduate,5,1,20.0%,5.00,5.00,5.00,5.00,5.00,5.00,5.00,5.00,5.00,5.00
2025,Fall,Dietrich College of Humanities and Social Sciences,ENG,76494,A,"CASTAGNARO, MARIO",HEALTHCARE COMMNCTNS,Undergraduate,2,0,0.0%,,,,,,,,,,
2025,Fall,Dietrich College of Humanities and Social Sciences,ENG,76702,A1,"MESSURI, KRISTIN",CST PRACTICUM,Graduate,3,2,66.7%,6.50,5.00,5.00,5.00,4.00,5.00,5.00,5.00,5.00,5.00
2025,Fall,Dietrich College of Humanities and Social Sciences,ENG,76772,A,"TWEDT, STEVE",NEWS WRITING,Graduate,2,0,0.0%,,,,,,,,,,
2025,Fall,Dietrich College of Humanities and Social Sciences,ENG,76773,A,"WYNN, JAMES",ARGUMENT,Graduate,4,3,75.0%,7.00,4.67,4.67,4.67,5.00,4.67,4.33,4.33,4.33,4.33
2025,Fall,Dietrich College of Humanities and Social Sciences,ENG,76788,A,"BROWN, DAVID",CODING FOR HUMANISTS,Graduate,5,3,60.0%,5.00,4.67,4.33,4.00,4.33,4.67,3.33,4.67,4.33,4.33
2025,Fall,Dietrich College of Humanities and Social Sciences,ENG,76789,A,"BROWN, DAVID",RHETORICAL GRAMMAR,Graduate,8,6,75.0%,8.50,4.67,4.33,4.50,3.17,4.33,4.67,4.83,4.33,4.50
2025,Fall,Dietrich College of Humanities and Social Sciences,ENG,76790,A,"ODDO, JOHN",STYLE,Graduate,5,4,80.0%,8.00,5.00,5.00,5.00,5.00,5.00,5.00,5.00,5.00,5.00
2025,Fall,Dietrich College of Humanities and Social Sciences,ENG,76791,A,"MORRELL, Alexis",DOC & INFO DESIGN,Graduate,5,5,100.0%,8.00,4.60,4.20,4.40,4.60,5.00,4.40,5.00,4.20,4.80
2025,Fall,Dietrich College of Humanities and Social Sciences,ENG,76794,A,"CASTAGNARO, MARIO",HEALTHCARE COMMNCTNS,Graduate,3,1,33.3%,2.00,5.00,5.00,5.00,5.00,5.00,5.00,5.00,5.00,5.00
2025,Fall,Dietrich College of Humanities and Social Sciences,ENG,76823,A,"AGUIAR, MARIAN",GENDER STUDIES,Graduate,9,5,55.6%,6.20,2.40,2.20,1.80,1.80,3.40,2.60,3.60,2.50,2.20
2025,Fall,Dietrich College of Humanities and Social Sciences,ENG,76825,A,"WYNN, JAMES","RHET, SCI, PUB SPHR",Graduate,8,5,62.5%,9.20,4.80,5.00,5.00,4.80,5.00,4.80,4.80,5.00,4.60
2025,Fall,Dietrich College of Humanities and Social Sciences,ENG,76839,A,"SHUMWAY, DAVID",SEM FILM MEDIA,Graduate,5,4,80.0%,11.00,3.67,3.75,3.75,2.50,3.50,4.00,3.00,3.00,2.75
2025,Fall,Dietrich College of Humanities and Social Sciences,ENG,76854,A,"SIMON, EDWARD",LTRY & CLTL THEORY,Graduate,8,7,87.5%,8.43,4.43,4.29,4.43,4.00,4.29,4.43,5.00,4.14,4.29
2025,Fall,Dietrich College of Humanities and Social Sciences,ENG,76870,A,"GEORGE, BARBARA",PROF & TECH WRITING,Graduate,7,5,71.4%,6.20,4.60,2.00,2.20,3.20,3.80,3.20,4.40,2.60,2.80
2025,Fall,Dietrich College of Humanities and Social Sciences,ENG,76873,A,"IDZIK, Sarah",RHET & CONSTRU RACE,Graduate,7,6,85.7%,11.50,4.83,4.67,4.50,4.83,4.83,4.67,5.00,4.83,4.83
2025,Fall,Dietrich College of Humanities and Social Sciences,ENG,76881,A,"STASZEL, BRIAN",MULTIMEDIA DESIGN,Graduate,5,1,20.0%,11.00,5.00,5.00,5.00,5.00,5.00,5.00,5.00,5.00,5.00
2025,Fall,Dietrich College of Humanities and Social Sciences,ENG,76882,A,"COULSON, DOUGLAS",HISTORY OF RHETORIC,Graduate,8,5,62.5%,12.80,5.00,4.60,4.60,5.00,4.80,4.40,5.00,4.80,5.00
2025,Fall,Dietrich College of Humanities and Social Sciences,ENG,76883,A,"WOLFE, JOANNA",RSCH MTHDS TECH PROF,Graduate,14,7,50.0%,7.57,4.86,4.86,4.71,4.71,4.57,4.86,5.00,4.71,4.43
2025,Fall,Dietrich College of Humanities and Social Sciences,ENG,76884,A,"ODDO, JOHN",DISCOURSE ANALYSIS,Graduate,14,9,64.3%,12.11,4.78,4.78,4.78,4.89,4.67,4.56,4.67,4.78,4.78
2025,Fall,Dietrich College of Humanities and Social Sciences,ENG,76902,A,"WETZEL, DANIELLE",TCHG WRTG PRACTCM I,Graduate,3,1,33.3%,2.00,5.00,5.00,5.00,5.00,5.00,5.00,5.00,5.00,5.00
2025,Fall,Carnegie Institute of Technology,EPP,19101,1,"MATTHEWS, DEANNA",INTRO ENGR & PUB POL,Undergraduate,21,12,57.1%,10.08,4.83,4.67,4.50,4.67,4.83,4.58,4.83,4.67,4.67
2025,Fall,Carnegie Institute of Technology,EPP,19201,A,"MATTHEWS, DEANNA",PROFESSIONALISSUEEPP,Undergraduate,26,11,42.3%,2.00,4.91,4.82,4.82,4.45,4.73,4.73,4.91,4.73,4.64
2025,Fall,Carnegie Institute of Technology,EPP,19301,A,"JARAMILLO, PAULINA",DECISION MKG MTH,Undergraduate,9,8,88.9%,7.63,4.00,3.50,3.75,3.75,4.25,3.50,3.88,3.75,3.50
2025,Fall,Carnegie Institute of Technology,EPP,19422,W2,"SIOSHANSI, RAMTEEN",ENERGY SYS: MKT POL,Undergraduate,17,6,35.3%,2.50,4.50,4.67,4.67,4.67,4.67,4.67,4.83,4.33,4.67
2025,Fall,Carnegie Institute of Technology,EPP,19427,A,"WHITACRE, JAY",ST: ENERGY INN ENT,Undergraduate,3,2,66.7%,8.00,5.00,5.00,5.00,4.50,5.00,5.00,5.00,5.00,5.00
2025,Fall,Carnegie Institute of Technology,EPP,19429,A,"MORGAN, M GRANGER",CLIMATE SCI SOL,Undergraduate,6,5,83.3%,8.60,4.20,3.40,4.00,3.40,4.80,4.20,4.40,3.80,3.80
2025,Fall,Carnegie Institute of Technology,EPP,19451,A,"NOCK, DESTENIE",EPP PROJECT I,Undergraduate,21,21,100.0%,9.71,4.67,3.81,4.24,4.14,4.43,4.33,4.76,4.33,4.00
2025,Fall,Carnegie Institute of Technology,EPP,19452,A,"NOCK, DESTENIE",EPP PROJECT II,Undergraduate,3,3,100.0%,10.00,5.00,4.33,4.67,5.00,5.00,4.67,5.00,5.00,4.67
2025,Fall,Carnegie Institute of Technology,EPP,19469,A,"FISCHHOFF, BARUCH",BEHAVIORDECISIONPOL,Undergraduate,5,5,100.0%,6.50,5.00,4.20,4.20,4.60,5.00,4.20,4.80,4.80,4.80
2025,Fall,Carnegie Institute of Technology,EPP,19488,A,"COHEN, DORON",ST: BEHAVIORAL MECH,Undergraduate,2,2,100.0%,8.00,4.50,4.50,4.50,4.50,4.50,4.50,5.00,4.50,4.50
2025,Fall,Carnegie Institute of Technology,EPP,19608,A,"SCHEFFLER, SARAH",PRIVCY POL LAW TEC,Graduate,3,2,66.7%,8.00,5.00,5.00,5.00,5.00,5.00,5.00,5.00,5.00,5.00
2025,Fall,Carnegie Institute of Technology,EPP,19608,RW,"SCHEFFLER, SARAH",PRIVCY POL LAW TEC,Graduate,7,6,85.7%,12.50,4.83,4.83,4.83,4.83,4.83,4.83,4.83,4.83,4.83
2025,Fall,Carnegie Institute of Technology,EPP,19627,A,"WHITACRE, JAY",ST: ENERGY INN ENT,Graduate,18,16,88.9%,8.56,4.69,4.88,4.88,4.93,4.94,4.81,5.00,4.69,4.75
2025,Fall,Carnegie Institute of Technology,EPP,19629,A,"MORGAN, M GRANGER",CLIMATE CHG SCI SOLN,Graduate,11,4,36.4%,8.00,4.00,4.25,4.50,3.75,4.75,4.25,4.25,4.00,4.00
2025,Fall,Carnegie Institute of Technology,EPP,19652,A2,"DESANTIS, MARK",ST:REAL WORLD AI,Graduate,23,12,52.2%,5.00,4.83,4.83,4.83,4.58,4.83,5.00,5.00,4.92,4.83
2025,Fall,Carnegie Institute of Technology,EPP,19658,A1,"WASSON, ROBERT",CORPVEN&INN,Graduate,10,5,50.0%,10.40,4.60,4.80,4.80,5.00,5.00,4.80,5.00,4.60,4.60
2025,Fall,Carnegie Institute of Technology,EPP,19669,A,"FISCHHOFF, BARUCH",BEHAVIORDECISIONPOL,Graduate,13,11,84.6%,9.64,5.00,4.64,4.73,4.82,4.91,4.64,5.00,4.64,4.82
2025,Fall,Carnegie Institute of Technology,EPP,19677,A2,"OCONNOR, JASON",ECOINNSTRAT,Graduate,7,0,0.0%,,,,,,,,,,
2025,Fall,Carnegie Institute of Technology,EPP,19684,A,"YU, PHILLIP",ENGR & TECH INNOV MG,Graduate,27,9,33.3%,7.00,4.78,4.56,4.67,4.56,4.67,4.56,5.00,4.56,4.56
2025,Fall,Carnegie Institute of Technology,EPP,19685,A,"MICHALEK, JEREMY",ENGINERING OPTIMZTN,Graduate,4,1,25.0%,17.00,5.00,5.00,4.00,4.00,4.00,5.00,5.00,5.00,4.00
2025,Fall,Carnegie Institute of Technology,EPP,19687,A1,"VERTI, MICHAEL",MANGM RDI,Graduate,20,7,35.0%,5.86,4.86,4.71,4.86,4.86,4.86,4.86,4.86,4.71,4.71
2025,Fall,Carnegie Institute of Technology,EPP,19688,A,"DESANTIS, MARK",TECHSTARTUP,Graduate,43,14,32.6%,7.14,4.93,4.86,4.86,4.50,4.93,5.00,4.93,4.93,4.93
2025,Fall,Carnegie Institute of Technology,EPP,19691,A2,"WASSON, ROBERT",SP TPC: DEC INV MNG,Graduate,13,7,53.8%,8.43,5.00,4.86,4.86,5.00,4.86,4.86,5.00,4.86,4.86
2025,Fall,Carnegie Institute of Technology,EPP,19701,A,"ADAMS, PETER",INT THY PRAC POL ANL,Graduate,18,11,61.1%,10.10,4.70,4.40,4.60,4.30,4.60,4.40,4.90,4.40,4.00
2025,Fall,Carnegie Institute of Technology,EPP,19705,A,"MORGAN, M GRANGER",WRKSHP APP POL ANALY,Graduate,8,4,50.0%,10.25,4.75,4.50,4.50,4.50,4.50,4.50,4.50,4.50,4.25
2025,Fall,Carnegie Institute of Technology,EPP,19706,A1,"MULLER, NICHOLAS",MICROECONANAL,Graduate,15,12,80.0%,7.25,4.92,4.58,4.83,4.17,4.83,4.83,4.75,4.67,4.50
2025,Fall,Carnegie Institute of Technology,EPP,19713,A,"PEHA, JON",POL WRLSS SYS,Graduate,2,0,0.0%,,,,,,,,,,
2025,Fall,Carnegie Institute of Technology,EPP,19717,A,"CHEN, XIAOJU",SUSTNBL ENGRG PRIN,Graduate,2,2,100.0%,9.50,4.50,4.00,4.00,4.50,4.50,4.50,5.00,4.00,4.50
2025,Fall,Carnegie Institute of Technology,EPP,19726,A,"FAKHREDDINE, SARAH",MATH MDL ENV SY,Graduate,5,2,40.0%,9.50,4.50,5.00,5.00,5.00,5.00,4.50,5.00,5.00,5.00
2025,Fall,Carnegie Institute of Technology,EPP,19733,A,"CHRISTIN, NICOLAS",CRYPTO BLO APP,Graduate,3,1,33.3%,8.00,5.00,5.00,4.00,4.00,4.00,4.00,5.00,5.00,5.00
2025,Fall,Carnegie Institute of Technology,EPP,19785,A,"MICHALEK, JEREMY",ENGINERING OPTIMZTN,Graduate,8,5,62.5%,13.40,4.80,5.00,4.80,5.00,4.80,4.80,4.80,5.00,5.00
2025,Fall,Carnegie Institute of Technology,EPP,19788,A,"COHEN, DORON",ST:BEHAVIORAL MECH,Graduate,2,1,50.0%,11.00,5.00,5.00,4.00,5.00,5.00,4.00,5.00,4.00,5.00
2025,Fall,Carnegie Institute of Technology,EPP,19819,A2,"FERREIRA, PEDRO","A/B TEST, DESIGN AN",Graduate,11,5,45.5%,9.20,5.00,5.00,5.00,4.60,5.00,5.00,5.00,5.00,5.00
2025,Fall,Carnegie Mellon University,ETC,53312,A,"SALDAMARCO, SHIRLEY",THEME PARK DESIGN,Undergraduate,13,7,53.8%,5.00,4.57,4.00,3.86,4.14,4.29,4.29,4.57,4.14,4.14
2025,Fall,Carnegie Mellon University,ETC,53323,A2,"MAYEDA, DALE",STRY THR EFFCTS ANMI,Undergraduate,10,3,30.0%,9.00,5.00,5.00,5.00,4.67,5.00,5.00,5.00,5.00,5.00
2025,Fall,Carnegie Mellon University,ETC,53353,A,"CORBETT, THOMAS",UNDRSTND GAME ENGINE,Undergraduate,21,14,66.7%,10.79,4.43,4.57,4.57,4.36,4.64,4.64,4.43,4.21,4.07
2025,Fall,Carnegie Mellon University,ETC,53362,A,"WASHINGTON, RICARDO",AVD: TEXTURE,Undergraduate,7,1,14.3%,8.00,5.00,5.00,5.00,5.00,5.00,5.00,5.00,5.00,5.00
2025,Fall,Carnegie Mellon University,ETC,53371,A,"KLUG, GERARD",RPG WRITING WORKSHOP,Undergraduate,4,4,100.0%,10.25,4.50,4.00,4.50,4.25,4.50,4.25,5.00,4.50,4.50
2025,Fall,Carnegie Mellon University,ETC,53451,A,"CORBETT, THOMAS",RESEARCH-ISSUES-GDEV,Undergraduate,9,5,55.6%,10.40,4.20,4.20,4.60,4.60,4.60,4.20,4.80,4.40,4.00
2025,Fall,Carnegie Mellon University,ETC,53511,C,"HARGER, BRENDA",IMPROV,Undergraduate,2,1,50.0%,2.00,5.00,5.00,5.00,4.00,5.00,5.00,5.00,5.00,5.00
2025,Fall,Carnegie Mellon University,ETC,53571,A,"JOHNSON, CHARLES",P DSGN & INNOV.,Undergraduate,3,1,33.3%,5.00,5.00,5.00,5.00,5.00,5.00,5.00,5.00,5.00,5.00
2025,Fall,Carnegie Mellon University,ETC,53600,A,"DAVIDSON, DREW",ETC COOPERATV EDCTN,Graduate,14,3,21.4%,16.67,4.67,5.00,5.00,5.00,5.00,5.00,5.00,5.00,5.00
2025,Fall,Carnegie Mellon University,ETC,53608,A,"MAHLER, MOSHE",VISUAL STORY,Graduate,77,32,41.6%,9.81,4.34,4.31,4.29,4.35,4.29,4.31,4.44,4.31,4.16
2025,Fall,Carnegie Mellon University,ETC,53608,A,"DESSLER, JOHN",VISUAL STORY,Graduate,77,32,41.6%,10.13,4.38,4.22,4.13,4.47,4.09,4.19,4.56,4.25,4.13
2025,Fall,Carnegie Mellon University,ETC,53610,C,"DESSLER, JOHN",ETC INTERDIS PRJ III,Graduate,6,3,50.0%,24.00,5.00,3.50,4.00,3.50,3.50,3.50,5.00,4.50,4.00
2025,Fall,Carnegie Mellon University,ETC,53610,F,"CHRISTEL, MICHAEL",ETC INTERDIS PRJ III,Graduate,6,3,50.0%,24.00,5.00,5.00,5.00,4.67,4.67,4.67,3.67,4.33,4.00
2025,Fall,Carnegie Mellon University,ETC,53610,A,"STEVENS, SCOTT",ETC INTERDIS PRJ III,Graduate,5,2,40.0%,24.00,5.00,5.00,5.00,5.00,5.00,5.00,5.00,5.00,5.00
2025,Fall,Carnegie Mellon University,ETC,53610,J,"STEVENS, SCOTT",ETC INTERDIS PRJ III,Graduate,6,1,16.7%,24.00,3.00,3.00,3.00,3.00,3.00,3.00,3.00,3.00,3.00
2025,Fall,Carnegie Mellon University,ETC,53610,E,"WASHINGTON, RICARDO",ETC INTERDIS PRJ III,Graduate,5,1,20.0%,24.00,5.00,5.00,5.00,5.00,5.00,5.00,5.00,5.00,5.00
2025,Fall,Carnegie Mellon University,ETC,53610,H,"WASHINGTON, RICARDO",ETC INTERDIS PRJ III,Graduate,5,2,40.0%,24.00,4.50,4.50,4.50,4.50,4.50,4.00,5.00,4.50,4.00
2025,Fall,Carnegie Mellon University,ETC,53610,I,"MAHLER, MOSHE",ETC INTERDIS PRJ III,Graduate,5,3,60.0%,24.00,5.00,5.00,5.00,5.00,5.00,5.00,5.00,5.00,5.00
2025,Fall,Carnegie Mellon University,ETC,53610,C,"CORBETT, THOMAS",ETC INTERDIS PRJ III,Graduate,6,3,50.0%,24.00,3.50,2.50,3.00,3.50,2.50,3.00,5.00,3.00,3.50
2025,Fall,Carnegie Mellon University,ETC,53610,J,"HARGER, BRENDA",ETC INTERDIS PRJ III,Graduate,6,1,16.7%,24.00,3.00,3.00,3.00,3.00,3.00,3.00,3.00,3.00,3.00
2025,Fall,Carnegie Mellon University,ETC,53610,D,"KELLEY, HEATHER",ETC INTERDIS PRJ III,Graduate,5,1,20.0%,24.00,3.00,3.00,3.00,3.00,3.00,3.00,3.00,3.00,3.00
2025,Fall,Carnegie Mellon University,ETC,53610,K,"KELLEY, HEATHER",ETC INTERDIS PRJ III,Graduate,6,2,33.3%,24.00,5.00,5.00,5.00,5.00,5.00,5.00,5.00,5.00,5.00
2025,Fall,Carnegie Mellon University,ETC,53610,B,"DAVIDSON, DREW",ETC INTERDIS PRJ III,Graduate,5,3,60.0%,24.00,4.33,4.33,4.33,4.33,4.33,4.33,5.00,4.33,4.33
2025,Fall,Carnegie Mellon University,ETC,53610,F,"DAVIDSON, DREW",ETC INTERDIS PRJ III,Graduate,6,3,50.0%,24.00,4.00,4.33,4.67,4.00,4.33,4.33,5.00,4.33,4.00
2025,Fall,Carnegie Mellon University,ETC,53610,B,"SALDAMARCO, SHIRLEY",ETC INTERDIS PRJ III,Graduate,5,3,60.0%,24.00,4.33,4.33,4.33,4.33,4.33,4.33,4.33,4.33,4.33
2025,Fall,Carnegie Mellon University,ETC,53610,I,"SALDAMARCO, SHIRLEY",ETC INTERDIS PRJ III,Graduate,5,3,60.0%,24.00,5.00,5.00,5.00,5.00,5.00,5.00,5.00,5.00,5.00
2025,Fall,Carnegie Mellon University,ETC,53610,A,"COMLEY, RUTH",ETC INTERDIS PRJ III,Graduate,5,2,40.0%,24.00,5.00,5.00,5.00,5.00,5.00,5.00,5.00,5.00,5.00
2025,Fall,Carnegie Mellon University,ETC,53610,G,"COMLEY, RUTH",ETC INTERDIS PRJ III,Graduate,5,1,20.0%,24.00,,,,,,,,,
2025,Fall,Carnegie Mellon University,ETC,53610,D,"JOHNSON, CHARLES",ETC INTERDIS PRJ III,Graduate,5,1,20.0%,24.00,3.00,4.00,4.00,4.00,4.00,4.00,4.00,4.00,
2025,Fall,Carnegie Mellon University,ETC,53610,E,"JOHNSON, CHARLES",ETC INTERDIS PRJ III,Graduate,5,1,20.0%,24.00,5.00,5.00,5.00,5.00,5.00,5.00,5.00,5.00,5.00
2025,Fall,Carnegie Mellon University,ETC,53610,H,"WALTON, JONATHAN",ETC INTERDIS PRJ III,Graduate,5,2,40.0%,24.00,5.00,5.00,5.00,4.00,4.50,4.50,5.00,4.50,4.00
2025,Fall,Carnegie Mellon University,ETC,53610,K,"SHEN, VIVIAN",ETC INTERDIS PRJ III,Graduate,6,2,33.3%,24.00,5.00,5.00,5.00,5.00,5.00,5.00,5.00,5.00,5.00
2025,Fall,Carnegie Mellon University,ETC,53612,A,"SALDAMARCO, SHIRLEY",GUEST EXPER-THEME DE,Graduate,5,1,20.0%,2.00,5.00,2.00,3.00,3.00,2.00,2.00,5.00,2.00,2.00
2025,Fall,Carnegie Mellon University,ETC,53613,A,"COMLEY, RUTH",EXP DESIGN,Graduate,5,2,40.0%,12.50,4.00,4.00,4.00,4.50,4.50,4.00,4.00,4.00,4.00
2025,Fall,Carnegie Mellon University,ETC,53690,A2,"CULYBA, DAVID",IND STUDY FOR ETC,Graduate,2,0,0.0%,,,,,,,,,,
2025,Fall,Carnegie Mellon University,ETC,53691,A,"ANDERSON, AMANDA",ETC PRF DEV,Graduate,75,31,41.3%,3.65,4.45,4.65,4.48,4.52,4.55,4.55,4.57,4.55,4.45
2025,Fall,Carnegie Mellon University,ETC,53700,A,"KLUG, GERARD",ETC FUNDAMENTALS,Graduate,75,31,41.3%,8.39,3.94,3.20,3.23,3.43,3.73,3.63,3.97,3.57,3.37
2025,Fall,Carnegie Mellon University,ETC,53711,A,"HARGER, BRENDA",IMPROVSTNAL ACTING,Graduate,25,6,24.0%,3.00,4.83,5.00,4.83,4.50,4.50,4.50,4.17,4.67,4.67
2025,Fall,Carnegie Mellon University,ETC,53711,B,"HARGER, BRENDA",IMPROVSTNAL ACTING,Graduate,30,14,46.7%,3.29,4.64,4.71,4.57,4.57,4.71,4.71,4.71,4.71,4.71
2025,Fall,Carnegie Mellon University,ETC,53711,C,"HARGER, BRENDA",IMPROVSTNAL ACTING,Graduate,24,14,58.3%,4.00,5.00,5.00,5.00,4.93,4.93,4.93,5.00,5.00,5.00
2025,Fall,Carnegie Mellon University,ETC,53721,A1,"COMLEY, RUTH",SPECIAL PROJECTS II,Graduate,3,0,0.0%,,,,,,,,,,
2025,Fall,Carnegie Mellon University,ETC,53736,A,"DESSLER, JOHN",INTO VR PRODUCTION,Graduate,3,0,0.0%,,,,,,,,,,
2025,Fall,Carnegie Mellon University,ETC,53762,A,"WASHINGTON, RICARDO",AVD: TEXTURE,Graduate,7,2,28.6%,11.00,4.00,4.50,5.00,4.50,4.00,4.00,5.00,4.50,5.00
2025,Fall,Carnegie Mellon University,ETC,53771,A,"JOHNSON, CHARLES",P DSGN & INNOV.,Graduate,7,1,14.3%,5.00,5.00,4.00,4.00,5.00,4.00,3.00,5.00,4.00,4.00
2025,Fall,Carnegie Mellon University,ETC,53801,C,"WALTON, JONATHAN",GA FOR ETC,Graduate,3,1,33.3%,17.00,5.00,5.00,5.00,5.00,5.00,5.00,5.00,5.00,5.00
2025,Fall,Carnegie Mellon University,ETC,53801,C,"CULYBA, DAVID",GA FOR ETC,Graduate,3,1,33.3%,17.00,5.00,5.00,5.00,5.00,5.00,5.00,5.00,5.00,5.00
2025,Fall,Carnegie Mellon University,ETC,53831,A,"CULYBA, DAVID",BUILDNG VIRTUAL WRLD,Graduate,77,35,45.5%,20.31,4.74,4.60,4.47,4.62,4.62,4.54,4.83,4.74,4.57
2025,Fall,Carnegie Mellon University,ETC,53831,A,"WALTON, JONATHAN",BUILDNG VIRTUAL WRLD,Graduate,77,35,45.5%,20.43,4.63,4.57,4.35,4.38,4.50,4.54,4.80,4.60,4.54
2025,Fall,Carnegie Mellon University,ETC,53871,A,"KLUG, GERARD",RPG WRITING WORKSHOP,Graduate,6,2,33.3%,11.00,4.00,3.50,4.50,4.50,4.00,4.00,4.00,4.00,4.50
2025,Fall,Dietrich College of Humanities and Social Sciences,H00,65101,A,"TARDIO, THERESE",INTRO TO HUMANITIES,Undergraduate,9,3,33.3%,4.00,4.67,4.00,4.67,3.67,4.33,4.00,5.00,4.00,5.00
2025,Fall,Dietrich College of Humanities and Social Sciences,H00,65200,A,"PATTERSON, MARK",APPLIED QSSS I,Undergraduate,5,4,80.0%,5.75,4.75,4.25,4.00,4.00,4.50,4.50,4.75,4.75,4.25
2025,Fall,Dietrich College of Humanities and Social Sciences,H00,65201,A,"TARDIO, THERESE",PATHWAYS HUMANTS,Undergraduate,10,5,50.0%,2.60,4.80,4.20,4.60,4.20,4.80,4.20,5.00,4.60,4.40
2025,Fall,Dietrich College of Humanities and Social Sciences,H00,65411,A,"PATTERSON, MARK",QSSS PRO SEMINAR 1,Undergraduate,3,1,33.3%,2.00,5.00,5.00,5.00,5.00,5.00,5.00,5.00,5.00,5.00
2025,Fall,Heinz College,HC,94401,A1,"MURPHY, SANDY",ACTING FOR LEAD&COMM,Undergraduate,2,1,50.0%,8.00,5.00,5.00,5.00,5.00,5.00,5.00,5.00,5.00,5.00
2025,Fall,Heinz College,HC,94408,A,"BRUSSALIS, CHRIS",MANAGEMENT CONSLTG,Undergraduate,4,2,50.0%,6.50,5.00,5.00,5.00,5.00,5.00,5.00,5.00,5.00,5.00
2025,Fall,Heinz College,HC,94413,A1,"SYNNOTT, LAURA",PROJECT MANAGEMENT,Undergraduate,3,1,33.3%,8.00,5.00,5.00,5.00,5.00,5.00,5.00,5.00,5.00,5.00
2025,Fall,Heinz College,HC,94423,A,"LIGHTMAN, ARI",MEASURING SOCIAL,Undergraduate,2,0,0.0%,,,,,,,,,,
2025,Fall,Heinz College,HC,94431,A1,"KOENIG, FELIX",APP ECONMTRCS DAS,Undergraduate,2,1,50.0%,5.00,3.00,3.00,4.00,3.00,4.00,3.00,5.00,3.00,4.00
2025,Fall,Heinz College,HC,94433,C2,"CHOI, DAVID",OPTIMIZATION FOR DAS,Undergraduate,2,1,50.0%,5.00,5.00,5.00,5.00,5.00,5.00,5.00,5.00,5.00,4.00
2025,Fall,Heinz College,HC,94454,A2,"LASSMAN, DAVID",DEV AS A LEADER,Undergraduate,2,1,50.0%,5.00,5.00,5.00,5.00,5.00,5.00,5.00,5.00,5.00,5.00
2025,Fall,Heinz College,HC,94489,A,"GHANI, RAYID",ML PUB POLCY LAB,Undergraduate,3,2,66.7%,9.50,5.00,4.50,5.00,5.00,5.00,5.00,4.50,5.00,5.00
2025,Fall,Heinz College,HC,94491,A,"RIEL, JAMES",LEAN INNOV LAB,Undergraduate,11,4,36.4%,9.50,4.00,3.00,4.25,4.25,4.50,3.75,4.25,3.75,4.00
2025,Fall,Heinz College,HC,94700,B1,"LASSMAN, DAVID",ORGNZTNL DSGN & IMPL,Graduate,31,28,90.3%,8.36,4.54,4.46,4.46,3.82,4.57,4.46,4.46,4.43,4.14
2025,Fall,Heinz College,HC,94700,E2,"LASSMAN, DAVID",ORGNZTNL DSGN & IMPL,Graduate,32,30,93.8%,7.30,4.67,4.20,4.43,3.50,4.64,4.60,4.57,4.57,4.23
2025,Fall,Heinz College,HC,94700,G1,"MAYO, Anna",ORGNZTNL DSGN & IMPL,Graduate,32,27,84.4%,7.67,4.89,4.81,4.78,4.59,4.89,4.85,4.93,4.85,4.67
2025,Fall,Heinz College,HC,94700,J1,"MAYO, Anna",ORGNZTNL DSGN & IMPL,Graduate,32,28,87.5%,5.86,4.79,4.57,4.54,4.29,4.61,4.71,4.79,4.64,4.54
2025,Fall,Heinz College,HC,94700,N1,"MAYO, Anna",ORGNZTNL DSGN & IMPL,Graduate,31,29,93.5%,7.21,4.66,4.55,4.66,4.17,4.76,4.66,4.79,4.62,4.45
2025,Fall,Heinz College,HC,94700,O2,"MAYO, Anna",ORGNZTNL DSGN & IMPL,Graduate,35,27,77.1%,6.33,4.74,4.44,4.37,4.26,4.59,4.59,4.74,4.56,4.22
2025,Fall,Heinz College,HC,94700,P2,"MAYO, Anna",ORGNZTNL DSGN & IMPL,Graduate,35,30,85.7%,5.20,4.73,4.67,4.63,4.50,4.77,4.70,4.97,4.67,4.30
2025,Fall,Heinz College,HC,94700,R2,"MAYO, Anna",ORGNZTNL DSGN & IMPL,Graduate,32,27,84.4%,5.89,4.70,4.52,4.48,4.26,4.37,4.74,4.89,4.67,4.11
2025,Fall,Heinz College,HC,94700,F2,"KRACKHARDT, DAVID",ORGNZTNL DSGN & IMPL,Graduate,28,15,53.6%,6.80,4.60,4.40,4.47,3.87,4.67,4.60,4.60,4.47,4.33
2025,Fall,Heinz College,HC,94700,H2,"KRACKHARDT, DAVID",ORGNZTNL DSGN & IMPL,Graduate,35,19,54.3%,5.63,4.58,4.53,4.63,4.26,4.74,4.58,4.74,4.47,4.37
2025,Fall,Heinz College,HC,94700,I2,"KRACKHARDT, DAVID",ORGNZTNL DSGN & IMPL,Graduate,27,16,59.3%,5.38,4.94,4.75,4.81,4.44,4.81,4.69,4.88,4.75,4.75
2025,Fall,Heinz College,HC,94700,C1,"LARSON, LINDSAY",ORGNZTNL DSGN & IMPL,Graduate,33,28,84.8%,5.43,4.79,4.75,4.61,4.50,4.54,4.61,4.89,4.71,4.54
2025,Fall,Heinz College,HC,94700,D1,"LARSON, LINDSAY",ORGNZTNL DSGN & IMPL,Graduate,29,29,100.0%,6.28,4.79,4.79,4.69,4.59,4.66,4.76,5.00,4.72,4.62
2025,Fall,Heinz College,HC,94700,A2,"LARSON, LINDSAY",ORGNZTNL DSGN & IMPL,Graduate,30,25,83.3%,5.36,4.88,4.64,4.88,4.56,4.84,4.84,4.96,4.84,4.40
2025,Fall,Heinz College,HC,94700,S2,"LARSON, LINDSAY",ORGNZTNL DSGN & IMPL,Graduate,31,29,93.5%,6.14,4.72,4.83,4.66,4.45,4.69,4.69,4.76,4.72,4.59
2025,Fall,Heinz College,HC,94701,A2,"HYATT, KIM",BUSINESS WRITING,Graduate,22,18,81.8%,7.50,4.61,4.44,4.56,4.39,4.50,4.56,4.50,4.39,4.17
2025,Fall,Heinz College,HC,94701,F2,"HYATT, KIM",BUSINESS WRITING,Graduate,24,20,83.3%,7.15,4.90,4.95,4.95,4.95,4.95,4.90,5.00,4.95,4.85
2025,Fall,Heinz College,HC,94701,C1,"HYATT, KIM",BUSINESS WRITING,Graduate,21,18,85.7%,7.33,4.83,4.78,4.72,4.83,4.78,4.83,4.72,4.78,4.78
2025,Fall,Heinz College,HC,94701,D1,"HYATT, KIM",BUSINESS WRITING,Graduate,21,15,71.4%,8.87,4.93,5.00,4.93,5.00,5.00,5.00,4.93,5.00,4.93
2025,Fall,Heinz College,HC,94701,E1,"HYATT, KIM",BUSINESS WRITING,Graduate,22,16,72.7%,6.88,4.81,4.94,4.88,4.94,4.88,4.88,4.94,4.94,4.69
2025,Fall,Heinz College,HC,94704,A,"MASCHINO, KARL",BUILDING THE AI ORG,Graduate,85,27,31.8%,7.78,4.19,3.93,3.96,3.52,4.15,3.93,4.67,3.85,3.67
2025,Fall,Heinz College,HC,94705,A,"EL-KILANI, Zeid",HEALTH ECONOMICS,Graduate,28,18,64.3%,8.17,4.89,4.67,4.61,4.61,5.00,4.61,5.00,4.28,4.50
2025,Fall,Heinz College,HC,94708,A1,"LIGHTMAN, ARI",APPLD STRTG MKTG,Graduate,20,10,50.0%,10.10,4.40,4.40,4.20,3.90,4.70,4.60,4.70,4.40,4.50
2025,Fall,Heinz College,HC,94719,A1,"STEPHENSON, Jill",BUDGT PLAN & ANLYSIS,Graduate,16,13,81.3%,8.69,4.77,4.62,4.77,4.77,4.77,4.77,4.92,4.69,4.69
2025,Fall,Heinz College,HC,94800,A1,"MOYA, LINDA",NEGOTIATION,Graduate,22,12,54.5%,6.00,4.75,4.83,4.82,4.58,4.92,4.83,4.83,4.83,4.75
2025,Fall,Heinz College,HC,94800,C1,"MOYA, LINDA",NEGOTIATION,Graduate,22,9,40.9%,4.67,4.44,4.56,4.67,4.33,4.67,4.78,4.78,4.56,4.44
2025,Fall,Heinz College,HC,94800,B2,"MOYA, LINDA",NEGOTIATION,Graduate,26,14,53.8%,6.71,4.57,4.50,4.64,4.50,4.71,4.57,4.71,4.50,4.50
2025,Fall,Heinz College,HC,94800,D2,"MOYA, LINDA",NEGOTIATION,Graduate,25,13,52.0%,8.46,4.54,4.54,4.62,4.38,4.46,4.46,4.46,4.38,4.54
2025,Fall,Heinz College,HC,94800,E2,"CICCONE, JOHN",NEGOTIATION,Graduate,31,25,80.6%,6.80,4.88,4.72,4.84,4.48,4.92,4.88,4.92,4.88,4.80
2025,Fall,Heinz College,HC,94801,B2,"MURPHY, SANDY",ACTING FOR LEAD&COMM,Graduate,15,15,100.0%,7.00,4.73,4.73,4.60,4.80,4.67,4.60,4.80,4.67,4.60
2025,Fall,Heinz College,HC,94801,C2,"MURPHY, SANDY",ACTING FOR LEAD&COMM,Graduate,18,18,100.0%,6.83,4.83,4.72,4.72,4.94,4.72,4.67,4.67,4.72,4.78
2025,Fall,Heinz College,HC,94801,A1,"MURPHY, SANDY",ACTING FOR LEAD&COMM,Graduate,13,7,53.8%,8.43,5.00,4.86,4.86,4.86,4.86,4.86,4.86,5.00,4.86
2025,Fall,Heinz College,HC,94802,B,"HARPER, Corey",GEOGRPHC INFO SYSTEM,Graduate,12,10,83.3%,9.00,3.90,4.10,4.10,3.90,4.10,3.70,4.80,3.50,3.90
2025,Fall,Heinz College,HC,94802,A,"KURLAND, KRISTEN",GEOGRPHC INFO SYSTEM,Graduate,44,28,63.6%,11.25,4.89,4.89,4.93,4.89,4.86,4.89,4.93,4.93,4.86
2025,Fall,Heinz College,HC,94804,A1,"COLLIS, AVINASH",AI STRATEGY,Graduate,35,18,51.4%,6.17,4.50,4.33,4.39,4.22,4.67,4.56,4.78,4.44,4.39
2025,Fall,Heinz College,HC,94806,A1,"PECA, Joanne",PRIVACY DIGITAL AGE,Graduate,28,24,85.7%,8.67,4.79,4.67,4.75,4.08,4.88,4.70,4.87,4.71,4.74
2025,Fall,Heinz College,HC,94807,A2,"CICCONE, JOHN",ENTREPRE NEW VENTURE,Graduate,24,19,79.2%,6.79,4.84,4.68,4.74,4.79,4.84,4.84,4.89,4.74,4.63
2025,Fall,Heinz College,HC,94808,A,"BRUSSALIS, CHRIS",MANAGEMENT CONSLTG,Graduate,23,12,52.2%,8.00,4.75,4.73,4.73,4.42,4.58,4.58,4.58,4.50,4.42
2025,Fall,Heinz College,HC,94811,A1,"SYNNOTT, LAURA",STRATEGY DEVELOPMENT,Graduate,16,15,93.8%,7.00,4.87,4.87,4.93,4.33,4.87,4.93,5.00,4.93,4.87
2025,Fall,Heinz College,HC,94811,B1,"SYNNOTT, LAURA",STRATEGY DEVELOPMENT,Graduate,20,19,95.0%,8.79,4.83,4.78,4.72,4.56,4.78,4.76,5.00,4.82,4.72
2025,Fall,Heinz College,HC,94813,A1,"SYNNOTT, LAURA",PROJECT MANAGEMENT,Graduate,21,15,71.4%,7.40,4.67,4.60,4.73,4.27,4.60,4.67,4.73,4.67,4.47
2025,Fall,Heinz College,HC,94813,B1,"SYNNOTT, LAURA",PROJECT MANAGEMENT,Graduate,20,12,60.0%,8.83,4.83,4.75,4.75,4.50,4.67,4.58,4.83,4.83,4.50
2025,Fall,Heinz College,HC,94813,C1,"SYNNOTT, LAURA",PROJECT MANAGEMENT,Graduate,19,11,57.9%,8.27,4.55,4.73,4.64,4.45,4.64,4.64,4.45,4.55,4.36
2025,Fall,Heinz College,HC,94814,A2,"ROUSSEAU, DENISE",EVIDENCE-BASED MANGM,Graduate,21,19,90.5%,6.58,4.84,4.74,4.79,4.79,4.95,4.68,4.95,4.79,4.68
2025,Fall,Heinz College,HC,94823,A,"LIGHTMAN, ARI",MEASURING SOCIAL,Graduate,40,18,45.0%,6.67,4.61,4.50,4.56,4.61,4.50,4.50,4.61,4.44,4.39
2025,Fall,Heinz College,HC,94824,A1,"JOHNSON, Traci",CRTG RESLTS ORNT PRG,Graduate,8,4,50.0%,6.50,4.75,4.25,4.50,4.75,4.50,4.50,4.75,4.50,4.25
2025,Fall,Heinz College,HC,94825,A1,"GUIDI, MEGAN",AI FOUNDATIONS,Graduate,40,7,17.5%,7.00,4.00,4.29,4.14,3.67,4.29,4.14,4.29,4.00,4.43
2025,Fall,Heinz College,HC,94829,A2,"LI, BEIBEI",ADV AI & ENTR STRTGY,Graduate,29,19,65.5%,6.26,4.58,4.11,4.37,4.00,4.42,4.37,4.84,4.26,4.16
2025,Fall,Heinz College,HC,94833,A2,"CAULKINS, JONATHAN",DC AN MULTV DEC MKG,Graduate,13,9,69.2%,9.00,4.78,4.22,4.56,4.89,4.78,4.89,4.56,4.78,4.89
2025,Fall,Heinz College,HC,94834,A1,"KOENIG, FELIX",APPL ECONOMETRICS I,Graduate,38,18,47.4%,8.17,4.00,3.94,4.28,4.00,4.28,4.00,4.78,3.83,3.83
2025,Fall,Heinz College,HC,94834,D2,"KOENIG, FELIX",APPL ECONOMETRICS I,Graduate,35,17,48.6%,7.65,4.76,4.59,4.53,4.53,4.65,4.59,4.88,4.59,4.41
2025,Fall,Heinz College,HC,94834,B2,"GARIN, ANDREW",APPL ECONOMETRICS I,Graduate,38,16,42.1%,9.31,4.44,4.25,4.31,4.25,4.50,4.47,4.73,4.27,4.38
2025,Fall,Heinz College,HC,94834,C2,"GARIN, ANDREW",APPL ECONOMETRICS I,Graduate,35,17,48.6%,8.00,4.18,4.18,4.29,4.06,4.41,3.88,4.71,3.94,3.82
2025,Fall,Heinz College,HC,94837,A2,"BASMA, DAREEN",LEI,Graduate,21,15,71.4%,6.00,4.73,4.40,4.47,4.33,4.93,4.60,4.93,4.80,4.73
2025,Fall,Heinz College,HC,94838,A2,"STEPHENSON, Jill",ADV PROJ COST MGMT,Graduate,22,16,72.7%,5.38,4.69,4.88,4.81,4.56,4.63,4.69,4.88,4.56,4.50
2025,Fall,Heinz College,HC,94842,Z2,"SIMKO, MICHAEL",PROGRMG R ANALYTICS,Graduate,19,6,31.6%,8.67,4.33,4.83,4.50,4.33,4.67,4.83,4.67,4.33,4.67
2025,Fall,Heinz College,HC,94844,B2,"KINGSLEY, Sara",GENERATIVE AI LAB,Graduate,28,16,57.1%,7.69,4.56,4.31,4.25,4.60,4.47,4.27,4.93,4.27,4.27
2025,Fall,Heinz College,HC,94844,A2,"LI, BEIBEI",GENERATIVE AI LAB,Graduate,30,15,50.0%,7.14,4.40,4.40,4.67,4.40,4.73,4.33,4.57,4.64,4.64
2025,Fall,Heinz College,HC,94845,A2,"QIAN, SEAN",GROWTH INTELLG TRANS,Graduate,9,5,55.6%,4.40,5.00,5.00,5.00,5.00,4.80,4.80,5.00,5.00,5.00
2025,Fall,Heinz College,HC,94854,A2,"LASSMAN, DAVID",DEV AS A LEADER,Graduate,12,11,91.7%,5.00,4.82,4.91,4.82,4.27,4.73,4.64,5.00,4.82,4.45
2025,Fall,Heinz College,HC,94854,B1,"LASSMAN, DAVID",DEV AS A LEADER,Graduate,9,9,100.0%,6.67,4.78,4.56,4.56,4.22,4.78,4.44,4.78,4.44,4.44
2025,Fall,Heinz College,HC,94866,A1,"MCCALL-KILEY, KATE",DESIGN STRATEGY,Graduate,24,24,100.0%,6.50,4.88,4.63,4.92,4.83,4.92,4.78,4.91,4.87,4.67
2025,Fall,Heinz College,HC,94867,A1,"ZHANG, PETER",FROM DATA TO ACTION,Graduate,34,32,94.1%,8.47,4.72,4.63,4.53,4.50,4.72,4.65,4.97,4.44,4.50
2025,Fall,Heinz College,HC,94867,B1,"ZHANG, PETER",FROM DATA TO ACTION,Graduate,35,32,91.4%,6.50,4.53,4.34,4.41,4.34,4.63,4.19,4.84,4.25,4.13
2025,Fall,Heinz College,HC,94870,B2,"GORANSON, CHRISTOPHER",TELL STORIES W DATA,Graduate,19,14,73.7%,12.71,4.79,4.64,4.36,4.79,4.79,4.79,5.00,4.79,4.57
2025,Fall,Heinz College,HC,94870,D2,"GORANSON, CHRISTOPHER",TELL STORIES W DATA,Graduate,20,12,60.0%,10.00,4.42,4.33,4.50,4.33,4.33,4.42,4.67,4.33,4.42
2025,Fall,Heinz College,HC,94870,A1,"GORANSON, CHRISTOPHER",TELL STORIES W DATA,Graduate,18,10,55.6%,9.20,4.70,4.40,4.60,4.40,4.40,4.60,4.70,4.60,4.50
2025,Fall,Heinz College,HC,94870,C1,"GORANSON, CHRISTOPHER",TELL STORIES W DATA,Graduate,21,11,52.4%,10.91,4.91,5.00,5.00,4.73,4.91,5.00,5.00,5.00,4.73
2025,Fall,Heinz College,HC,94879,A1,"RAO, ANAND",FUND OPERLZING AI,Graduate,35,25,71.4%,9.12,4.80,4.48,4.68,4.44,4.88,4.84,5.00,4.72,4.56
2025,Fall,Heinz College,HC,94879,B2,"RAO, ANAND",FUND OPERLZING AI,Graduate,38,27,71.1%,7.67,4.85,4.67,4.81,4.63,4.89,4.81,4.89,4.81,4.81
2025,Fall,Heinz College,HC,94885,A2,"RAO, ANAND",RESPL AI PRN POL PRC,Graduate,30,21,70.0%,9.71,4.62,4.48,4.80,4.30,4.90,4.75,4.90,4.65,4.55
2025,Fall,Heinz College,HC,94889,A,"GHANI, RAYID",ML PUB POLCY LAB,Graduate,7,4,57.1%,11.75,4.75,4.00,4.25,4.25,4.75,4.00,4.00,4.25,4.50
2025,Fall,Heinz College,HC,94891,A,"RIEL, JAMES",LEAN INNOV LAB,Graduate,11,5,45.5%,12.40,4.60,4.80,4.80,4.80,4.80,4.80,4.80,4.80,4.80
2025,Fall,Heinz College,HC,94893,A1,"QIAN, SEAN",INTRO TRAN SY AN,Graduate,9,6,66.7%,7.00,4.33,4.33,4.50,4.00,4.50,4.33,4.67,4.17,4.17
2025,Fall,Heinz College,HC,94894,A,"MANI, GANESH",AI & EMERGING ECON,Graduate,18,9,50.0%,5.00,4.56,4.67,4.56,4.22,4.44,4.22,4.56,4.44,4.33
2025,Fall,Heinz College,HC,94989,A,"GHANI, RAYID",ML PUB POLCY LAB,Graduate,2,1,50.0%,8.00,5.00,5.00,5.00,5.00,5.00,5.00,5.00,5.00,5.00
2025,Fall,School of Computer Science,HCI,05291,A,"LOUW, MARTI",LRNG MEDIA DESIGN,Undergraduate,6,2,33.3%,9.50,4.50,4.00,4.00,4.00,4.50,4.50,4.50,4.50,4.00
2025,Fall,School of Computer Science,HCI,05315,A,"KAUFMAN, GEOFF",PERSUASIVE DESIGN,Undergraduate,31,13,41.9%,5.92,4.62,4.69,4.77,4.77,4.54,4.77,4.92,4.77,4.77
2025,Fall,School of Computer Science,HCI,05317,A,"FORLIZZI, JODI",DSGN OF AI PRODUCTS,Undergraduate,30,14,46.7%,9.00,4.15,3.62,4.08,4.08,4.23,4.15,4.31,4.08,3.77
2025,Fall,School of Computer Science,HCI,05317,B,"SAFFER, DANIEL",DSGN OF AI PRODUCTS,Undergraduate,22,6,27.3%,7.00,4.50,4.50,4.50,4.67,4.67,4.50,4.67,4.50,4.67
2025,Fall,School of Computer Science,HCI,05317,A,"LAHN, MELISSA",DSGN OF AI PRODUCTS,Undergraduate,30,14,46.7%,8.71,3.71,3.14,3.71,3.50,3.79,3.93,4.07,3.71,3.57
2025,Fall,School of Computer Science,HCI,05317,B,"ZHANG, LEON",DSGN OF AI PRODUCTS,Undergraduate,22,6,27.3%,7.00,4.33,4.50,4.67,4.83,4.67,4.50,4.83,4.50,4.67
2025,Fall,School of Computer Science,HCI,05318,A,"ESLAMI, MOTAHHARE",HUMAN AI INT,Undergraduate,24,5,20.8%,6.20,4.60,4.20,4.60,4.00,4.20,4.40,4.80,4.20,3.80
2025,Fall,School of Computer Science,HCI,05318,B,"ESLAMI, MOTAHHARE",HUMAN AI INT,Undergraduate,19,5,26.3%,6.80,4.20,4.80,4.60,4.20,4.20,4.20,4.60,4.20,4.00
2025,Fall,School of Computer Science,HCI,05318,A,"ZHU, HAIYI",HUMAN AI INT,Undergraduate,24,5,20.8%,6.20,4.60,4.20,4.40,4.00,4.20,4.60,4.80,4.20,4.20
2025,Fall,School of Computer Science,HCI,05318,B,"ZHU, HAIYI",HUMAN AI INT,Undergraduate,19,5,26.3%,6.80,4.20,4.20,4.80,4.20,4.20,4.40,4.80,4.20,4.20
2025,Fall,School of Computer Science,HCI,05319,A,"MORITZ, DOMINIK",DATA VISUALIZATION,Undergraduate,4,1,25.0%,11.00,5.00,5.00,5.00,5.00,5.00,5.00,5.00,5.00,5.00
2025,Fall,School of Computer Science,HCI,05320,A,"SHIRADO, HIROKAZU",SOCIAL WEB,Undergraduate,19,5,26.3%,4.40,4.60,4.40,4.40,4.40,4.40,4.40,5.00,4.40,4.40
2025,Fall,School of Computer Science,HCI,05332,A,"CARRINGTON, PATRICK",ACCESSIBILITY,Undergraduate,8,5,62.5%,8.00,4.40,4.00,4.40,4.60,4.80,4.60,4.80,4.80,4.00
2025,Fall,School of Computer Science,HCI,05360,C,"SMITH, CAROL",IXD FUNDAMENTALS,Undergraduate,13,4,30.8%,9.50,3.75,3.25,4.00,3.75,4.00,3.50,4.25,3.50,3.75
2025,Fall,School of Computer Science,HCI,05360,A,"SAUNDERS, JULIE",IXD FUNDAMENTALS,Undergraduate,22,15,68.2%,8.21,4.71,4.21,4.21,4.14,4.21,4.14,4.07,4.29,4.00
2025,Fall,School of Computer Science,HCI,05360,B,"SAUNDERS, JULIE",IXD FUNDAMENTALS,Undergraduate,24,21,87.5%,7.84,4.42,4.42,4.47,4.68,4.53,4.53,4.63,4.47,4.21
2025,Fall,School of Computer Science,HCI,05360,D,"GUIDI, MEGAN",IXD FUNDAMENTALS,Undergraduate,20,9,45.0%,10.67,3.67,3.33,3.67,2.89,3.89,3.67,3.78,3.44,3.11
2025,Fall,School of Computer Science,HCI,05360,C,"LEVIN-DECANINI, ANTHONY",IXD FUNDAMENTALS,Undergraduate,13,4,30.8%,9.50,4.00,3.50,3.75,3.25,4.50,4.50,4.00,3.50,4.00
2025,Fall,School of Computer Science,HCI,05360,E,"LUCAS, BILL",IXD FUNDAMENTALS,Undergraduate,20,6,30.0%,9.00,4.67,4.17,4.50,4.67,4.67,4.67,4.67,4.50,4.33
2025,Fall,School of Computer Science,HCI,05360,B,"LAHN, MELISSA",IXD FUNDAMENTALS,Undergraduate,24,21,87.5%,8.00,4.10,4.10,4.25,4.25,4.35,4.25,4.37,4.05,4.00
2025,Fall,School of Computer Science,HCI,05360,D,"VINCHESI, LAURA",IXD FUNDAMENTALS,Undergraduate,20,9,45.0%,9.88,4.00,4.00,3.63,3.75,4.38,4.00,4.00,3.75,3.38
2025,Fall,School of Computer Science,HCI,05360,A,"NEUMANN, MEGHAN",IXD FUNDAMENTALS,Undergraduate,22,15,68.2%,8.20,4.60,4.33,4.33,4.40,4.33,4.20,4.60,4.40,4.07
2025,Fall,School of Computer Science,HCI,05360,E,"SHELLY, SKIP",IXD FUNDAMENTALS,Undergraduate,20,6,30.0%,9.00,4.67,4.50,4.67,4.67,4.67,4.67,4.67,4.50,4.33
2025,Fall,School of Computer Science,HCI,05361,A,"NEUMANN, MEGHAN",ADVANCED IXD,Undergraduate,13,9,69.2%,10.00,4.78,4.11,4.11,4.56,4.56,4.22,4.89,4.78,4.11
2025,Fall,School of Computer Science,HCI,05361,A,"SAFFER, DANIEL",ADVANCED IXD,Undergraduate,13,9,69.2%,10.00,4.38,3.88,3.75,4.29,4.71,4.14,4.00,4.14,4.29
2025,Fall,School of Computer Science,HCI,05362,A,"HAMMER, JESSICA",TGDS,Undergraduate,11,4,36.4%,10.25,5.00,5.00,5.00,5.00,5.00,5.00,5.00,5.00,5.00
2025,Fall,School of Computer Science,HCI,05391,D,"DAS, SAUVIK",DES HUMN CENTRD SFTW,Undergraduate,53,21,39.6%,5.57,4.43,4.52,4.38,4.14,4.48,4.43,4.62,4.43,4.38
2025,Fall,School of Computer Science,HCI,05391,C,"HARRISON, CHRISTOPHER",DES HUMN CENTRD SFTW,Undergraduate,60,32,53.3%,6.50,4.25,4.19,4.25,3.91,4.50,4.59,4.19,4.44,4.25
2025,Fall,School of Computer Science,HCI,05391,B,"STEINFELD, AARON",DES HUMN CENTRD SFTW,Undergraduate,57,25,43.9%,5.48,4.60,4.68,4.72,4.56,4.72,4.68,4.72,4.60,4.56
2025,Fall,School of Computer Science,HCI,05391,A,"ION, ALEXANDRA",DES HUMN CENTRD SFTW,Undergraduate,72,18,25.0%,6.00,4.22,4.06,4.17,3.83,4.11,4.06,4.00,4.06,3.94
2025,Fall,School of Computer Science,HCI,05410,A,"SHEN, HONG",USER-CN RSRCH EVALN,Undergraduate,48,26,54.2%,9.62,4.15,3.73,3.81,3.69,4.12,3.96,4.31,3.96,3.69
2025,Fall,School of Computer Science,HCI,05431,1,"HUDSON, SCOTT",SFTWR STRCT US INTRF,Undergraduate,17,8,47.1%,8.75,3.63,2.88,3.38,3.00,3.50,3.13,4.00,3.25,3.25
2025,Fall,School of Computer Science,HCI,05434,A,"OFLAZER, KEMAL",MACHINE LRNG PRACTCE,Undergraduate,23,7,30.4%,10.71,2.14,2.29,2.71,2.43,2.71,2.43,2.43,2.43,2.29
2025,Fall,School of Computer Science,HCI,05452,A,"SHELLY, SKIP",SERVICE DESIGN,Undergraduate,8,3,37.5%,9.50,5.00,5.00,5.00,5.00,5.00,5.00,5.00,5.00,5.00
2025,Fall,School of Computer Science,HCI,05452,A,"BENVENUTI, NICKI",SERVICE DESIGN,Undergraduate,8,3,37.5%,9.00,4.67,4.33,4.67,4.33,4.67,4.67,5.00,4.33,4.67
2025,Fall,School of Computer Science,HCI,05470,A,"GUIDI, MEGAN",DGTL SRV INNVTN,Undergraduate,24,11,45.8%,10.73,4.00,3.82,3.91,4.00,4.36,4.27,4.36,4.00,4.09
2025,Fall,School of Computer Science,HCI,05470,A,"VINCHESI, LAURA",DGTL SRV INNVTN,Undergraduate,24,11,45.8%,9.91,4.36,4.09,4.36,4.27,4.55,4.36,4.73,4.27,4.18
2025,Fall,School of Computer Science,HCI,05499,E,"ZIMMERMAN, JOHN",HCII SPECIAL TOPICS,Undergraduate,8,2,25.0%,5.00,4.50,4.00,4.50,4.50,5.00,5.00,5.00,4.50,5.00
2025,Fall,School of Computer Science,HCI,05499,B,"HOLSTEIN, Kenneth",HCII SPECIAL TOPICS,Undergraduate,6,4,66.7%,6.50,4.75,4.50,4.50,4.50,5.00,4.75,5.00,4.75,4.75
2025,Fall,School of Computer Science,HCI,05499,A,"MARTELARO, NIKOLAS",HCII SPECIAL TOPICS,Undergraduate,5,2,40.0%,9.50,5.00,4.50,4.50,4.50,5.00,5.00,5.00,4.50,5.00
2025,Fall,School of Computer Science,HCI,05499,H,"LINDLBAUER, DAVID",HCII SPECIAL TOPICS,Undergraduate,12,9,75.0%,9.67,4.78,4.44,4.89,4.56,5.00,5.00,5.00,4.89,4.89
2025,Fall,School of Computer Science,HCI,05499,G,"FOX, SARAH",HCII SPECIAL TOPICS,Undergraduate,3,3,100.0%,7.00,5.00,5.00,5.00,5.00,5.00,5.00,5.00,5.00,4.67
2025,Fall,School of Computer Science,HCI,05499,D,"WU, SHERRY TONGSHUA",HCII SPECIAL TOPICS,Undergraduate,3,0,0.0%,,,,,,,,,,
2025,Fall,School of Computer Science,HCI,05600,A,"MUSURACA, RAELIN",HCI PRO SEMINAR,Graduate,64,30,46.9%,5.80,4.37,4.34,4.37,4.23,4.37,3.97,4.60,4.37,3.60
2025,Fall,School of Computer Science,HCI,05610,A,"MUSURACA, RAELIN",USER-CN RSRCH EVALN,Graduate,58,29,50.0%,11.00,4.34,4.07,4.41,3.90,4.59,4.31,4.66,4.31,4.14
2025,Fall,School of Computer Science,HCI,05615,A,"KAUFMAN, GEOFF",PERSUASIVE DESIGN,Graduate,28,10,35.7%,6.80,4.90,4.90,4.80,4.60,4.90,5.00,5.00,4.90,4.70
2025,Fall,School of Computer Science,HCI,05617,A,"FORLIZZI, JODI",DSGN OF AI PRODUCTS,Graduate,22,11,50.0%,10.00,4.11,4.11,4.25,4.25,4.25,3.89,4.11,3.89,3.90
2025,Fall,School of Computer Science,HCI,05617,B,"SAFFER, DANIEL",DSGN OF AI PRODUCTS,Graduate,33,14,42.4%,7.79,4.71,4.64,4.64,4.43,4.64,4.64,4.50,4.50,4.50
2025,Fall,School of Computer Science,HCI,05617,A,"LAHN, MELISSA",DSGN OF AI PRODUCTS,Graduate,22,11,50.0%,11.00,3.90,3.50,3.70,3.80,3.70,3.70,4.40,3.50,3.60
2025,Fall,School of Computer Science,HCI,05617,B,"ZHANG, LEON",DSGN OF AI PRODUCTS,Graduate,33,14,42.4%,7.79,4.64,4.57,4.57,4.50,4.57,4.43,4.64,4.50,4.57
2025,Fall,School of Computer Science,HCI,05618,A,"ESLAMI, MOTAHHARE",HUMAN AI INT,Graduate,30,11,36.7%,8.55,4.36,4.64,4.55,4.55,4.55,4.55,4.82,4.55,4.45
2025,Fall,School of Computer Science,HCI,05618,B,"ESLAMI, MOTAHHARE",HUMAN AI INT,Graduate,22,9,40.9%,7.67,4.44,4.33,4.67,4.11,4.78,4.78,4.78,4.67,4.33
2025,Fall,School of Computer Science,HCI,05618,A,"ZHU, HAIYI",HUMAN AI INT,Graduate,30,11,36.7%,8.55,4.36,4.36,4.27,4.27,4.45,4.27,4.73,4.27,4.36
2025,Fall,School of Computer Science,HCI,05618,B,"ZHU, HAIYI",HUMAN AI INT,Graduate,22,9,40.9%,8.00,3.86,3.71,3.86,3.57,3.86,4.00,4.29,3.57,3.86
2025,Fall,School of Computer Science,HCI,05619,A,"MORITZ, DOMINIK",DATA VISUALIZATION,Graduate,8,4,50.0%,13.25,3.50,3.75,4.25,4.50,4.75,4.50,4.00,4.00,4.25
2025,Fall,School of Computer Science,HCI,05631,1,"HUDSON, SCOTT",SFTWR STRCT US INTRF,Graduate,15,5,33.3%,8.60,2.60,3.80,3.40,2.80,3.40,3.80,4.40,2.80,2.60
2025,Fall,School of Computer Science,HCI,05632,A,"CARRINGTON, PATRICK",ACCESSIBILITY,Graduate,8,2,25.0%,6.50,5.00,4.50,4.50,5.00,5.00,5.00,5.00,5.00,5.00
2025,Fall,School of Computer Science,HCI,05635,1,"ALBAUGH, Lea",PIX,Graduate,43,20,46.5%,11.15,4.70,3.80,3.55,4.00,4.10,3.45,4.30,3.70,3.05
2025,Fall,School of Computer Science,HCI,05652,A,"SHELLY, SKIP",SERVICE DESIGN,Graduate,27,11,40.7%,14.82,4.55,4.36,4.64,4.55,4.64,4.64,4.55,4.45,4.27
2025,Fall,School of Computer Science,HCI,05652,A,"BENVENUTI, NICKI",SERVICE DESIGN,Graduate,27,11,40.7%,14.55,4.45,4.45,4.18,4.18,4.27,4.27,4.36,4.09,4.00
2025,Fall,School of Computer Science,HCI,05660,B,"LAHN, MELISSA",IXD FUNDAMENTALS,Graduate,10,8,80.0%,8.75,4.00,3.63,3.63,3.75,4.13,3.75,4.13,3.63,4.13
2025,Fall,School of Computer Science,HCI,05660,E,"LUCAS, BILL",IXD FUNDAMENTALS,Graduate,8,4,50.0%,9.50,4.75,3.50,4.00,3.75,4.75,4.25,4.50,4.25,4.50
2025,Fall,School of Computer Science,HCI,05660,D,"GUIDI, MEGAN",IXD FUNDAMENTALS,Graduate,17,8,47.1%,9.50,3.50,3.63,4.00,3.25,3.75,3.75,3.88,3.75,3.50
2025,Fall,School of Computer Science,HCI,05660,A,"SAUNDERS, JULIE",IXD FUNDAMENTALS,Graduate,15,12,80.0%,9.75,4.83,4.75,4.75,4.75,4.83,4.83,4.67,4.58,4.67
2025,Fall,School of Computer Science,HCI,05660,B,"SAUNDERS, JULIE",IXD FUNDAMENTALS,Graduate,10,8,80.0%,8.38,4.88,4.88,4.75,4.88,4.88,4.63,4.88,4.88,4.50
2025,Fall,School of Computer Science,HCI,05660,C,"SMITH, CAROL",IXD FUNDAMENTALS,Graduate,10,7,70.0%,10.14,4.00,4.43,4.57,4.29,4.29,4.29,4.86,4.14,4.57
2025,Fall,School of Computer Science,HCI,05660,C,"LEVIN-DECANINI, ANTHONY",IXD FUNDAMENTALS,Graduate,10,7,70.0%,9.71,4.29,4.57,4.71,4.57,4.71,4.71,4.43,4.29,4.57
2025,Fall,School of Computer Science,HCI,05660,E,"SHELLY, SKIP",IXD FUNDAMENTALS,Graduate,8,4,50.0%,9.50,5.00,4.50,5.00,4.50,5.00,5.00,5.00,4.50,4.50
2025,Fall,School of Computer Science,HCI,05660,A,"NEUMANN, MEGHAN",IXD FUNDAMENTALS,Graduate,15,12,80.0%,9.75,4.92,4.67,4.75,4.75,4.92,4.58,4.83,4.67,4.75
2025,Fall,School of Computer Science,HCI,05660,D,"VINCHESI, LAURA",IXD FUNDAMENTALS,Graduate,17,8,47.1%,9.88,3.75,3.75,4.00,3.13,3.75,3.75,3.75,3.63,3.75
2025,Fall,School of Computer Science,HCI,05661,A,"NEUMANN, MEGHAN",ADVANCED IXD,Graduate,16,10,62.5%,11.60,4.90,4.80,4.80,4.90,4.90,4.80,4.90,4.90,4.90
2025,Fall,School of Computer Science,HCI,05661,A,"SAFFER, DANIEL",ADVANCED IXD,Graduate,16,10,62.5%,11.60,4.70,4.70,4.60,4.80,4.90,4.80,4.90,4.80,4.90
2025,Fall,School of Computer Science,HCI,05662,A,"HAMMER, JESSICA",TGDS,Graduate,18,7,38.9%,12.71,4.71,4.57,4.43,4.29,4.57,4.71,4.57,4.57,4.57
2025,Fall,School of Computer Science,HCI,05670,A,"VINCHESI, LAURA",DGTL SRV INNVTN,Graduate,4,3,75.0%,9.00,3.33,3.33,3.00,3.00,3.00,3.00,3.00,3.00,3.00
2025,Fall,School of Computer Science,HCI,05670,A,"GUIDI, MEGAN",DGTL SRV INNVTN,Graduate,4,3,75.0%,10.00,2.67,3.00,3.33,3.67,3.00,3.33,3.33,3.00,3.00
2025,Fall,School of Computer Science,HCI,05691,A,"LOUW, MARTI",LRNG MEDIA DESIGN,Graduate,11,3,27.3%,16.00,4.67,4.67,4.00,4.67,5.00,4.33,4.67,4.33,4.33
2025,Fall,School of Computer Science,HCI,05738,A,"KOEDINGER, KENNETH",EVI-BA EDU DES,Graduate,27,14,51.9%,11.86,4.43,4.07,4.21,4.50,4.14,4.14,4.64,3.93,4.00
2025,Fall,School of Computer Science,HCI,05771,A,"KITTUR, ANIKET",HCI PROCESS & THEORY,Graduate,10,6,60.0%,6.50,4.33,4.33,4.50,4.67,4.50,4.33,4.67,4.50,4.33
2025,Fall,School of Computer Science,HCI,05820,A,"SHIRADO, HIROKAZU",SOCIAL WEB,Graduate,8,1,12.5%,8.00,5.00,5.00,5.00,5.00,5.00,5.00,5.00,5.00,4.00
2025,Fall,School of Computer Science,HCI,05823,A,"CARVALHO, PAULO",E-LEARN DSGN PRNCPLS,Graduate,26,12,46.2%,10.75,3.83,3.83,4.00,3.33,4.00,3.75,4.25,3.75,3.67
2025,Fall,School of Computer Science,HCI,05832,A,"ALEVEN, VINCENT",PERSONL ONLN LEARNG,Graduate,4,4,100.0%,10.25,4.75,4.50,4.00,4.75,4.50,4.25,4.75,4.00,4.25
2025,Fall,School of Computer Science,HCI,05834,A,"OFLAZER, KEMAL",APPLD MACHINE LEARNG,Graduate,29,18,62.1%,11.22,4.11,4.11,4.06,3.72,4.22,4.11,4.39,4.17,4.06
2025,Fall,School of Computer Science,HCI,05839,A,"PERER, ADAM",INTERACTIVE DATA SCI,Graduate,41,24,58.5%,7.88,4.83,4.88,4.92,4.83,4.92,4.71,4.96,4.83,4.71
2025,Fall,School of Computer Science,HCI,05863,A2,"OGAN, AMY",INTRO HCI TECH EXECS,Graduate,11,5,45.5%,14.20,4.80,4.60,4.80,4.00,4.80,4.60,5.00,4.60,4.40
2025,Fall,School of Computer Science,HCI,05891,B,"STEINFELD, AARON",DES HUMAN CENTR SFTW,Graduate,11,3,27.3%,10.00,5.00,4.67,4.67,4.67,4.67,4.67,4.67,4.67,4.67
2025,Fall,School of Computer Science,HCI,05891,C,"HARRISON, CHRISTOPHER",DES HUMAN CENTR SFTW,Graduate,12,7,58.3%,9.71,5.00,5.00,5.00,5.00,5.00,5.00,5.00,5.00,5.00
2025,Fall,School of Computer Science,HCI,05891,D,"DAS, SAUVIK",DES HUMAN CENTR SFTW,Graduate,9,5,55.6%,6.80,4.80,4.80,4.80,4.00,4.80,4.60,5.00,4.80,4.40
2025,Fall,School of Computer Science,HCI,05891,A,"ION, ALEXANDRA",DES HUMAN CENTR SFTW,Graduate,4,2,50.0%,6.50,5.00,4.50,4.50,4.50,5.00,5.00,4.00,4.50,4.50
2025,Fall,School of Computer Science,HCI,05899,H,"LINDLBAUER, DAVID",SPECIAL TPCS IN HCI,Graduate,15,8,53.3%,11.75,4.63,4.63,4.75,4.25,4.75,4.88,4.75,4.50,4.50
2025,Fall,School of Computer Science,HCI,05899,G,"FOX, SARAH",SPECIAL TPCS IN HCI,Graduate,15,11,73.3%,6.64,4.64,4.91,4.82,4.91,4.82,4.82,5.00,4.82,4.73
2025,Fall,School of Computer Science,HCI,05899,D,"WU, SHERRY TONGSHUA",SPECIAL TPCS IN HCI,Graduate,20,12,60.0%,7.00,4.75,4.75,4.83,4.92,4.83,5.00,5.00,4.92,4.83
2025,Fall,School of Computer Science,HCI,05899,A,"MARTELARO, NIKOLAS",SPECIAL TPCS IN HCI,Graduate,25,12,48.0%,7.50,4.75,4.67,4.83,4.67,4.50,4.58,5.00,4.92,4.75
2025,Fall,School of Computer Science,HCI,05899,F,"HARPSTEAD, ERIK",SPECIAL TPCS IN HCI,Graduate,5,2,40.0%,6.50,4.50,4.00,4.00,4.50,4.00,4.50,4.50,4.50,4.00
2025,Fall,School of Computer Science,HCI,05899,B,"HOLSTEIN, Kenneth",SPECIAL TPCS IN HCI,Graduate,19,10,52.6%,9.20,4.50,4.60,4.50,4.60,4.40,4.20,4.90,4.40,4.40
2025,Fall,School of Computer Science,HCI,05899,E,"ZIMMERMAN, JOHN",SPECIAL TPCS IN HCI,Graduate,12,4,33.3%,11.75,4.75,4.75,5.00,5.00,5.00,5.00,5.00,5.00,5.00
2025,Fall,School of Computer Science,HCI,05997,P,"KAUFMAN, GEOFF",READNG & RESRCH HCI,Graduate,2,0,0.0%,,,,,,,,,,
2025,Fall,Dietrich College of Humanities and Social Sciences,HIS,79104,W,"REILLY, BENJAMIN",GLOBAL HISTORIES,Undergraduate,24,9,37.5%,8.67,4.89,4.78,4.67,4.78,4.67,4.78,4.89,5.00,4.78
2025,Fall,Dietrich College of Humanities and Social Sciences,HIS,79104,X,"NAIR, DEEPA",GLOBAL HISTORIES,Undergraduate,14,11,78.6%,8.27,4.91,5.00,4.82,4.91,5.00,4.82,4.91,4.91,4.91
2025,Fall,Dietrich College of Humanities and Social Sciences,HIS,79106,A2,"PEMARATANA, SOORAKKULAME",INTRO ASIAN RELIGNS,Undergraduate,20,9,45.0%,5.00,4.56,4.44,4.44,4.67,4.44,4.33,4.78,4.56,4.56
2025,Fall,Dietrich College of Humanities and Social Sciences,HIS,79122,A,"OLIVER, Megan",ANC MEDITERR CIV,Undergraduate,10,8,80.0%,5.00,4.50,4.50,4.63,4.00,4.63,4.75,4.75,4.50,4.63
2025,Fall,Dietrich College of Humanities and Social Sciences,HIS,79124,A2,"PEMARATANA, SOORAKKULAME",INDIAN YOGA & MEDIT,Undergraduate,22,9,40.9%,4.63,4.88,4.50,5.00,4.50,4.63,5.00,5.00,5.00,4.75
2025,Fall,Dietrich College of Humanities and Social Sciences,HIS,79145,1,"LAW, RICKY",GENOCIDE AND WMD,Undergraduate,91,38,41.8%,6.26,4.68,4.45,4.50,3.97,4.79,4.68,4.74,4.74,4.42
2025,Fall,Dietrich College of Humanities and Social Sciences,HIS,79153,1,"LAW, RICKY",ANCIENT ROME,Undergraduate,44,26,59.1%,5.92,4.96,4.81,4.92,4.04,4.85,4.85,4.92,4.85,4.69
2025,Fall,Dietrich College of Humanities and Social Sciences,HIS,79159,A2,"LAKSHMINARASIMHAN, SURAJ",HINDUISM: RELG & BJP,Undergraduate,12,5,41.7%,4.40,4.60,5.00,4.80,4.60,4.80,4.20,4.80,3.80,4.40
2025,Fall,Dietrich College of Humanities and Social Sciences,HIS,79165,A2,"SANGREY, TREVOR",NINETS GAY 1890-1990,Undergraduate,10,3,30.0%,5.00,4.67,4.33,4.67,4.67,4.33,4.33,4.67,4.33,4.33
2025,Fall,Dietrich College of Humanities and Social Sciences,HIS,79175,A,"LEACH, JAMIE",MONEYBALL NATION,Undergraduate,30,26,86.7%,6.04,4.54,4.35,4.42,4.27,4.38,4.35,4.85,4.42,4.38
2025,Fall,Dietrich College of Humanities and Social Sciences,HIS,79175,B,"LEACH, JAMIE",MONEYBALL NATION,Undergraduate,4,4,100.0%,6.50,4.25,4.50,4.50,4.50,4.25,4.50,4.75,4.50,4.50
2025,Fall,Dietrich College of Humanities and Social Sciences,HIS,79176,A2,"MASSOUMI, MEJGAN",TECH REV MIDEAST,Undergraduate,10,8,80.0%,4.25,5.00,4.75,4.63,5.00,5.00,4.75,5.00,4.75,4.63
2025,Fall,Dietrich College of Humanities and Social Sciences,HIS,79178,A,"TETRAULT, LISA",EQLTY UNDR THE LAW,Undergraduate,10,8,80.0%,6.50,4.75,4.00,4.13,3.63,4.75,4.00,4.50,4.38,4.25
2025,Fall,Dietrich College of Humanities and Social Sciences,HIS,79185,A2,"WALKE, ANIKA",POLT & ART OF MEMORY,Undergraduate,15,4,26.7%,7.25,4.50,4.50,4.50,4.25,4.75,5.00,4.75,4.75,4.50
2025,Fall,Dietrich College of Humanities and Social Sciences,HIS,79197,A2,"FRIEDMAN, MICHAL",JEWISH MEMRY & ARCHV,Undergraduate,7,2,28.6%,5.00,5.00,5.00,5.00,5.00,5.00,5.00,5.00,5.00,5.00
2025,Fall,Dietrich College of Humanities and Social Sciences,HIS,79201,A,"SHAFFER, BENNY",INTRO ANTHROPOLOGY,Undergraduate,22,8,36.4%,7.25,4.25,3.75,4.13,3.63,4.13,4.25,4.75,4.13,4.13
2025,Fall,Dietrich College of Humanities and Social Sciences,HIS,79201,B,"SHAFFER, BENNY",INTRO ANTHROPOLOGY,Undergraduate,16,6,37.5%,6.50,4.50,4.17,4.17,4.33,4.00,4.50,4.67,4.17,4.17
2025,Fall,Dietrich College of Humanities and Social Sciences,HIS,79211,A,"THERIAULT, NOAH",MODRN SOUTHEAST ASIA,Undergraduate,27,14,51.9%,5.86,4.79,4.86,4.86,4.64,4.79,4.79,4.86,4.79,4.71
2025,Fall,Dietrich College of Humanities and Social Sciences,HIS,79215,A,"SOLURI, JOHN",ENVIRONMENT JUSTICE,Undergraduate,43,14,32.6%,5.21,4.14,4.00,4.21,4.00,4.36,4.07,4.29,3.93,4.00
2025,Fall,Dietrich College of Humanities and Social Sciences,HIS,79223,A,"EISS, PAUL",MEXCO:AZTEC EMP-DRUG,Undergraduate,24,15,62.5%,6.40,4.67,4.20,4.27,3.73,4.53,4.53,4.73,4.33,4.40
2025,Fall,Dietrich College of Humanities and Social Sciences,HIS,79230,A,"BANKO, LAUREN",ARAB-ISRAELI THR1948,Undergraduate,25,9,36.0%,6.00,4.44,4.22,4.33,4.44,4.33,4.33,4.78,4.44,4.33
2025,Fall,Dietrich College of Humanities and Social Sciences,HIS,79233,A2,"BANKO, LAUREN",DSPLC MGT MID EST,Undergraduate,6,1,16.7%,8.00,5.00,5.00,5.00,5.00,5.00,5.00,5.00,5.00,5.00
2025,Fall,Dietrich College of Humanities and Social Sciences,HIS,79234,A,"LOTFI, SARVNAZ",TECHNOLOGY & SOCIETY,Undergraduate,80,41,51.3%,7.05,4.44,4.15,4.12,4.15,4.49,4.27,4.44,4.15,3.93
2025,Fall,Dietrich College of Humanities and Social Sciences,HIS,79239,A,"BEATTY, AIDAN",THEORIES NATNLSM,Undergraduate,19,13,68.4%,5.50,4.38,4.46,4.38,4.31,4.62,4.54,4.92,4.46,4.46
2025,Fall,Dietrich College of Humanities and Social Sciences,HIS,79245,A,"SANDAGE, SCOTT",CAPTLM INDV AMER CLT,Undergraduate,25,11,44.0%,8.27,4.91,4.45,4.55,4.73,4.82,4.82,4.91,4.82,4.73
2025,Fall,Dietrich College of Humanities and Social Sciences,HIS,79248,A,"SANDAGE, SCOTT",US CONST&PRESIDENCY,Undergraduate,21,11,52.4%,7.73,5.00,4.73,4.82,5.00,4.91,4.91,4.73,5.00,4.91
2025,Fall,Dietrich College of Humanities and Social Sciences,HIS,79249,A,"TABOR, Alex",20TH CENTURY US HIS,Undergraduate,8,1,12.5%,5.00,5.00,5.00,5.00,5.00,5.00,5.00,5.00,5.00,5.00
2025,Fall,Dietrich College of Humanities and Social Sciences,HIS,79260,A,"LAW, RICKY",NAZI GERMANY,Undergraduate,16,6,37.5%,7.50,4.83,5.00,4.83,4.67,4.67,4.67,4.67,4.83,4.67
2025,Fall,Dietrich College of Humanities and Social Sciences,HIS,79261,A,"WEINER, BENNO",THE LAST EMPERORS,Undergraduate,15,6,40.0%,8.00,4.33,3.83,4.33,3.83,4.50,4.17,4.33,4.00,3.67
2025,Fall,Dietrich College of Humanities and Social Sciences,HIS,79265,A,"STORELLA, CARMINE",RUS HIS:GAME THRONES,Undergraduate,10,4,40.0%,6.50,5.00,5.00,5.00,4.75,4.75,5.00,5.00,5.00,5.00
2025,Fall,Dietrich College of Humanities and Social Sciences,HIS,79270,A,"FRIEDMAN, MICHAL",ANTISEMITSM THEN/NOW,Undergraduate,19,9,47.4%,7.00,4.11,3.78,3.56,3.67,4.11,3.56,4.56,3.56,3.78
2025,Fall,Dietrich College of Humanities and Social Sciences,HIS,79275,A,"THERIAULT, NOAH",INTRO TO GLOBAL STDS,Undergraduate,29,12,41.4%,6.50,4.58,4.42,4.33,4.17,4.17,4.42,4.75,4.50,4.42
2025,Fall,Dietrich College of Humanities and Social Sciences,HIS,79284,W,"NAIR, DEEPA",MUSLIM REPRESENTATIO,Undergraduate,21,13,61.9%,8.46,4.92,4.62,4.62,4.23,5.00,4.54,5.00,4.46,4.46
2025,Fall,Dietrich College of Humanities and Social Sciences,HIS,79289,A,"SOLURI, JOHN",ENV HIS PEOPLE/ANIML,Undergraduate,18,7,38.9%,4.57,4.71,4.67,4.83,5.00,4.50,4.83,4.83,4.83,4.83
2025,Fall,Dietrich College of Humanities and Social Sciences,HIS,79290,A,"FIELDS-BLACK, EDDA",SLAVE PASSAGE,Undergraduate,6,3,50.0%,8.00,4.33,3.67,3.33,4.33,4.67,4.67,5.00,4.33,4.33
2025,Fall,Dietrich College of Humanities and Social Sciences,HIS,79296,A2,"GILCHRIST, JAMES",RELIGION IN AMER POL,Undergraduate,24,9,37.5%,3.88,4.78,4.33,4.56,4.11,4.78,4.56,4.78,4.78,4.67
2025,Fall,Dietrich College of Humanities and Social Sciences,HIS,79300,A,"ARONSON, JAY",HSTRY AMERCN PUB POL,Undergraduate,23,12,52.2%,7.00,4.25,3.92,4.00,4.33,4.75,4.17,4.25,4.33,4.50
2025,Fall,Dietrich College of Humanities and Social Sciences,HIS,79314,A,"GRAMA, EMANUELA",POLITICS & CLT MEMRY,Undergraduate,16,14,87.5%,8.00,4.93,4.50,4.71,4.14,4.93,4.71,4.79,4.79,4.79
2025,Fall,Dietrich College of Humanities and Social Sciences,HIS,79316,A,"MAY, AKEMI",PHOTOG FIRST 100 YRS,Undergraduate,11,7,63.6%,4.57,4.14,4.43,4.29,3.86,4.29,4.00,4.86,4.14,4.14
2025,Fall,Dietrich College of Humanities and Social Sciences,HIS,79317,A,"EISS, PAUL",ART ANTHRPLGY EMPIRE,Undergraduate,23,9,39.1%,6.67,4.22,4.22,4.78,4.00,4.67,4.11,4.56,4.33,4.22
2025,Fall,Dietrich College of Humanities and Social Sciences,HIS,79329,A,"HAGGERTY, TIMOTHY",LGBTQ+ HISTORY,Undergraduate,20,8,40.0%,3.88,4.63,4.63,4.63,4.63,4.75,4.50,4.88,4.75,4.75
2025,Fall,Dietrich College of Humanities and Social Sciences,HIS,79330,A,"SANFORD, EZELLE",MEDICINE & SOCIETY,Undergraduate,22,11,50.0%,5.82,4.82,3.36,4.09,3.09,4.82,4.27,4.64,4.00,3.73
2025,Fall,Dietrich College of Humanities and Social Sciences,HIS,79331,A,"TETRAULT, LISA",BDY PLTC: WM HLT AM,Undergraduate,25,17,68.0%,7.82,4.94,4.18,4.41,3.71,4.88,4.82,4.59,4.59,4.71
2025,Fall,Dietrich College of Humanities and Social Sciences,HIS,79332,A,"BARNES, JULIA",MEDICAL ANTHROPOLOGY,Undergraduate,6,6,100.0%,7.00,5.00,4.83,5.00,4.83,5.00,5.00,5.00,5.00,4.83
2025,Fall,Dietrich College of Humanities and Social Sciences,HIS,79355,A2,"GILCHRIST, JAMES",FAKE NEWS/JNLSM HIST,Undergraduate,20,10,50.0%,5.30,4.40,4.00,4.40,4.20,4.80,4.50,4.80,4.40,4.10
2025,Fall,Dietrich College of Humanities and Social Sciences,HIS,79360,A,"ARONSON, JAY",CRIME POLICING & LAW,Undergraduate,30,15,50.0%,6.20,4.47,4.60,4.40,4.07,4.60,4.13,4.67,3.93,4.13
2025,Fall,Dietrich College of Humanities and Social Sciences,HIS,79392,W,"REILLY, BENJAMIN",EUROPE ISLAMIC WORLD,Undergraduate,18,7,38.9%,7.14,4.86,4.86,4.71,5.00,4.71,4.86,4.43,4.71,4.86
2025,Fall,Dietrich College of Humanities and Social Sciences,HIS,79400,A,"GRAMA, EMANUELA",AVD SEM GLOBL STUDES,Undergraduate,7,6,85.7%,10.50,4.50,4.17,4.17,4.17,4.83,4.83,4.67,4.50,4.33
2025,Fall,Dietrich College of Humanities and Social Sciences,HIS,79420,A,"GRAMA, EMANUELA",ADV SMNR HIST,Undergraduate,8,2,25.0%,9.50,4.50,3.50,4.00,4.00,5.00,5.00,5.00,5.00,4.00
2025,Fall,Dietrich College of Humanities and Social Sciences,HIS,79421,W1,"BANKO, LAUREN",DOCUMENTING REFUGEES,Undergraduate,7,2,28.6%,3.50,5.00,5.00,5.00,5.00,5.00,5.00,5.00,5.00,5.00
2025,Fall,Dietrich College of Humanities and Social Sciences,HIS,79449,A,"WENNER, DANIELLE",EHPP CAPSTONE COURSE,Undergraduate,7,6,85.7%,9.50,4.60,4.60,4.60,4.80,5.00,4.60,5.00,4.60,4.40
2025,Fall,Dietrich College of Humanities and Social Sciences,HIS,79492,B,"BEATTY, AIDAN",FACULTY RESRCH ASSTN,Undergraduate,2,0,0.0%,,,,,,,,,,
2025,Fall,Dietrich College of Humanities and Social Sciences,HIS,79492,A,"GARNHART-BUSHAKRA, ALEXANDRA",FACULTY RESRCH ASSTN,Undergraduate,2,1,50.0%,2.00,5.00,5.00,5.00,5.00,5.00,4.00,5.00,5.00,4.00
2025,Fall,Dietrich College of Humanities and Social Sciences,HIS,79701,A,"WEINER, BENNO",GRAD RESEARCH SEM I,Graduate,3,1,33.3%,2.00,3.00,4.00,4.00,4.00,4.00,4.00,4.00,4.00,4.00
2025,Fall,Dietrich College of Humanities and Social Sciences,HIS,79702,A,"WEINER, BENNO",GRAD RESRCH SEMNR II,Graduate,4,1,25.0%,5.00,5.00,5.00,5.00,5.00,5.00,5.00,5.00,5.00,5.00
2025,Fall,Dietrich College of Humanities and Social Sciences,HIS,79707,A,"SANFORD, EZELLE",HIST MED & PBLC HLTH,Graduate,8,2,25.0%,8.00,5.00,5.00,5.00,5.00,5.00,5.00,5.00,5.00,5.00
2025,Fall,Dietrich College of Humanities and Social Sciences,HIS,79781,A,"TETRAULT, LISA",BDY PLTC: WM HLT AM,Graduate,2,0,0.0%,,,,,,,,,,
2025,Fall,Dietrich College of Humanities and Social Sciences,HSS,66101,C,"RAMEY, ANDREW",DISCUSS,Undergraduate,21,15,71.4%,2.00,4.93,4.80,4.73,4.93,4.80,4.87,4.93,5.00,4.67
2025,Fall,Dietrich College of Humanities and Social Sciences,HSS,66101,B,"CHRISTOPHERSON, ASHLEY",DISCUSS,Undergraduate,22,11,50.0%,2.27,4.82,4.73,4.64,4.64,4.73,4.73,4.91,4.82,4.55
2025,Fall,Dietrich College of Humanities and Social Sciences,HSS,66101,D,"CHRISTOPHERSON, ASHLEY",DISCUSS,Undergraduate,20,9,45.0%,2.33,4.89,4.78,4.67,4.89,4.78,4.67,4.89,4.78,4.33
2025,Fall,Dietrich College of Humanities and Social Sciences,HSS,66101,A,"MAXWELL, KELLI",DISCUSS,Undergraduate,22,16,72.7%,2.38,4.81,4.63,4.63,4.75,4.50,4.63,4.88,4.56,4.38
2025,Fall,Dietrich College of Humanities and Social Sciences,HSS,66118,A,"BENNER, JESSICA",DC FIRST-YR SEMINAR,Undergraduate,35,19,54.3%,4.53,4.68,4.63,4.42,4.42,4.47,4.47,4.74,4.47,4.26
2025,Fall,Dietrich College of Humanities and Social Sciences,HSS,66118,A,"GREENHOUSE, JOEL",DC FIRST-YR SEMINAR,Undergraduate,35,19,54.3%,4.21,4.74,4.74,4.68,4.68,4.63,4.74,4.89,4.68,4.53
2025,Fall,Dietrich College of Humanities and Social Sciences,HSS,66131,A,"DUBREIL, SEBASTIEN",DC FIRST-YR SEMINAR,Undergraduate,32,14,43.8%,10.14,4.50,3.50,3.50,4.21,4.07,3.64,4.57,3.79,3.14
2025,Fall,Dietrich College of Humanities and Social Sciences,HSS,66131,A,"MOZISEK, KORRYN",DC FIRST-YR SEMINAR,Undergraduate,32,14,43.8%,10.14,4.07,2.71,3.00,3.86,3.43,3.14,4.21,2.79,2.64
2025,Fall,Dietrich College of Humanities and Social Sciences,HSS,66136,A,"GOMEZ, FELIPE",DC FIRSTYEAR SEMINAR,Undergraduate,34,34,100.0%,7.18,3.88,3.41,3.76,3.56,3.97,3.85,3.85,3.82,3.59
2025,Fall,Dietrich College of Humanities and Social Sciences,HSS,66136,A,"FRIES, Emma",DC FIRSTYEAR SEMINAR,Undergraduate,34,34,100.0%,7.35,4.06,3.53,3.79,4.00,4.09,3.76,4.21,3.76,3.59
2025,Fall,Dietrich College of Humanities and Social Sciences,HSS,66145,A,"HAGGERTY, TIMOTHY",DC FIRST-YR SEMINAR,Undergraduate,26,9,34.6%,3.67,3.67,2.44,2.78,3.33,3.78,3.11,4.00,3.22,3.11
2025,Fall,Dietrich College of Humanities and Social Sciences,HSS,66146,A,"MILLER, JOHN",DC FIRST YEAR SEMINA,Undergraduate,35,15,42.9%,4.80,4.60,4.33,4.47,4.60,4.60,4.33,4.93,4.60,4.27
2025,Fall,Dietrich College of Humanities and Social Sciences,HSS,66146,A,"ZOLLMAN, KEVIN",DC FIRST YEAR SEMINA,Undergraduate,35,15,42.9%,4.80,4.60,4.40,4.33,4.53,4.47,4.40,5.00,4.53,4.27
2025,Fall,Dietrich College of Humanities and Social Sciences,HSS,66148,A,"MARTINEZ, JAIME",INTR-COMNTY-ENGAGEMT,Undergraduate,11,4,36.4%,2.00,4.50,3.75,3.75,3.75,3.75,4.50,4.75,4.00,3.75
2025,Fall,Dietrich College of Humanities and Social Sciences,HSS,66151,A,"GEORGE, BARBARA",DC FIRST-YEAR SEMINA,Undergraduate,36,23,63.9%,6.43,4.30,3.78,3.68,3.91,3.73,3.74,4.74,3.70,3.39
2025,Fall,Dietrich College of Humanities and Social Sciences,HSS,66151,A,"BALLESTEROS SORIA, Nuria",DC FIRST-YEAR SEMINA,Undergraduate,36,23,63.9%,6.50,4.36,3.95,3.77,3.91,3.95,3.82,4.55,3.86,3.45
2025,Fall,Dietrich College of Humanities and Social Sciences,HSS,66152,A,"SANGREY, TREVOR",DC GRAND CHALLENGE,Undergraduate,34,20,58.8%,5.30,3.80,3.40,3.45,3.15,3.90,3.80,3.90,3.50,3.25
2025,Fall,Dietrich College of Humanities and Social Sciences,HSS,66152,A,"HELGESON, VICKI",DC GRAND CHALLENGE,Undergraduate,34,20,58.8%,5.32,3.63,3.37,3.42,3.47,3.68,3.68,3.79,3.68,3.11
2025,Fall,Dietrich College of Humanities and Social Sciences,HSS,66221,A,"THOMAS, JOHN",TOPICS OF LAW,Undergraduate,84,34,40.5%,2.97,4.44,4.44,4.44,4.12,4.41,4.38,4.59,4.29,4.41
2025,Fall,Dietrich College of Humanities and Social Sciences,HSS,66221,A,"PATEL, SAMIR",TOPICS OF LAW,Undergraduate,84,34,40.5%,3.06,4.56,4.47,4.59,4.18,4.59,4.53,4.65,4.44,4.50
2025,Fall,Dietrich College of Humanities and Social Sciences,HSS,66236,A,"DEAN, ERIN",ENVIRONMENTAL IDEAS,Undergraduate,16,8,50.0%,6.50,4.75,4.88,4.75,4.75,4.75,4.86,4.86,4.86,4.75
2025,Fall,Dietrich College of Humanities and Social Sciences,HSS,66236,W,"SEVER, S. DUYGU",ENVIRONMENTAL IDEAS,Undergraduate,19,12,63.2%,7.75,5.00,5.00,5.00,5.00,5.00,5.00,5.00,5.00,5.00
2025,Fall,Dietrich College of Humanities and Social Sciences,HSS,66300,A,"PIATT, KIMBERLY",LEADERSHIP-COMMUNITY,Undergraduate,9,1,11.1%,5.00,5.00,5.00,5.00,5.00,5.00,5.00,5.00,5.00,5.00
2025,Fall,Dietrich College of Humanities and Social Sciences,HSS,66310,B1,"PIATT, KIMBERLY",REFLCT EXP LEARNING,Undergraduate,6,0,0.0%,,,,,,,,,,
2025,Fall,Dietrich College of Humanities and Social Sciences,HSS,66400,A2,"DEVINE, JOSEPH",DC HONORS COLLOQUIUM,Undergraduate,10,3,30.0%,2.00,4.67,4.00,4.33,4.00,4.00,4.33,4.67,4.00,4.00
2025,Fall,Dietrich College of Humanities and Social Sciences,HSS,66400,B2,"DEVINE, JOSEPH",DC HONORS COLLOQUIUM,Undergraduate,8,2,25.0%,5.00,5.00,4.50,5.00,4.50,4.50,4.50,5.00,4.50,4.50
2025,Fall,Dietrich College of Humanities and Social Sciences,HSS,66402,A,"TROMBETTA, Teresa",DC LEADERSHIP SEMINR,Undergraduate,13,11,84.6%,6.64,5.00,5.00,5.00,5.00,5.00,5.00,5.00,5.00,5.00
2025,Fall,Dietrich College of Humanities and Social Sciences,HSS,66506,A,"DEAN, ERIN",SENIOR CAPSTONE,Undergraduate,11,8,72.7%,7.63,4.50,4.75,4.63,4.25,4.63,4.38,4.63,4.75,4.25
2025,Fall,Carnegie Institute of Technology,ICT,04601,A,"LUHANGA, EDITH",ICT IN AFRICA SEM,Graduate,17,15,88.2%,10.67,4.87,4.73,4.47,4.60,4.73,4.73,4.93,4.67,4.47
2025,Fall,Carnegie Institute of Technology,ICT,04603,A,"THORNBURG, JESSE",ICT ENTREPRENEUR SEM,Graduate,29,26,89.7%,7.19,4.81,4.69,4.65,4.69,4.77,4.73,4.88,4.77,4.73
2025,Fall,Carnegie Institute of Technology,ICT,04605,A,"STRAUGHAN, KEITH",PROFESS DEVELOP SEM,Graduate,66,48,72.7%,6.94,4.98,4.90,4.96,4.67,4.92,4.98,4.94,4.88,4.88
2025,Fall,Carnegie Institute of Technology,ICT,04606,A,"THOMPSON, GLEN",ACADEMIC SKILS ENG I,Graduate,7,7,100.0%,4.57,5.00,4.86,5.00,4.86,4.86,4.86,5.00,5.00,5.00
2025,Fall,Carnegie Institute of Technology,ICT,04608,A,"LEE, KWAN",ADV ACADEMIC SKILS I,Graduate,8,8,100.0%,3.50,4.88,4.88,4.75,4.88,4.75,4.88,4.88,4.88,4.75
2025,Fall,Carnegie Institute of Technology,ICT,04617,A,"THORNBURG, JESSE",FOUNDATIONS OF ENT,Graduate,48,40,83.3%,10.15,4.80,4.70,4.72,4.63,4.70,4.72,4.88,4.67,4.65
2025,Fall,Carnegie Institute of Technology,ICT,04630,A,"OKEYO, GEORGE",DATA STRUC ALGO 4ENG,Graduate,23,22,95.7%,16.64,4.82,4.86,4.86,4.73,4.86,4.86,4.77,4.82,4.68
2025,Fall,Carnegie Institute of Technology,ICT,04631,A,"UMUHOZA, ERIC",ADV DATABASE SYS,Graduate,13,11,84.6%,12.18,4.82,4.82,4.73,4.82,4.82,4.73,4.73,4.73,4.55
2025,Fall,Carnegie Institute of Technology,ICT,04632,A,"UMUHOZA, ERIC",DEV OPS,Graduate,20,19,95.0%,13.47,4.74,4.47,4.74,4.58,4.79,4.58,4.89,4.47,4.47
2025,Fall,Carnegie Institute of Technology,ICT,04638,A,"NGUEAJIO, MIKEL",PROGRAM 4 DATA ANALY,Graduate,50,41,82.0%,14.59,4.29,3.73,4.00,3.80,4.15,3.95,4.61,3.71,3.71
2025,Fall,Carnegie Institute of Technology,ICT,04641,A,"MUGUME, EDWIN",TELECOM & COMP NETW,Graduate,54,44,81.5%,12.95,4.95,4.84,4.80,4.95,4.86,4.89,4.93,4.93,4.82
2025,Fall,Carnegie Institute of Technology,ICT,04645,A,"MUGUME, EDWIN",INTERNET OF THINGS,Graduate,15,10,66.7%,12.78,5.00,4.89,4.80,4.70,4.70,5.00,4.90,4.70,4.50
2025,Fall,Carnegie Institute of Technology,ICT,04650,A,"OKEYO, GEORGE",MATH FOUND MACH LRG,Graduate,59,55,93.2%,14.47,4.67,4.56,4.69,4.51,4.65,4.51,4.76,4.60,4.49
2025,Fall,Carnegie Institute of Technology,ICT,04651,A,"LUHANGA, EDITH",APPL OF AI IN AFRICA,Graduate,58,53,91.4%,13.34,4.57,4.60,4.62,4.36,4.72,4.60,4.75,4.58,4.49
2025,Fall,Carnegie Institute of Technology,ICT,04653,A1,"BROWN, TIMOTHY",ENG AI PROJ METHODS,Graduate,42,25,59.5%,10.76,4.84,4.80,4.92,4.72,4.92,4.92,4.92,4.75,4.80
2025,Fall,Carnegie Institute of Technology,ICT,04654,J,"GUEYE, ASSANE",INTRO TO PGM,Graduate,6,5,83.3%,15.60,5.00,4.80,5.00,4.60,5.00,5.00,5.00,5.00,5.00
2025,Fall,Carnegie Institute of Technology,ICT,04655,A,"OKEYO, GEORGE",AI FOR ENG,Graduate,69,69,100.0%,13.10,4.71,4.69,4.76,4.56,4.72,4.74,4.75,4.68,4.51
2025,Fall,Carnegie Institute of Technology,ICT,04655,A,"MUKAMAKUZA, CARINE PIERRETT",AI FOR ENG,Graduate,69,69,100.0%,13.29,4.36,4.12,4.26,4.17,4.38,4.04,4.81,4.09,4.28
2025,Fall,Carnegie Institute of Technology,ICT,04701,A,"DABO, ISMAILA",RESRCH MTHD IN ENG,Graduate,43,40,93.0%,7.92,4.97,4.95,4.95,4.97,4.97,4.97,4.97,4.95,4.95
2025,Fall,Carnegie Institute of Technology,ICT,04720,A,"NDIBWILE, JEMA DAVID",ETHICAL HACK,Graduate,8,6,75.0%,10.00,4.83,4.67,5.00,4.83,5.00,4.83,5.00,4.83,5.00
2025,Fall,Carnegie Institute of Technology,ICT,04761,A,"MUKAMAKUZA, CARINE PIERRETT",RECOMMENDER SYSTEMS,Graduate,8,8,100.0%,11.38,4.88,4.88,4.88,5.00,4.88,4.75,5.00,4.75,4.63
2025,Fall,Carnegie Institute of Technology,ICT,04800,J,"NDASHIMYE, EMMANUEL",SP TPC IN ICT,Graduate,23,23,100.0%,14.39,4.74,4.22,4.48,4.26,4.61,4.30,4.57,4.39,4.17
2025,Fall,Carnegie Institute of Technology,ICT,04800,I,"NKURIKIYEYEZU, KIZITO",SP TPC IN ICT,Graduate,9,8,88.9%,13.25,4.88,4.63,4.75,4.88,4.63,4.63,5.00,4.63,4.50
2025,Fall,Carnegie Institute of Technology,ICT,04800,AJ,"AMIN, MAGDI",SP TPC IN ICT,Graduate,9,7,77.8%,9.29,4.86,4.86,4.71,4.71,4.86,4.71,4.86,4.71,4.71
2025,Fall,Carnegie Institute of Technology,ICT,04800,AH,"KAIRU, EDWIN",SP TPC IN ICT,Graduate,11,10,90.9%,13.90,4.80,4.90,4.90,4.70,4.80,4.80,4.90,4.90,4.80
2025,Fall,Carnegie Institute of Technology,ICT,04801,U1,"THOMPSON, GLEN",SP TPCS ICT,Graduate,3,2,66.7%,8.00,5.00,4.50,4.50,5.00,5.00,5.00,5.00,5.00,5.00
2025,Fall,Carnegie Institute of Technology,ICT,04900,A,"MUGUME, EDWIN",MSIT PRACTICUM,Graduate,59,41,69.5%,18.44,4.71,4.78,4.66,4.61,4.68,4.71,4.80,4.71,4.63
2025,Fall,Carnegie Institute of Technology,ICT,04910,A,"THORNBURG, JESSE",ENTREP PROJECT,Graduate,8,5,62.5%,12.40,4.00,4.20,4.00,3.80,4.40,4.40,5.00,4.00,3.80
2025,Fall,Carnegie Institute of Technology,ICT,04950,A,"MITRA, PRASENJIT",ENG AI CAPSTONE,Graduate,27,20,74.1%,14.45,4.20,4.20,4.35,3.80,4.30,4.40,3.95,4.05,4.05
2025,Fall,Carnegie Mellon University,III,49101,1,"BODILY, BRANDON",INTRO TO EDIE,Undergraduate,22,20,90.9%,6.95,4.65,4.40,4.60,4.45,4.65,4.75,4.95,4.55,4.40
2025,Fall,Carnegie Mellon University,III,49306,A1,"TUELL, MITCHAM",ENGR DESIGN METHODS,Undergraduate,23,10,43.5%,5.90,3.30,3.30,3.00,3.20,3.50,2.80,4.50,2.90,2.40
2025,Fall,Carnegie Mellon University,III,49306,A1,"HOLLIDAY, CHRISTOPHER",ENGR DESIGN METHODS,Undergraduate,23,10,43.5%,6.00,3.44,3.11,3.00,3.11,3.78,3.33,4.44,3.00,2.56
2025,Fall,Carnegie Mellon University,III,49313,A,"BODILY, BRANDON",DESIGN FOR IOT,Undergraduate,12,7,58.3%,6.71,5.00,4.29,4.14,4.00,4.00,3.86,4.71,4.29,4.14
2025,Fall,Carnegie Mellon University,III,49405,A2,"Sanders, MARK",LEAD ENGR INNOV TEAM,Undergraduate,22,22,100.0%,4.32,4.95,4.41,4.41,4.36,4.50,4.68,4.91,4.77,4.59
2025,Fall,Carnegie Mellon University,III,49600,A,"OREN, MAGGIE",INTRO DES INNV,Graduate,18,15,83.3%,10.40,4.60,4.00,4.27,4.13,4.07,3.93,4.93,3.93,4.07
2025,Fall,Carnegie Mellon University,III,49601,A,"SHYU, BRIAN",INNV SERVICES & EXP,Graduate,25,17,68.0%,11.65,4.47,4.24,4.53,4.24,4.41,4.12,4.88,4.29,4.06
2025,Fall,Carnegie Mellon University,III,49602,A,"FULTON, LAURA",DESGN PROD & SUSTAIN,Graduate,16,15,93.8%,12.80,4.33,4.50,4.60,4.07,4.53,4.47,4.87,4.40,4.27
2025,Fall,Carnegie Mellon University,III,49603,A,"SUGDEN, ARTHUR",CY-PHYS PD,Graduate,17,13,76.5%,13.08,4.85,4.38,4.46,4.62,5.00,4.62,5.00,4.85,4.62
2025,Fall,Carnegie Mellon University,III,49608,A,"AYOOB, ELLEN",PROF PRACTICE INNOV,Graduate,12,8,66.7%,16.25,3.88,3.75,4.00,4.29,4.29,3.57,4.57,4.00,3.14
2025,Fall,Carnegie Mellon University,III,49703,A,"SLESINGER, Sophie",FIGURE IT OUT,Graduate,44,30,68.2%,5.70,4.00,4.13,4.23,3.60,4.20,4.13,4.03,3.97,3.77
2025,Fall,Carnegie Mellon University,III,49703,A,"WOOLSEY, D.",FIGURE IT OUT,Graduate,44,30,68.2%,5.41,4.03,4.07,4.10,3.59,4.07,4.00,4.10,4.03,3.79
2025,Fall,Carnegie Mellon University,III,49703,A,"CROWLEY, JOHN",FIGURE IT OUT,Graduate,44,30,68.2%,5.21,3.97,4.03,4.03,3.79,4.10,4.03,4.14,4.03,3.90
2025,Fall,Carnegie Mellon University,III,49705,A1,"AYOOB, ELLEN",IT DEPENDS,Graduate,44,34,77.3%,3.24,4.65,4.50,4.44,4.47,4.50,4.56,4.68,4.53,4.41
2025,Fall,Carnegie Mellon University,III,49706,A2,"ZLOTNIKOV, SUSANNA",PEOPLE FIRST,Graduate,44,34,77.3%,6.55,3.53,3.35,3.32,3.24,3.53,3.35,3.50,3.15,2.47
2025,Fall,Carnegie Mellon University,III,49712,A1,"GEMPERLE, FRANCINE",USER RESEARCH,Graduate,45,44,97.8%,8.77,4.43,4.23,4.43,4.40,4.45,4.50,4.48,4.43,4.27
2025,Fall,Carnegie Mellon University,III,49722,A2,"MURPHY, MELISSA",LAUNCHING NEW PRODS,Graduate,23,13,56.5%,7.08,4.85,4.92,4.85,4.85,4.85,4.85,5.00,4.85,4.85
2025,Fall,Carnegie Mellon University,III,49723,A1,"BOATWRIGHT, PETER",PRICING OF PRODUCTS,Graduate,21,21,100.0%,8.43,4.81,4.81,4.76,4.67,4.81,4.76,5.00,4.90,4.86
2025,Fall,Carnegie Mellon University,III,49734,A1,"HINDSBO, MARK",INTELLIGENT PRODUCTS,Graduate,11,5,45.5%,5.00,4.80,4.00,4.20,5.00,4.80,4.60,5.00,4.60,4.20
2025,Fall,Carnegie Mellon University,III,49738,A,"CHAPMAN, JONATHAN",DESIGN THAT LASTS,Graduate,14,7,50.0%,5.86,4.86,4.71,4.71,4.71,4.86,4.71,4.86,4.57,4.57
2025,Fall,Carnegie Mellon University,III,49740,A,"Sanders, MARK",IPD METHODS,Graduate,45,41,91.1%,9.37,3.76,3.12,3.20,3.41,3.37,3.46,4.10,3.41,2.93
2025,Fall,Carnegie Mellon University,III,49740,A,"ZLOTNIKOV, SUSANNA",IPD METHODS,Graduate,45,41,91.1%,8.88,3.48,2.92,2.95,3.25,3.17,3.08,3.48,3.08,2.75
2025,Fall,Carnegie Mellon University,III,49742,A,"BODILY, BRANDON",ENGINEERING MAKING,Graduate,24,22,91.7%,6.77,4.64,4.45,4.45,4.50,4.36,4.68,4.77,4.50,4.18
2025,Fall,Carnegie Mellon University,III,49742,B,"BODILY, BRANDON",ENGINEERING MAKING,Graduate,22,19,86.4%,7.33,4.74,4.47,4.26,4.11,4.16,4.32,4.79,4.37,3.95
2025,Fall,Carnegie Mellon University,III,49743,A,"LAMONT, DAVID",III BUSINESS CORE,Graduate,24,20,83.3%,6.95,3.85,3.90,3.90,3.65,4.00,4.00,4.30,3.75,3.85
2025,Fall,Carnegie Mellon University,III,49743,B,"LAMONT, DAVID",III BUSINESS CORE,Graduate,21,12,57.1%,6.50,4.08,4.33,4.17,4.08,4.08,3.83,4.50,3.92,3.92
2025,Fall,Carnegie Mellon University,III,49744,A2,"MOFFETT, JACK",VISUAL COMMUNICATION,Graduate,24,21,87.5%,7.29,4.05,3.86,3.85,3.90,4.05,4.10,4.48,4.00,3.52
2025,Fall,Carnegie Mellon University,III,49744,B2,"JOOS, BEN",VISUAL COMMUNICATION,Graduate,20,14,70.0%,4.79,4.79,4.57,4.64,4.86,4.71,4.64,4.93,4.71,4.43
2025,Fall,Carnegie Mellon University,III,49745,A2,"Sanders, MARK",SPECIAL TOPICS,Graduate,9,5,55.6%,8.60,4.20,4.20,4.20,4.40,4.20,4.20,4.60,4.20,4.20
2025,Fall,Carnegie Mellon University,III,49747,C,"SUGDEN, ARTHUR",MINDSET INTENSIVE,Graduate,24,12,50.0%,7.25,4.00,3.67,3.58,3.58,3.83,3.92,4.42,3.67,3.67
2025,Fall,Carnegie Mellon University,III,49747,A,"AYOOB, ELLEN",MINDSET INTENSIVE,Graduate,12,5,41.7%,9.80,4.40,4.60,4.60,4.60,4.60,4.20,4.60,4.40,4.40
2025,Fall,Carnegie Mellon University,III,49747,B,"ZLOTNIKOV, SUSANNA",MINDSET INTENSIVE,Graduate,6,4,66.7%,12.00,4.50,4.25,4.25,4.00,4.00,4.00,4.75,4.00,4.25
2025,Fall,Carnegie Mellon University,III,49750,A1,"SAADATI, OMID",THINKING FOR INNOV,Graduate,28,27,96.4%,7.56,4.70,4.52,4.70,4.52,4.67,4.58,4.96,4.73,4.56
2025,Fall,Carnegie Mellon University,III,49750,B1,"MOREY, TIMOTHY",THINKING FOR INNOV,Graduate,3,3,100.0%,6.00,5.00,5.00,5.00,4.67,5.00,5.00,5.00,5.00,4.67
2025,Fall,Carnegie Mellon University,III,49750,R1,"MOREY, TIMOTHY",THINKING FOR INNOV,Graduate,4,4,100.0%,10.25,5.00,5.00,5.00,5.00,5.00,5.00,5.00,5.00,5.00
2025,Fall,Carnegie Mellon University,III,49751,A1,"OTT, ADRIAN",SM-PRODUCT MANAGE,Graduate,29,25,86.2%,9.32,4.96,4.84,4.88,4.84,4.92,4.92,4.96,4.92,4.88
2025,Fall,Carnegie Mellon University,III,49751,B1,"MILLER, DAVID",SM-PRODUCT MANAGE,Graduate,6,6,100.0%,10.17,4.83,4.00,4.17,4.17,4.67,4.67,4.67,4.50,4.17
2025,Fall,Carnegie Mellon University,III,49751,R1,"MILLER, DAVID",SM-PRODUCT MANAGE,Graduate,3,3,100.0%,15.33,4.00,3.67,3.67,3.67,3.67,4.00,3.67,3.67,3.67
2025,Fall,Carnegie Mellon University,III,49755,A2,"SAADATI, OMID",PROBLEM DSCV & DEFN,Graduate,29,22,75.9%,5.95,4.73,4.77,4.64,4.64,4.68,4.68,4.86,4.59,4.68
2025,Fall,Carnegie Mellon University,III,49755,B2,"FANG, FANG",PROBLEM DSCV & DEFN,Graduate,5,5,100.0%,6.80,4.80,4.80,4.80,4.80,4.80,4.80,4.80,4.80,4.80
2025,Fall,Carnegie Mellon University,III,49755,R2,"FANG, FANG",PROBLEM DSCV & DEFN,Graduate,4,3,75.0%,7.00,4.67,4.67,5.00,4.67,5.00,5.00,5.00,5.00,5.00
2025,Fall,Carnegie Mellon University,III,49759,A,"SHAIKH, KARIMULLA",INNOV LARGE-SCALE,Graduate,14,13,92.9%,10.77,4.85,4.85,4.77,4.62,4.69,4.69,4.85,4.85,4.77
2025,Fall,Carnegie Mellon University,III,49760,A,"MERCIER, GLADYS",FOUND OF SW MNGT,Graduate,28,20,71.4%,10.30,4.95,4.90,4.90,4.95,4.90,4.95,4.95,4.85,4.90
2025,Fall,Carnegie Mellon University,III,49760,B,"MERCIER, GLADYS",FOUND OF SW MNGT,Graduate,16,15,93.8%,9.80,4.93,4.93,4.86,4.87,4.87,4.87,4.93,4.93,4.87
2025,Fall,Carnegie Mellon University,III,49760,R,"MERCIER, GLADYS",FOUND OF SW MNGT,Graduate,2,1,50.0%,11.00,5.00,5.00,5.00,5.00,5.00,5.00,5.00,5.00,5.00
2025,Fall,Carnegie Mellon University,III,49761,A1,"MOHAN, SHANTHA",FUTURE-READY LEADER,Graduate,25,22,88.0%,,,,,,,,,,
2025,Fall,Carnegie Mellon University,III,49761,R1,"MOHAN, SHANTHA",FUTURE-READY LEADER,Graduate,3,2,66.7%,16.00,5.00,5.00,5.00,5.00,5.00,5.00,5.00,5.00,5.00
2025,Fall,Carnegie Mellon University,III,49772,A2,"FANG, FANG",SW ENG MGMT,Graduate,26,19,73.1%,9.47,4.32,3.84,4.00,4.47,4.42,3.89,4.63,4.00,4.11
2025,Fall,Carnegie Mellon University,III,49772,B2,"FANG, FANG",SW ENG MGMT,Graduate,5,5,100.0%,9.40,4.60,4.00,4.20,4.20,4.20,4.00,4.80,4.00,4.00
2025,Fall,Carnegie Mellon University,III,49772,R2,"FANG, FANG",SW ENG MGMT,Graduate,5,4,80.0%,12.50,5.00,4.75,4.75,5.00,5.00,4.75,5.00,5.00,5.00
2025,Fall,Carnegie Mellon University,III,49782,A2,"PRAYAGA, SHYAMALA",USER RSRCH PROD INNO,Graduate,17,7,41.2%,9.86,4.43,3.86,3.71,3.86,4.57,4.57,4.43,4.14,3.57
2025,Fall,Carnegie Mellon University,III,49782,R2,"PRAYAGA, SHYAMALA",USER RSRCH PROD INNO,Graduate,5,2,40.0%,3.50,3.50,4.00,4.00,3.50,4.50,4.50,4.00,4.00,4.00
2025,Fall,Carnegie Mellon University,III,49785,A1,"TABORGA, JORGE",LEADING CHANGE,Graduate,17,11,64.7%,9.18,4.82,4.91,4.82,4.73,4.82,4.82,4.82,4.82,4.64
2025,Fall,Carnegie Mellon University,III,49785,R1,"TABORGA, JORGE",LEADING CHANGE,Graduate,6,5,83.3%,13.00,4.80,4.80,4.80,4.80,4.80,4.80,4.80,4.80,4.60
2025,Fall,Carnegie Mellon University,III,49787,A,"SHAIKH, KARIMULLA",ARCHITECT & PROGRAM,Graduate,15,15,100.0%,9.20,4.93,4.93,5.00,4.86,5.00,4.93,5.00,4.87,4.87
2025,Fall,Carnegie Mellon University,III,49790,A,"SHAIKH, KARIMULLA",SW MNGMT IND STDY,Graduate,2,0,0.0%,,,,,,,,,,
2025,Fall,Carnegie Mellon University,III,49791,A,"MERCIER, GLADYS",SW MNGMT CAP PROJ,Graduate,3,1,33.3%,11.00,5.00,5.00,5.00,5.00,5.00,5.00,5.00,5.00,5.00
2025,Fall,Carnegie Mellon University,III,49794,A,"MOHAN, SHANTHA",INDUS CAREER STRAT,Graduate,27,21,77.8%,3.00,4.76,4.76,4.76,4.71,4.81,4.81,4.81,4.76,4.67
2025,Fall,Carnegie Mellon University,III,49796,A2,"MERCIER, GLADYS",SM INT STUDY MINI,Graduate,4,2,50.0%,14.00,5.00,5.00,5.00,5.00,5.00,5.00,5.00,5.00,5.00
2025,Fall,Carnegie Mellon University,III,49796,A1,"SHAIKH, KARIMULLA",SM INT STUDY MINI,Graduate,2,0,0.0%,,,,,,,,,,
2025,Fall,Carnegie Mellon University,III,49797,A,"FANG, FANG",ST: AI IN BOSCH,Graduate,22,14,63.6%,15.46,4.54,4.38,4.46,4.46,4.54,4.54,4.54,4.54,4.62
2025,Fall,Carnegie Mellon University,III,49797,R,"FANG, FANG",ST: AI IN BOSCH,Graduate,7,3,42.9%,16.33,4.33,4.67,5.00,4.67,5.00,5.00,4.33,4.67,5.00
2025,Fall,Carnegie Mellon University,III,49800,A,"ROOT, SHERYL",START UP IN PRACTICE,Graduate,16,7,43.8%,9.29,5.00,5.00,5.00,5.00,5.00,5.00,5.00,5.00,5.00
2025,Fall,Carnegie Mellon University,III,49802,B,"OREN, MAGGIE",INNOV & ENTREP,Graduate,27,16,59.3%,6.69,4.50,4.44,4.63,4.25,4.44,4.38,4.44,4.44,4.44
2025,Fall,Carnegie Institute of Technology,INI,14513,1,"KHAN, TAHA",INTRO COMPUTER SYSTM,Undergraduate,69,53,76.8%,17.25,4.34,4.40,4.30,3.94,4.15,4.06,4.79,3.94,4.38
2025,Fall,Carnegie Institute of Technology,INI,14601,A,"Tsamitis, Dena",INI APD,Graduate,197,128,65.0%,2.26,4.51,4.57,4.56,4.52,4.53,4.55,4.66,4.51,4.45
2025,Fall,Carnegie Institute of Technology,INI,14642,SV,"TAGUE, PATRICK",INTRO EMBEDDED SYSTM,Graduate,13,8,61.5%,18.13,5.00,5.00,5.00,5.00,5.00,5.00,5.00,5.00,5.00
2025,Fall,Carnegie Institute of Technology,INI,14642,A,"TAGUE, PATRICK",INTRO EMBEDDED SYSTM,Graduate,44,20,45.5%,19.10,5.00,5.00,5.00,4.74,4.95,5.00,5.00,5.00,4.95
2025,Fall,Carnegie Institute of Technology,INI,14651,A1,"RASHIDI, SOLMAZ",DECISION MAKING AI,Graduate,21,11,52.4%,3.64,4.45,4.27,4.36,4.18,4.73,4.45,4.73,4.36,4.00
2025,Fall,Carnegie Institute of Technology,INI,14651,S1,"RASHIDI, SOLMAZ",DECISION MAKING AI,Graduate,14,8,57.1%,7.25,4.63,4.38,4.88,4.50,4.50,4.38,4.75,4.38,4.38
2025,Fall,Carnegie Institute of Technology,INI,14684,A2,"MATTAROCK, MICHAEL",CYBER LAW AND ETHICS,Graduate,19,12,63.2%,6.83,4.50,4.50,4.50,4.33,4.58,4.58,4.42,4.50,4.42
2025,Fall,Carnegie Institute of Technology,INI,14691,SV,"DAI, LAKE",ST: AI ETHICS,Graduate,25,11,44.0%,6.09,4.73,4.73,4.82,4.73,4.82,4.82,4.82,4.82,5.00
2025,Fall,Carnegie Institute of Technology,INI,14691,A,"DAI, LAKE",ST: AI ETHICS,Graduate,17,10,58.8%,4.10,4.30,4.40,4.50,4.30,4.50,4.50,4.40,4.40,4.40
2025,Fall,Carnegie Institute of Technology,INI,14735,1,"HIBSHI, HANAN",SECURE CODING,Graduate,46,37,80.4%,9.65,4.43,4.43,4.51,4.24,4.51,4.22,4.73,4.32,4.22
2025,Fall,Carnegie Institute of Technology,INI,14735,2,"HIBSHI, HANAN",SECURE CODING,Graduate,9,6,66.7%,14.67,4.50,4.33,4.33,4.17,4.50,4.50,4.50,4.33,4.17
2025,Fall,Carnegie Institute of Technology,INI,14740,A,"BUSTAMANTE, PEDRO",FUND TELECOM NETWRKS,Graduate,64,64,100.0%,12.97,4.73,4.72,4.77,4.59,4.75,4.70,4.83,4.72,4.48
2025,Fall,Carnegie Institute of Technology,INI,14741,1,"HIBSHI, HANAN",INTRO INFO SECURITY,Graduate,88,88,100.0%,14.31,4.50,4.58,4.64,4.35,4.75,4.45,4.67,4.47,4.35
2025,Fall,Carnegie Institute of Technology,INI,14757,SV,"VARODAYAN, DAVID",INTRO ML ADVERSARIES,Graduate,51,46,90.2%,9.07,4.85,4.87,4.89,4.83,4.89,4.85,4.89,4.85,4.80
2025,Fall,Carnegie Institute of Technology,INI,14757,A,"VARODAYAN, DAVID",INTRO ML ADVERSARIES,Graduate,85,75,88.2%,8.93,4.79,4.87,4.84,4.63,4.81,4.83,4.89,4.80,4.75
2025,Fall,Carnegie Institute of Technology,INI,14761,SV,"KAAR, MATTHEW",APPLD INFO ASSURANCE,Graduate,6,4,66.7%,14.25,4.75,4.75,4.75,4.75,4.75,4.25,5.00,4.75,4.50
2025,Fall,Carnegie Institute of Technology,INI,14761,A,"KAAR, MATTHEW",APPLD INFO ASSURANCE,Graduate,28,17,60.7%,9.94,4.59,4.47,4.59,4.47,4.47,4.24,4.76,4.29,4.35
2025,Fall,Carnegie Institute of Technology,INI,14761,SV,"HERR, CHRISTOPHER",APPLD INFO ASSURANCE,Graduate,6,4,66.7%,11.25,4.75,4.75,4.75,4.25,4.75,4.25,5.00,4.75,4.25
2025,Fall,Carnegie Institute of Technology,INI,14761,A,"HERR, CHRISTOPHER",APPLD INFO ASSURANCE,Graduate,28,17,60.7%,9.94,4.71,4.59,4.41,4.41,4.53,4.47,4.82,4.29,4.41
2025,Fall,Carnegie Institute of Technology,INI,14763,A,"FARAG, MOHAMED",SYSTMS TOOL CHAIN AI,Graduate,45,32,71.1%,14.90,4.61,4.52,4.42,4.55,4.68,4.52,4.52,4.68,4.48
2025,Fall,Carnegie Institute of Technology,INI,14763,B,"FARAG, MOHAMED",SYSTMS TOOL CHAIN AI,Graduate,41,27,65.9%,13.15,4.81,4.67,4.67,4.59,4.67,4.63,4.70,4.63,4.44
2025,Fall,Carnegie Institute of Technology,INI,14763,A,"QU, GUANNAN",SYSTMS TOOL CHAIN AI,Graduate,45,32,71.1%,14.47,4.44,4.38,4.34,4.41,4.56,4.41,4.63,4.34,4.50
2025,Fall,Carnegie Institute of Technology,INI,14763,B,"QU, GUANNAN",SYSTMS TOOL CHAIN AI,Graduate,41,27,65.9%,12.26,4.44,4.41,4.33,4.22,4.44,4.37,4.81,4.26,4.26
2025,Fall,Carnegie Institute of Technology,INI,14767,A1,"BUSTAMANTE, PEDRO",WIRELESS PROTOCOLS,Graduate,12,9,75.0%,11.33,4.67,4.67,4.67,4.67,4.67,4.56,4.67,4.56,4.56
2025,Fall,Carnegie Institute of Technology,INI,14776,1,"LAMONT, DAVID",FUND OF BUSNESS MGMT,Graduate,45,31,68.9%,6.16,4.71,4.71,4.74,4.77,4.74,4.77,4.81,4.77,4.68
2025,Fall,Carnegie Institute of Technology,INI,14776,2,"LAMONT, DAVID",FUND OF BUSNESS MGMT,Graduate,37,24,64.9%,7.00,4.42,4.42,4.50,4.46,4.46,4.50,4.58,4.46,4.29
2025,Fall,Carnegie Institute of Technology,INI,14795,A,"VARODAYAN, DAVID",AI APP INFO SECURITY,Graduate,23,21,91.3%,8.14,4.52,4.62,4.67,4.43,4.62,4.62,4.76,4.62,4.48
2025,Fall,Carnegie Institute of Technology,INI,14795,SV,"VARODAYAN, DAVID",AI APP INFO SECURITY,Graduate,29,27,93.1%,9.31,4.89,4.89,4.89,4.85,4.85,4.89,4.89,4.85,4.85
2025,Fall,Carnegie Institute of Technology,INI,14798,SV,"KUO, CYNTHIA",INI PRACTICUM,Graduate,57,54,94.7%,19.59,4.40,4.38,4.42,4.33,4.41,4.34,4.49,4.32,4.21
2025,Fall,Carnegie Institute of Technology,INI,14798,SV,"JACOBSON, QUINN",INI PRACTICUM,Graduate,57,54,94.7%,19.94,4.39,4.46,4.39,4.31,4.52,4.48,4.47,4.41,4.20
2025,Fall,Carnegie Institute of Technology,INI,14817,SV,"MATTAROCK, MICHAEL",CYBER RSK MODELING,Graduate,3,3,100.0%,11.00,5.00,5.00,4.67,5.00,5.00,5.00,5.00,5.00,4.67
2025,Fall,Carnegie Institute of Technology,INI,14817,A,"MATTAROCK, MICHAEL",CYBER RSK MODELING,Graduate,63,62,98.4%,8.31,4.85,4.42,4.52,4.46,4.66,4.48,4.85,4.56,4.42
2025,Fall,Carnegie Institute of Technology,INI,14821,A2,"BUSTAMANTE, PEDRO",INI SPECIAL TOPICS,Graduate,10,7,70.0%,12.71,5.00,4.71,4.86,4.86,4.57,4.57,5.00,4.43,4.29
2025,Fall,Carnegie Institute of Technology,INI,14821,S2,"BUSTAMANTE, PEDRO",INI SPECIAL TOPICS,Graduate,2,1,50.0%,17.00,4.00,4.00,4.00,4.00,4.00,4.00,4.00,4.00,4.00
2025,Fall,Carnegie Institute of Technology,INI,14823,A,"WELLE, ADAM",NETWORK FORENSICS,Graduate,31,31,100.0%,9.71,4.23,4.26,4.32,4.23,4.65,4.39,4.77,4.39,4.03
2025,Fall,Carnegie Institute of Technology,INI,14823,A,"SOMLO, GABRIEL",NETWORK FORENSICS,Graduate,31,31,100.0%,9.42,4.39,4.42,4.32,4.19,4.47,4.19,4.68,4.16,4.13
2025,Fall,Carnegie Institute of Technology,INI,14829,A,"TAGUE, PATRICK",MOBILE IOT SECURITY,Graduate,9,3,33.3%,10.00,4.33,4.33,4.33,4.33,4.33,4.00,4.33,4.33,4.00
2025,Fall,Carnegie Institute of Technology,INI,14829,SV,"TAGUE, PATRICK",MOBILE IOT SECURITY,Graduate,7,5,71.4%,12.80,5.00,5.00,5.00,4.80,5.00,5.00,5.00,5.00,4.80
2025,Fall,Carnegie Institute of Technology,INI,14832,SV,"LEONTIADIS, NEKTARIOS",CYBER FORENSCS CAPSN,Graduate,5,3,60.0%,13.00,4.67,4.67,4.33,4.67,4.67,4.67,5.00,5.00,4.67
2025,Fall,Carnegie Institute of Technology,INI,14848,SV,"FARAG, MOHAMED",CLOUD INFRASTR SRVC,Graduate,18,9,50.0%,13.67,5.00,4.89,5.00,4.78,5.00,4.89,5.00,5.00,5.00
2025,Fall,Carnegie Institute of Technology,INI,14848,A,"FARAG, MOHAMED",CLOUD INFRASTR SRVC,Graduate,43,28,65.1%,12.36,4.71,4.61,4.57,4.43,4.64,4.57,4.68,4.50,4.39
2025,Fall,Heinz College,ISM,95422,A,"SMITH, MICHAEL",MNG DIGITAL TRNSFM,Undergraduate,33,16,48.5%,5.38,5.00,4.94,4.94,5.00,4.94,4.94,5.00,5.00,4.88
2025,Fall,Heinz College,ISM,95422,B,"SMITH, MICHAEL",MNG DIGITAL TRNSFM,Undergraduate,34,14,41.2%,6.29,4.86,4.86,4.86,4.86,4.86,4.93,4.93,4.93,4.79
2025,Fall,Heinz College,ISM,95433,A2,"MCCARTHY, MICHAEL",INTERNET OF THINGS,Undergraduate,2,0,0.0%,,,,,,,,,,
2025,Fall,Heinz College,ISM,95452,A,"TRZECIAK, RANDY",INTRO INFO SEC MGT,Undergraduate,8,3,37.5%,8.00,4.67,5.00,5.00,5.00,5.00,4.67,5.00,4.67,4.67
2025,Fall,Heinz College,ISM,95483,A2,"SPOONER, DERRICK",ETH PENETRATION TSTG,Undergraduate,2,2,100.0%,6.50,4.50,5.00,5.00,5.00,5.00,5.00,5.00,5.00,4.50
2025,Fall,Heinz College,ISM,95702,A,"MCCARTHY, MICHAEL",DIST SYSTEM ISM,Graduate,69,37,53.6%,10.22,4.28,4.31,4.42,4.25,4.36,4.33,4.53,4.31,4.17
2025,Fall,Heinz College,ISM,95702,B,"MCCARTHY, MICHAEL",DIST SYSTEM ISM,Graduate,57,22,38.6%,9.64,4.41,4.45,4.55,4.32,4.50,4.59,4.59,4.45,4.09
2025,Fall,Heinz College,ISM,95702,A,"BARRETT, MARTIN",DIST SYSTEM ISM,Graduate,69,37,53.6%,10.64,4.44,4.47,4.58,4.33,4.53,4.53,4.72,4.42,4.17
2025,Fall,Heinz College,ISM,95702,B,"BARRETT, MARTIN",DIST SYSTEM ISM,Graduate,57,22,38.6%,9.77,4.41,4.50,4.50,4.32,4.45,4.45,4.55,4.32,4.09
2025,Fall,Heinz College,ISM,95703,A,"SZCZYPULA, JANUSZ",DATABASE MANAGEMENT,Graduate,36,20,55.6%,10.75,4.25,4.30,4.30,4.10,4.25,4.35,4.30,4.35,4.25
2025,Fall,Heinz College,ISM,95703,B,"SZCZYPULA, JANUSZ",DATABASE MANAGEMENT,Graduate,33,18,54.5%,11.06,4.72,4.72,4.65,4.59,4.71,4.56,4.67,4.56,4.61
2025,Fall,Heinz College,ISM,95703,C,"SZCZYPULA, JANUSZ",DATABASE MANAGEMENT,Graduate,37,16,43.2%,10.06,4.75,4.75,4.75,4.63,4.69,4.63,4.88,4.63,4.69
2025,Fall,Heinz College,ISM,95703,D,"SZCZYPULA, JANUSZ",DATABASE MANAGEMENT,Graduate,34,18,52.9%,10.17,4.56,4.67,4.72,4.61,4.56,4.67,4.78,4.44,4.44
2025,Fall,Heinz College,ISM,95703,E,"SZCZYPULA, JANUSZ",DATABASE MANAGEMENT,Graduate,32,18,56.3%,9.67,4.56,4.56,4.44,4.33,4.28,4.44,4.50,4.50,4.22
2025,Fall,Heinz College,ISM,95706,A2,"DWIVEDI, NEELAM",OBJ ORIENTED A & D,Graduate,12,8,66.7%,9.25,4.63,5.00,4.88,4.88,4.75,4.75,4.75,4.88,4.75
2025,Fall,Heinz College,ISM,95710,B2,"CLAY, KAREN",ECONOMIC ANALYSIS,Graduate,34,17,50.0%,6.94,4.12,4.06,4.18,4.35,4.35,4.06,4.65,3.82,3.76
2025,Fall,Heinz College,ISM,95710,D2,"CLAY, KAREN",ECONOMIC ANALYSIS,Graduate,39,18,46.2%,7.22,3.82,3.88,3.71,3.59,3.82,3.82,4.41,3.59,3.71
2025,Fall,Heinz College,ISM,95710,A1,"COLLIS, AVINASH",ECONOMIC ANALYSIS,Graduate,30,7,23.3%,7.57,4.71,4.43,4.57,4.29,4.86,5.00,4.71,4.57,4.43
2025,Fall,Heinz College,ISM,95710,C1,"COLLIS, AVINASH",ECONOMIC ANALYSIS,Graduate,39,15,38.5%,8.40,4.40,4.33,4.53,4.20,4.53,4.60,4.80,4.27,4.20
2025,Fall,Heinz College,ISM,95710,E1,"COLLIS, AVINASH",ECONOMIC ANALYSIS,Graduate,31,18,58.1%,7.29,4.11,3.94,4.11,3.72,4.17,4.06,4.50,3.94,3.83
2025,Fall,Heinz College,ISM,95711,A2,"BARRETT, MARTIN",GEN AI SOFTWARE DEV,Graduate,17,14,82.4%,6.79,4.71,4.79,4.71,4.79,4.79,4.79,4.79,4.71,4.64
2025,Fall,Heinz College,ISM,95711,A2,"MCCARTHY, MICHAEL",GEN AI SOFTWARE DEV,Graduate,17,14,82.4%,6.57,4.64,4.71,4.64,4.71,4.71,4.71,4.71,4.64,4.57
2025,Fall,Heinz College,ISM,95712,F,"YUCEL, SAKIR",OBJ ORIENT PRG JAVA,Graduate,46,24,52.2%,10.54,4.33,4.21,4.29,4.25,4.33,4.13,4.46,4.04,4.00
2025,Fall,Heinz College,ISM,95712,A,"BARRETT, MARTIN",OBJ ORIENT PRG JAVA,Graduate,53,43,81.1%,12.51,4.70,4.60,4.74,4.37,4.56,4.63,4.65,4.53,4.44
2025,Fall,Heinz College,ISM,95712,D,"BARRETT, MARTIN",OBJ ORIENT PRG JAVA,Graduate,51,35,68.6%,10.60,4.69,4.80,4.74,4.51,4.74,4.77,4.86,4.71,4.40
2025,Fall,Heinz College,ISM,95712,C,"NICHOLS, STEPHEN",OBJ ORIENT PRG JAVA,Graduate,49,19,38.8%,9.26,4.53,4.58,4.47,4.63,4.42,4.58,4.79,4.37,4.26
2025,Fall,Heinz College,ISM,95712,E,"NICHOLS, STEPHEN",OBJ ORIENT PRG JAVA,Graduate,53,29,54.7%,10.00,4.72,4.83,4.83,4.69,4.76,4.66,4.90,4.66,4.59
2025,Fall,Heinz College,ISM,95717,A1,"MASSARO, HAYLEE",WRTG INF SYS MGT,Graduate,17,14,82.4%,8.21,5.00,5.00,5.00,5.00,5.00,5.00,5.00,5.00,5.00
2025,Fall,Heinz College,ISM,95717,D1,"MASSARO, HAYLEE",WRTG INF SYS MGT,Graduate,20,15,75.0%,6.80,4.93,4.93,5.00,5.00,4.93,5.00,5.00,5.00,5.00
2025,Fall,Heinz College,ISM,95717,B2,"MASSARO, HAYLEE",WRTG INF SYS MGT,Graduate,22,17,77.3%,6.24,4.94,4.94,4.82,5.00,4.94,5.00,5.00,4.82,4.59
2025,Fall,Heinz College,ISM,95717,C2,"MASSARO, HAYLEE",WRTG INF SYS MGT,Graduate,21,19,90.5%,7.05,5.00,4.95,4.95,5.00,4.79,4.89,5.00,4.95,4.89
2025,Fall,Heinz College,ISM,95718,C1,"FITZSIMMONS, REBEKAH",PROFESSIONAL SPEAKNG,Graduate,15,10,66.7%,11.10,4.90,4.80,5.00,4.90,5.00,5.00,5.00,4.90,4.80
2025,Fall,Heinz College,ISM,95718,A1,"LABASH, STEFAN",PROFESSIONAL SPEAKNG,Graduate,14,7,50.0%,8.86,4.71,4.29,4.57,4.57,4.71,4.43,4.71,4.57,4.57
2025,Fall,Heinz College,ISM,95718,B1,"LABASH, STEFAN",PROFESSIONAL SPEAKNG,Graduate,15,7,46.7%,7.14,4.43,4.43,4.43,4.43,4.43,4.43,4.57,4.43,4.43
2025,Fall,Heinz College,ISM,95718,J1,"LABASH, STEFAN",PROFESSIONAL SPEAKNG,Graduate,15,3,20.0%,4.00,5.00,5.00,5.00,4.67,4.67,5.00,4.67,4.67,4.67
2025,Fall,Heinz College,ISM,95718,D2,"LABASH, STEFAN",PROFESSIONAL SPEAKNG,Graduate,14,9,64.3%,7.00,4.56,4.33,4.44,4.33,4.67,4.67,4.78,4.33,4.00
2025,Fall,Heinz College,ISM,95718,E2,"LABASH, STEFAN",PROFESSIONAL SPEAKNG,Graduate,14,10,71.4%,7.10,4.90,4.40,4.80,4.90,4.70,4.60,4.90,4.90,4.70
2025,Fall,Heinz College,ISM,95718,F2,"LABASH, STEFAN",PROFESSIONAL SPEAKNG,Graduate,15,5,33.3%,7.40,4.80,5.00,4.60,4.80,4.80,4.60,4.80,5.00,4.80
2025,Fall,Heinz College,ISM,95719,C1,"STEPHENSON, Jill",ACTG & FIN ANALYTCS,Graduate,39,36,92.3%,6.75,4.81,4.86,4.83,4.58,4.69,4.75,4.83,4.78,4.72
2025,Fall,Heinz College,ISM,95719,A2,"STEPHENSON, Jill",ACTG & FIN ANALYTCS,Graduate,36,35,97.2%,7.57,4.66,4.69,4.71,4.46,4.69,4.69,4.69,4.71,4.60
2025,Fall,Heinz College,ISM,95719,D2,"STEPHENSON, Jill",ACTG & FIN ANALYTCS,Graduate,35,30,85.7%,6.50,4.83,4.87,4.87,4.70,4.77,4.77,4.90,4.77,4.73
2025,Fall,Heinz College,ISM,95719,B1,"GOGOLAK, WILLIAM",ACTG & FIN ANALYTCS,Graduate,40,16,40.0%,5.56,4.38,4.06,4.06,3.94,4.44,4.19,4.75,4.13,4.06
2025,Fall,Heinz College,ISM,95722,B2,"LIGHTMAN, ARI",DIGITAL TRANSFORMATN,Graduate,37,14,37.8%,6.93,4.43,4.14,4.14,4.36,4.36,4.43,4.64,4.43,3.93
2025,Fall,Heinz College,ISM,95722,C2,"LIGHTMAN, ARI",DIGITAL TRANSFORMATN,Graduate,40,16,40.0%,5.94,4.88,4.69,4.69,4.50,4.81,4.75,4.81,4.69,4.63
2025,Fall,Heinz College,ISM,95722,A2,"RIEL, JAMES",DIGITAL TRANSFORMATN,Graduate,24,9,37.5%,6.78,4.89,4.89,4.67,4.22,4.44,4.56,4.78,4.67,4.22
2025,Fall,Heinz College,ISM,95722,D2,"RIEL, JAMES",DIGITAL TRANSFORMATN,Graduate,32,6,18.8%,7.00,4.00,3.83,4.00,4.17,4.17,3.83,5.00,4.00,3.50
2025,Fall,Heinz College,ISM,95723,A2,"FERREIRA, PEDRO",MANG DISRUPT TECH,Graduate,19,9,47.4%,6.33,4.22,4.44,4.33,3.78,4.11,4.44,4.56,4.00,4.00
2025,Fall,Heinz College,ISM,95723,B2,"FERREIRA, PEDRO",MANG DISRUPT TECH,Graduate,12,6,50.0%,5.00,4.17,4.00,4.00,4.00,3.83,3.83,4.00,4.00,4.00
2025,Fall,Heinz College,ISM,95733,A2,"MCCARTHY, MICHAEL",INTERNET OF THINGS,Graduate,14,12,85.7%,8.00,4.33,4.50,4.50,4.08,4.42,4.42,4.83,4.17,4.00
2025,Fall,Heinz College,ISM,95734,Z,"RIEL, JAMES",MANGING DIGITAL BUS,Graduate,17,5,29.4%,9.80,4.40,4.80,4.80,4.20,4.40,4.20,4.40,4.20,4.40
2025,Fall,Heinz College,ISM,95736,A1,"TRZECIAK, RANDY",ADV REL DATABASE MGT,Graduate,14,5,35.7%,8.60,4.60,4.60,4.60,4.40,4.60,4.60,4.60,4.60,4.40
2025,Fall,Heinz College,ISM,95737,B2,"COSTA, DAN",NOSQL DATABASE MGT,Graduate,19,7,36.8%,10.43,4.43,4.57,4.57,4.43,4.43,4.43,4.57,4.43,4.43
2025,Fall,Heinz College,ISM,95737,A1,"SPOONER, DERRICK",NOSQL DATABASE MGT,Graduate,22,14,63.6%,8.50,4.50,4.57,4.79,4.50,4.50,4.43,4.71,4.43,4.43
2025,Fall,Heinz College,ISM,95743,A1,"BUTKOVIC, MATTHEW",CYBRSEC POL & GOV I,Graduate,38,18,47.4%,7.33,4.83,4.83,4.94,4.72,4.83,4.72,4.89,4.72,4.50
2025,Fall,Heinz College,ISM,95743,A1,"HALLER, JOHN",CYBRSEC POL & GOV I,Graduate,38,18,47.4%,7.00,4.61,4.61,4.78,4.56,4.72,4.61,4.78,4.56,4.50
2025,Fall,Heinz College,ISM,95744,A2,"HALLER, JOHN",CYBRSEC POL & GOV II,Graduate,37,20,54.1%,7.05,4.47,4.47,4.37,4.37,4.63,4.50,4.78,4.44,4.42
2025,Fall,Heinz College,ISM,95744,A2,"BUTKOVIC, MATTHEW",CYBRSEC POL & GOV II,Graduate,37,20,54.1%,7.10,4.60,4.40,4.25,4.35,4.60,4.40,4.70,4.60,4.40
2025,Fall,Heinz College,ISM,95746,B1,"WERBACHER, GEORGE",CLOUD SECURITY,Graduate,32,9,28.1%,6.33,4.00,3.67,4.00,3.44,4.44,4.22,4.67,4.00,3.56
2025,Fall,Heinz College,ISM,95746,A2,"WERBACHER, GEORGE",CLOUD SECURITY,Graduate,32,10,31.3%,6.20,4.10,4.10,4.10,3.50,4.30,4.20,4.50,4.00,3.80
2025,Fall,Heinz College,ISM,95747,A2,"COSTA, DAN",SECUTY DATA ANALYTCS,Graduate,16,7,43.8%,7.57,4.71,4.43,4.43,4.57,4.71,4.29,5.00,4.43,4.29
2025,Fall,Heinz College,ISM,95748,Z2,"YASAR, HASAN",SOFTWARE & SECURITY,Graduate,22,6,27.3%,7.50,4.17,4.00,4.00,4.00,4.33,4.00,4.50,3.67,3.50
2025,Fall,Heinz College,ISM,95752,A,"TRZECIAK, RANDY",INTRO INFO SEC MGT,Graduate,38,13,34.2%,9.38,4.62,4.54,4.69,4.38,4.77,4.62,4.92,4.46,4.46
2025,Fall,Heinz College,ISM,95758,Z,"BEVERIDGE, ROBERT",NETWK & INTERNET SEC,Graduate,13,3,23.1%,12.33,3.67,3.67,3.67,3.33,3.67,3.67,3.67,3.67,3.33
2025,Fall,Heinz College,ISM,95760,A1,"CHOI, DAVID",DCSN MKG UNCERTAINTY,Graduate,35,18,51.4%,8.67,4.67,4.72,4.72,4.61,4.56,4.67,4.83,4.61,4.39
2025,Fall,Heinz College,ISM,95760,B1,"CHOI, DAVID",DCSN MKG UNCERTAINTY,Graduate,37,18,48.6%,9.72,4.72,4.89,4.78,4.72,4.83,4.83,4.78,4.78,4.61
2025,Fall,Heinz College,ISM,95760,C2,"CHOI, DAVID",DCSN MKG UNCERTAINTY,Graduate,36,19,52.8%,8.16,4.84,4.84,4.79,4.84,4.84,4.79,4.84,4.84,4.79
2025,Fall,Heinz College,ISM,95760,D2,"CHOI, DAVID",DCSN MKG UNCERTAINTY,Graduate,33,20,60.6%,7.10,4.70,4.80,4.65,4.80,4.75,4.75,4.95,4.70,4.70
2025,Fall,Heinz College,ISM,95767,A2,"SCANLON, THOMAS",CYBERSEC AI & ML,Graduate,17,11,64.7%,8.30,4.70,4.80,4.70,4.50,4.60,4.60,4.80,4.70,4.60
2025,Fall,Heinz College,ISM,95767,A2,"SCHUMOCK, GRANT",CYBERSEC AI & ML,Graduate,17,11,64.7%,7.73,4.64,4.64,4.64,4.55,4.55,4.64,4.64,4.64,4.64
2025,Fall,Heinz College,ISM,95771,A,"MCCARTHY, MICHAEL",DATA STRUC & ALGRTHM,Graduate,14,5,35.7%,11.20,5.00,4.80,4.80,4.80,4.60,4.80,5.00,4.80,4.60
2025,Fall,Heinz College,ISM,95796,C1,"NAGIN, DANIEL",STATS FOR IT MANAGER,Graduate,39,15,38.5%,10.07,4.27,4.47,4.53,4.13,4.47,4.27,4.67,4.33,4.40
2025,Fall,Heinz College,ISM,95796,F1,"NAGIN, DANIEL",STATS FOR IT MANAGER,Graduate,36,12,33.3%,7.25,4.42,4.33,4.42,4.25,4.58,4.50,4.83,4.42,4.25
2025,Fall,Heinz College,ISM,95796,Z1,"MATTIACE, JOHN",STATS FOR IT MANAGER,Graduate,13,6,46.2%,8.50,3.50,3.33,3.67,3.33,3.83,3.00,4.00,3.17,3.33
2025,Fall,Heinz College,ISM,95796,B1,"BEN-MICHAEL, ELI",STATS FOR IT MANAGER,Graduate,37,21,56.8%,9.48,4.86,4.71,4.90,4.62,4.76,4.71,4.95,4.81,4.62
2025,Fall,Heinz College,ISM,95796,D1,"BEN-MICHAEL, ELI",STATS FOR IT MANAGER,Graduate,35,15,42.9%,10.20,4.53,4.60,4.53,4.33,4.47,4.53,4.73,4.33,4.33
2025,Fall,Heinz College,ISM,95796,A1,"GARIN, ANDREW",STATS FOR IT MANAGER,Graduate,35,18,51.4%,8.83,4.50,4.39,4.39,4.33,4.28,4.28,4.67,4.28,4.22
2025,Fall,Heinz College,ISM,95799,A1,"MOUL, DENNIS",LINUX & OPEN SOURCE,Graduate,9,6,66.7%,9.00,5.00,5.00,5.00,4.67,4.83,5.00,4.83,5.00,4.83
2025,Fall,Heinz College,ISM,95799,Z2,"MOUL, DENNIS",LINUX & OPEN SOURCE,Graduate,21,7,33.3%,8.43,4.86,4.86,4.83,4.83,4.83,5.00,5.00,5.00,5.00
2025,Fall,Heinz College,ISM,95808,Z2,"TUCKER, BRETT",IT PROJECT MANAGEMNT,Graduate,26,11,42.3%,8.27,4.64,4.09,4.36,4.82,4.64,4.64,4.82,4.64,4.45
2025,Fall,Heinz College,ISM,95810,A1,"PERL, SAMUEL",BLOCKCHAIN FUNDMNTLS,Graduate,18,14,77.8%,8.00,4.64,4.50,4.64,4.57,4.71,4.50,4.79,4.71,4.71
2025,Fall,Heinz College,ISM,95813,A1,"SMITH, JEREMY",INTERMED DATABSE MGT,Graduate,16,9,56.3%,7.00,4.89,4.78,4.89,4.56,4.89,4.89,5.00,4.89,4.89
2025,Fall,Heinz College,ISM,95815,A2,"SCANLON, THOMAS",DATA ENGINEERING,Graduate,34,19,55.9%,8.16,4.26,4.47,4.53,4.26,4.47,4.37,4.53,4.16,4.21
2025,Fall,Heinz College,ISM,95818,A,"SCHEFFLER, SARAH",PRVCY POL LAW & TECH,Graduate,9,4,44.4%,8.00,4.50,4.50,4.75,4.75,4.50,4.50,4.75,4.75,4.75
2025,Fall,Heinz College,ISM,95819,A2,"FERREIRA, PEDRO","A/B TEST, DESIGN ANA",Graduate,37,13,35.1%,6.38,4.85,4.85,4.85,4.85,4.85,4.85,4.85,4.85,4.85
2025,Fall,Heinz College,ISM,95820,A1,"RAO, ANAND",APPLICATION OF NL(X),Graduate,41,32,78.0%,11.84,4.75,4.53,4.77,4.65,4.77,4.74,4.84,4.65,4.52
2025,Fall,Heinz College,ISM,95827,A1,"SOORIAMURTHI, RAJA",BLKCH & SQL FUNDTLS,Graduate,3,2,66.7%,5.00,5.00,5.00,5.00,5.00,5.00,5.00,5.00,5.00,5.00
2025,Fall,Heinz College,ISM,95827,A1,"MCCARTHY, MICHAEL",BLKCH & SQL FUNDTLS,Graduate,3,2,66.7%,5.00,5.00,5.00,5.00,5.00,5.00,5.00,5.00,5.00,5.00
2025,Fall,Heinz College,ISM,95835,A1,"SHAIKH, TANVIR AHMED",TIME SER FORCTG PYTH,Graduate,34,14,41.2%,6.50,4.71,4.43,4.57,4.50,4.64,4.64,4.64,4.43,4.14
2025,Fall,Heinz College,ISM,95835,B2,"SHAIKH, TANVIR AHMED",TIME SER FORCTG PYTH,Graduate,30,21,70.0%,6.80,4.71,4.57,4.67,4.52,4.81,4.90,4.90,4.52,4.52
2025,Fall,Heinz College,ISM,95844,A1,"SCANLON, THOMAS",INTRO CYBER INTELGCE,Graduate,21,11,52.4%,12.18,4.64,4.82,4.73,4.36,4.64,4.82,4.91,4.55,4.45
2025,Fall,Heinz College,ISM,95844,Z1,"SCANLON, THOMAS",INTRO CYBER INTELGCE,Graduate,29,13,44.8%,12.85,4.46,4.38,4.54,4.38,4.54,4.62,4.54,4.38,4.38
2025,Fall,Heinz College,ISM,95851,A1,"LIGHTMAN, ARI",MAKING PRODCTS COUNT,Graduate,36,10,27.8%,7.70,4.70,4.40,4.70,4.60,4.80,4.40,4.80,4.60,4.40
2025,Fall,Heinz College,ISM,95865,A2,"CHEN, GEORGE",UNSTRUC DATA ANALY,Graduate,32,17,53.1%,8.88,4.71,4.82,4.76,4.71,4.71,4.88,4.94,4.82,4.76
2025,Fall,Heinz College,ISM,95865,B2,"CHEN, GEORGE",UNSTRUC DATA ANALY,Graduate,33,20,60.6%,9.25,4.90,4.85,4.75,4.65,4.85,4.85,4.95,4.75,4.80
2025,Fall,Heinz College,ISM,95865,C2,"CHEN, GEORGE",UNSTRUC DATA ANALY,Graduate,30,17,56.7%,9.06,4.88,4.94,5.00,4.82,5.00,5.00,5.00,5.00,5.00
2025,Fall,Heinz College,ISM,95866,A2,"TELANG, RAHUL",ADV BUSINESS ANALYTC,Graduate,44,21,47.7%,7.86,4.19,4.00,4.15,3.95,4.33,3.81,4.48,3.81,3.67
2025,Fall,Heinz College,ISM,95866,Z2,"STONE, RONALD",ADV BUSINESS ANALYTC,Graduate,17,8,47.1%,13.63,4.25,4.50,4.50,4.13,4.25,4.25,4.75,4.38,4.13
2025,Fall,Heinz College,ISM,95874,A1,"DAVIS, JOHN",AGILE METHODS,Graduate,49,21,42.9%,5.14,4.86,4.71,4.70,4.70,4.70,4.71,4.81,4.67,4.62
2025,Fall,Heinz College,ISM,95874,Z1,"DAVIS, JOHN",AGILE METHODS,Graduate,34,15,44.1%,7.40,4.60,4.53,4.47,4.40,4.53,4.53,4.73,4.60,4.47
2025,Fall,Heinz College,ISM,95874,B2,"DAVIS, JOHN",AGILE METHODS,Graduate,31,16,51.6%,5.20,4.25,4.00,4.13,4.19,4.19,4.13,4.63,4.13,3.94
2025,Fall,Heinz College,ISM,95883,A2,"SPOONER, DERRICK",ETH PENETRATION TSTG,Graduate,15,9,60.0%,14.11,4.75,4.67,4.78,4.78,4.78,4.56,4.89,4.67,4.67
2025,Fall,Heinz College,ISM,95884,A1,"MEYER, TOBY",NETWORK DEFENSES,Graduate,29,11,37.9%,10.00,3.73,4.09,4.09,3.55,4.00,3.73,4.82,3.64,3.73
2025,Fall,Heinz College,ISM,95885,A,"SOORIAMURTHI, RAJA",DATA SCI & BIG DATA,Graduate,26,11,42.3%,9.09,4.73,4.45,4.64,4.36,4.73,4.55,4.82,4.64,4.55
2025,Fall,Heinz College,ISM,95888,F2,"HARRIS, Carly",DATA FOCUSED PYTHON,Graduate,34,18,52.9%,7.83,4.11,4.33,4.28,3.83,4.33,3.94,4.78,4.11,3.83
2025,Fall,Heinz College,ISM,95888,G2,"HARRIS, Carly",DATA FOCUSED PYTHON,Graduate,31,14,45.2%,8.00,4.21,4.50,4.54,3.69,4.14,4.07,4.57,4.00,4.00
2025,Fall,Heinz College,ISM,95888,A1,"SIMKO, MICHAEL",DATA FOCUSED PYTHON,Graduate,37,31,83.8%,6.35,4.52,4.58,4.61,4.39,4.35,4.45,4.90,4.06,3.94
2025,Fall,Heinz College,ISM,95888,B1,"SIMKO, MICHAEL",DATA FOCUSED PYTHON,Graduate,35,25,71.4%,6.68,4.28,4.56,4.44,4.36,4.28,4.08,4.76,4.12,4.00
2025,Fall,Heinz College,ISM,95888,C1,"SIMKO, MICHAEL",DATA FOCUSED PYTHON,Graduate,36,33,91.7%,5.91,4.39,4.42,4.36,4.33,4.36,4.36,4.73,4.12,3.97
2025,Fall,Heinz College,ISM,95888,D1,"SIMKO, MICHAEL",DATA FOCUSED PYTHON,Graduate,37,26,70.3%,6.27,4.65,4.54,4.62,4.35,4.42,4.54,4.73,4.31,4.35
2025,Fall,Heinz College,ISM,95891,A,"STEIER, DAVID",INTRO TO AI,Graduate,33,18,54.5%,9.50,4.61,4.78,4.78,4.61,4.83,4.67,4.83,4.61,4.61
2025,Fall,Heinz College,ISM,95891,B,"STEIER, DAVID",INTRO TO AI,Graduate,35,24,68.6%,9.25,4.71,4.63,4.67,4.58,4.71,4.54,4.83,4.50,4.38
2025,Fall,Heinz College,ISM,95898,Z1,"COIS, CONSTANTINE",INTRO TO PYTHON,Graduate,19,2,10.5%,16.00,4.00,4.00,4.00,4.00,4.00,4.50,4.00,4.50,5.00
2025,Fall,Carnegie Mellon University,ISP,67100,W1,"AOUN, CHADI",FIRST YEAR COLLOQ,Undergraduate,39,33,84.6%,3.21,4.39,4.36,4.52,4.42,4.48,4.45,4.52,4.55,4.52
2025,Fall,Carnegie Mellon University,ISP,67220,W,"LIGINLAL, DIVAKARAN",DIGITL ACCESSIBILTY,Undergraduate,8,8,100.0%,11.50,3.88,3.50,3.88,3.25,4.50,4.25,4.25,3.75,3.50
2025,Fall,Carnegie Mellon University,ISP,67223,W,"MOHANTY, MANORANJAN",DIGITAL TRACE & IDEN,Undergraduate,15,13,86.7%,8.00,4.54,4.08,4.54,3.46,4.54,4.38,4.62,3.92,4.31
2025,Fall,Carnegie Mellon University,ISP,67235,W2,"SOORIAMURTHI, RAJA","PUZZLES, GAMES, PROB",Undergraduate,8,6,75.0%,3.00,4.50,4.50,4.67,4.33,4.50,4.67,4.50,4.67,4.50
2025,Fall,Carnegie Mellon University,ISP,67240,A,"MOUSSAWI, SARA",MOBILE WEB DES & DEV,Undergraduate,15,7,46.7%,11.00,4.14,3.86,3.86,4.00,4.00,3.43,4.57,3.71,3.71
2025,Fall,Carnegie Mellon University,ISP,67240,B,"MOUSSAWI, SARA",MOBILE WEB DES & DEV,Undergraduate,16,14,87.5%,11.86,4.43,4.50,4.50,4.50,4.43,4.21,4.64,4.43,4.14
2025,Fall,Carnegie Mellon University,ISP,67262,2,"TU, XIAOYING",DTABASE DSGN/DEV,Undergraduate,19,13,68.4%,8.92,4.54,4.46,4.46,4.23,4.54,4.23,4.85,4.23,4.38
2025,Fall,Carnegie Mellon University,ISP,67262,5,"TU, XIAOYING",DTABASE DSGN/DEV,Undergraduate,37,24,64.9%,7.25,4.54,4.46,4.38,4.25,4.42,4.17,4.71,4.25,4.17
2025,Fall,Carnegie Mellon University,ISP,67262,1,"SOORIAMURTHI, RAJA",DTABASE DSGN/DEV,Undergraduate,37,33,89.2%,8.55,4.85,4.82,4.85,4.58,4.82,4.79,4.79,4.70,4.58
2025,Fall,Carnegie Mellon University,ISP,67262,3,"SOORIAMURTHI, RAJA",DTABASE DSGN/DEV,Undergraduate,29,24,82.8%,7.38,4.79,4.71,4.92,4.46,4.79,4.63,4.96,4.83,4.75
2025,Fall,Carnegie Mellon University,ISP,67262,4,"AGRAWAL, RUCHIT",DTABASE DSGN/DEV,Undergraduate,34,29,85.3%,11.97,3.34,3.14,3.28,3.28,3.72,3.10,3.55,3.07,3.07
2025,Fall,Carnegie Mellon University,ISP,67336,A,"HUANG, SHIHONG",BLDG DATA VIS IN IS,Undergraduate,16,8,50.0%,7.25,4.75,4.50,4.75,4.75,4.75,4.25,4.63,4.50,4.00
2025,Fall,Carnegie Mellon University,ISP,67341,W,"AOUN, CHADI",GENERATIVE AI GOVERN,Undergraduate,13,10,76.9%,10.25,4.25,4.13,4.13,3.88,4.38,4.13,4.63,4.25,4.63
2025,Fall,Carnegie Mellon University,ISP,67341,W,"BOUAMOR, HOUDA",GENERATIVE AI GOVERN,Undergraduate,13,10,76.9%,9.80,4.80,4.70,4.70,4.70,4.90,5.00,4.88,4.75,4.75
2025,Fall,Carnegie Mellon University,ISP,67348,A,"QUESENBERRY, JERIA",CULTRL REPS OF TECH,Undergraduate,22,7,31.8%,4.57,4.86,4.43,4.43,4.71,4.86,4.71,5.00,4.71,4.86
2025,Fall,Carnegie Mellon University,ISP,67365,W,"LIGINLAL, DIVAKARAN",HUMAN-CENTERED SECUR,Undergraduate,9,8,88.9%,12.50,4.38,4.50,4.50,4.75,4.63,4.63,4.88,4.63,4.00
2025,Fall,Carnegie Mellon University,ISP,67365,W,"AOUN, CHADI",HUMAN-CENTERED SECUR,Undergraduate,9,8,88.9%,12.50,4.25,4.25,4.38,4.50,4.50,4.38,4.88,4.38,3.88
2025,Fall,Carnegie Mellon University,ISP,67368,A,"ILANY-TZUR, NAAMA",UX RESEARCH FOR PM,Undergraduate,15,8,53.3%,6.50,4.63,4.00,4.13,4.13,4.50,4.00,4.88,4.38,4.13
2025,Fall,Carnegie Mellon University,ISP,67380,W,"MOHANTY, MANORANJAN",INFORMATION SYS SEC,Undergraduate,8,7,87.5%,6.50,4.43,4.14,4.57,3.43,4.43,4.29,4.57,4.14,4.14
2025,Fall,Carnegie Mellon University,ISP,67382,W,"VATANASAKDAKUL, SAVANID NUI",DIGITAL TRANS STRAT,Undergraduate,19,13,68.4%,8.69,4.77,4.46,4.54,4.69,4.62,4.77,4.85,4.62,4.62
2025,Fall,Carnegie Mellon University,ISP,67382,X,"VATANASAKDAKUL, SAVANID NUI",DIGITAL TRANS STRAT,Undergraduate,21,14,66.7%,8.43,4.50,4.29,4.64,4.36,4.50,4.57,4.79,4.64,4.57
2025,Fall,Carnegie Mellon University,ISP,67404,W,"AAZAM, MOHAMMAD",BLOCKCHAIN APPLICAT,Undergraduate,20,13,65.0%,8.23,4.92,4.54,4.85,4.85,4.85,4.69,4.92,4.77,4.62
2025,Fall,Carnegie Mellon University,ISP,67443,W,"AAZAM, MOHAMMAD",MOBILE APP DEV,Undergraduate,15,11,73.3%,11.91,4.82,4.55,4.73,4.55,4.82,4.73,4.91,4.64,4.64
2025,Fall,Carnegie Mellon University,ISP,67443,1,"HEIMANN, LARRY",MOBILE APP DEV,Undergraduate,8,4,50.0%,9.50,5.00,5.00,5.00,5.00,5.00,5.00,5.00,5.00,5.00
2025,Fall,Carnegie Mellon University,ISP,67443,2,"HEIMANN, LARRY",MOBILE APP DEV,Undergraduate,24,6,25.0%,14.17,4.33,3.83,4.00,4.17,4.33,4.00,4.33,4.17,3.83
2025,Fall,Carnegie Mellon University,ISP,67474,W,"VATANASAKDAKUL, SAVANID NUI",TECH STARTUP LANCHPD,Undergraduate,20,10,50.0%,10.10,4.80,4.70,4.70,4.80,4.80,4.70,4.80,4.70,4.70
2025,Fall,Dietrich College of Humanities and Social Sciences,LCL,82101,W,"MOUFID, EZZOHRA",ELEMENTARY FRENCH I,Undergraduate,8,6,75.0%,12.50,5.00,5.00,5.00,5.00,5.00,5.00,5.00,5.00,5.00
2025,Fall,Dietrich College of Humanities and Social Sciences,LCL,82101,A,"HOOGSTADEN, ESTER",ELEMENTARY FRENCH I,Undergraduate,15,7,46.7%,7.14,4.86,4.86,5.00,5.00,4.86,5.00,5.00,5.00,4.86
2025,Fall,Dietrich College of Humanities and Social Sciences,LCL,82102,A,"YOUNGS, BONNIE",ELEMENTARY FRENCH II,Undergraduate,12,9,75.0%,7.78,4.22,3.67,4.00,4.00,3.78,3.89,3.67,3.44,3.33
2025,Fall,Dietrich College of Humanities and Social Sciences,LCL,82103,A,"HOOGSTADEN, ESTER",ELEM FRENCH I ONLINE,Undergraduate,10,6,60.0%,7.50,5.00,4.83,5.00,4.83,4.83,5.00,5.00,4.83,4.67
2025,Fall,Dietrich College of Humanities and Social Sciences,LCL,82110,W,"PULLMAN, ETHAN",ARBC CLGRPHY CRAFT,Undergraduate,17,10,58.8%,8.60,4.30,4.20,4.30,4.60,4.40,4.30,4.50,4.20,4.20
2025,Fall,Dietrich College of Humanities and Social Sciences,LCL,82111,W,"MOUFID, EZZOHRA",ELEMENTARY ARABIC I,Undergraduate,4,4,100.0%,8.75,5.00,5.00,5.00,5.00,4.75,5.00,5.00,5.00,5.00
2025,Fall,Dietrich College of Humanities and Social Sciences,LCL,82111,A,"ABRAHAM, NEVINE",ELEMENTARY ARABIC I,Undergraduate,6,4,66.7%,5.75,5.00,4.75,5.00,4.75,4.75,5.00,5.00,5.00,5.00
2025,Fall,Dietrich College of Humanities and Social Sciences,LCL,82113,A,"ABRAHAM, NEVINE",ELEM ARABIC 1 ONLINE,Undergraduate,9,8,88.9%,6.50,5.00,4.88,4.88,4.63,4.88,4.88,5.00,4.88,4.88
2025,Fall,Dietrich College of Humanities and Social Sciences,LCL,82119,A,"PULLMAN, ETHAN",ARABIC CALL CLTR SK,Undergraduate,26,7,26.9%,3.71,4.14,3.43,3.71,4.14,4.14,3.71,4.29,3.86,4.00
2025,Fall,Dietrich College of Humanities and Social Sciences,LCL,82121,1,"WELLS, MARTINA",ELEMENTARY GERMAN I,Undergraduate,10,7,70.0%,6.29,5.00,5.00,5.00,5.00,5.00,5.00,5.00,5.00,5.00
2025,Fall,Dietrich College of Humanities and Social Sciences,LCL,82122,A,"WELLS, MARTINA",ELEMENTARY GERMAN II,Undergraduate,6,4,66.7%,6.50,5.00,5.00,5.00,4.75,4.75,5.00,5.00,5.00,5.00
2025,Fall,Dietrich College of Humanities and Social Sciences,LCL,82131,B,"LIU, GANG",ELEM CHINESE I,Undergraduate,9,5,55.6%,5.60,5.00,5.00,4.80,4.80,5.00,5.00,5.00,5.00,5.00
2025,Fall,Dietrich College of Humanities and Social Sciences,LCL,82131,A,"WANG, HAIXIA",ELEM CHINESE I,Undergraduate,12,8,66.7%,5.00,4.63,4.50,4.63,4.63,4.50,4.50,4.88,4.63,4.50
2025,Fall,Dietrich College of Humanities and Social Sciences,LCL,82133,A,"WIENER, SETH",ELE CHINESE ONLINE I,Undergraduate,13,6,46.2%,7.50,4.33,3.50,4.17,4.00,4.17,4.00,4.67,3.83,4.00
2025,Fall,Dietrich College of Humanities and Social Sciences,LCL,82134,A,"SU, TING",ELE CHINESE ONLINE 2,Undergraduate,6,3,50.0%,7.00,5.00,5.00,5.00,5.00,5.00,5.00,5.00,5.00,5.00
2025,Fall,Dietrich College of Humanities and Social Sciences,LCL,82135,A,"PENG, WEI",CLTR ROOT HRTGE LRNS,Undergraduate,5,5,100.0%,4.40,5.00,5.00,5.00,4.80,5.00,5.00,5.00,4.80,4.80
2025,Fall,Dietrich College of Humanities and Social Sciences,LCL,82137,A,"PENG, WEI",CHINESE CALLGPHY SKL,Undergraduate,34,27,79.4%,4.11,4.85,4.93,4.89,4.85,4.89,4.81,4.93,4.93,4.93
2025,Fall,Dietrich College of Humanities and Social Sciences,LCL,82137,C,"WANG, HAIXIA",CHINESE CALLGPHY SKL,Undergraduate,31,28,90.3%,4.14,4.79,4.50,4.82,4.64,4.79,4.79,4.86,4.79,4.96
2025,Fall,Dietrich College of Humanities and Social Sciences,LCL,82137,D,"WANG, HAIXIA",CHINESE CALLGPHY SKL,Undergraduate,24,11,45.8%,4.18,4.73,4.00,4.55,4.55,4.55,4.45,4.73,4.45,4.55
2025,Fall,Dietrich College of Humanities and Social Sciences,LCL,82137,E,"SUN, ZHONGXIN",CHINESE CALLGPHY SKL,Undergraduate,30,22,73.3%,4.86,4.71,4.62,4.86,4.67,4.57,4.71,4.95,4.76,4.86
2025,Fall,Dietrich College of Humanities and Social Sciences,LCL,82137,B,"YAO, TIANXUE",CHINESE CALLGPHY SKL,Undergraduate,32,14,43.8%,5.21,4.86,4.64,4.71,4.71,4.64,4.79,4.93,4.79,4.79
2025,Fall,Dietrich College of Humanities and Social Sciences,LCL,82139,A,"SU, TING",CHNS LRNG CLTR PRAC,Undergraduate,20,8,40.0%,5.00,4.63,4.63,4.63,4.50,4.50,4.63,4.75,4.50,4.63
2025,Fall,Dietrich College of Humanities and Social Sciences,LCL,82139,B,"ZHANG, Lihong",CHNS LRNG CLTR PRAC,Undergraduate,20,19,95.0%,5.21,4.74,4.47,4.68,4.68,4.53,4.39,4.78,4.56,4.47
2025,Fall,Dietrich College of Humanities and Social Sciences,LCL,82141,A,"SKIBBA, CANDACE",ELEMENTARY SPANISH I,Undergraduate,14,5,35.7%,9.80,5.00,5.00,5.00,4.60,5.00,4.80,5.00,4.80,4.80
2025,Fall,Dietrich College of Humanities and Social Sciences,LCL,82141,W,"HELIN, ERIK",ELEMENTARY SPANISH I,Undergraduate,11,4,36.4%,7.25,4.75,5.00,5.00,4.50,4.50,4.75,4.75,5.00,4.75
2025,Fall,Dietrich College of Humanities and Social Sciences,LCL,82141,X,"HELIN, ERIK",ELEMENTARY SPANISH I,Undergraduate,18,10,55.6%,8.60,4.60,4.10,4.30,4.30,4.00,4.20,4.60,4.20,4.40
2025,Fall,Dietrich College of Humanities and Social Sciences,LCL,82142,W,"HELIN, ERIK",ELEM SPANISH II,Undergraduate,7,4,57.1%,9.50,5.00,5.00,5.00,5.00,5.00,5.00,5.00,5.00,5.00
2025,Fall,Dietrich College of Humanities and Social Sciences,LCL,82142,A,"ESTRADA, JOSE",ELEM SPANISH II,Undergraduate,6,6,100.0%,6.00,5.00,4.67,4.67,4.83,4.67,5.00,5.00,5.00,5.00
2025,Fall,Dietrich College of Humanities and Social Sciences,LCL,82151,B,"TUSMAGAMBET, Botagoz",ELEM KOREAN I,Undergraduate,10,10,100.0%,6.80,4.80,4.20,4.40,4.60,4.70,4.50,5.00,4.60,4.50
2025,Fall,Dietrich College of Humanities and Social Sciences,LCL,82151,A,"BERBIGUIER, MATHIEU",ELEM KOREAN I,Undergraduate,11,11,100.0%,6.36,5.00,5.00,5.00,5.00,5.00,5.00,5.00,5.00,4.91
2025,Fall,Dietrich College of Humanities and Social Sciences,LCL,82152,A,"KANG, SANGHEE",ELEM KOREAN II,Undergraduate,6,6,100.0%,6.50,5.00,5.00,4.83,4.67,4.67,4.83,5.00,4.83,4.50
2025,Fall,Dietrich College of Humanities and Social Sciences,LCL,82161,A,"STEFANORI, EMANUELE",ELEMENTARY ITALIAN I,Undergraduate,18,15,83.3%,7.00,4.33,4.47,4.27,4.13,4.40,4.40,4.40,4.33,4.47
2025,Fall,Dietrich College of Humanities and Social Sciences,LCL,82162,A,"STEFANORI, EMANUELE",ELEM ITALIAN II,Undergraduate,2,2,100.0%,6.50,5.00,5.00,5.00,5.00,4.50,5.00,5.00,5.00,5.00
2025,Fall,Dietrich College of Humanities and Social Sciences,LCL,82171,A,"MATSUURA, Ryuki",ELEM JAPANESE I,Undergraduate,15,12,80.0%,8.75,4.75,4.50,4.75,4.83,4.75,4.67,4.83,4.75,4.67
2025,Fall,Dietrich College of Humanities and Social Sciences,LCL,82171,B,"YAMAKAWA, YUKARI",ELEM JAPANESE I,Undergraduate,14,13,92.9%,7.08,5.00,4.85,4.77,5.00,4.92,4.85,5.00,5.00,4.85
2025,Fall,Dietrich College of Humanities and Social Sciences,LCL,82173,A,"ZHAN, BO",INTRO JAPANESE I,Undergraduate,13,12,92.3%,5.75,4.83,4.67,4.50,4.75,4.42,4.50,4.83,4.67,4.75
2025,Fall,Dietrich College of Humanities and Social Sciences,LCL,82183,A,"LIU, GANG",AI FOR HUMANITIES,Undergraduate,18,13,72.2%,4.31,4.46,4.15,4.62,4.54,4.62,4.31,4.77,4.46,4.38
2025,Fall,Dietrich College of Humanities and Social Sciences,LCL,82184,A,"AUSTIN, KEELY",LING CLTRL EQUITY,Undergraduate,10,9,90.0%,5.67,5.00,4.44,4.78,4.78,4.78,4.67,5.00,4.89,4.78
2025,Fall,Dietrich College of Humanities and Social Sciences,LCL,82185,A,"GEMBONI, GIUSEPPINA",GLOBAL FOOD CULTRS,Undergraduate,79,68,86.1%,4.03,4.72,4.65,4.68,4.61,4.68,4.69,4.79,4.61,4.63
2025,Fall,Dietrich College of Humanities and Social Sciences,LCL,82185,A,"ABRAHAM, NEVINE",GLOBAL FOOD CULTRS,Undergraduate,79,68,86.1%,4.07,4.75,4.59,4.66,4.60,4.72,4.69,4.78,4.63,4.60
2025,Fall,Dietrich College of Humanities and Social Sciences,LCL,82185,A,"WU, SUE-MEI",GLOBAL FOOD CULTRS,Undergraduate,79,68,86.1%,3.97,4.64,4.42,4.46,4.46,4.60,4.49,4.66,4.48,4.55
2025,Fall,Dietrich College of Humanities and Social Sciences,LCL,82186,A,"ANYA, UJU",SEX ROMNC STDY ABRD,Undergraduate,7,2,28.6%,5.00,5.00,4.50,4.50,3.50,4.50,4.00,4.50,4.50,4.50
2025,Fall,Dietrich College of Humanities and Social Sciences,LCL,82191,A,"TUSMAGAMBET, Botagoz",ELEM RUSSIAN I,Undergraduate,14,14,100.0%,5.64,4.50,3.14,3.79,4.00,4.07,3.86,4.79,4.00,3.71
2025,Fall,Dietrich College of Humanities and Social Sciences,LCL,82203,A,"FLOYD, RACHEL",INTER FRENCH I ONLNE,Undergraduate,2,2,100.0%,6.50,5.00,5.00,5.00,5.00,5.00,5.00,5.00,5.00,5.00
2025,Fall,Dietrich College of Humanities and Social Sciences,LCL,82209,A,"NIANG, MAME-FATOU",CNTMP FRENCH CINEMA,Undergraduate,3,0,0.0%,,,,,,,,,,
2025,Fall,Dietrich College of Humanities and Social Sciences,LCL,82211,A,"GARCIA, Joseph",INTRMDTE ARABIC I,Undergraduate,4,4,100.0%,9.50,5.00,5.00,4.75,4.50,5.00,4.50,5.00,4.75,4.75
2025,Fall,Dietrich College of Humanities and Social Sciences,LCL,82221,A,"WELLS, MARTINA",INTERMED GERMAN I,Undergraduate,9,5,55.6%,6.80,4.80,4.60,4.40,4.60,4.80,5.00,5.00,5.00,4.80
2025,Fall,Dietrich College of Humanities and Social Sciences,LCL,82222,A,"WELLS, MARTINA",INTERMED GERMAN II,Undergraduate,6,3,50.0%,7.00,5.00,5.00,4.67,4.67,4.67,5.00,5.00,5.00,4.67
2025,Fall,Dietrich College of Humanities and Social Sciences,LCL,82231,A,"ZHANG, Lihong",INTERMED CHINESE I,Undergraduate,9,7,77.8%,6.71,4.57,4.57,4.86,4.86,4.57,4.71,5.00,4.86,4.71
2025,Fall,Dietrich College of Humanities and Social Sciences,LCL,82232,A,"YAO, TIANXUE",INTERMED CHINESE II,Undergraduate,8,2,25.0%,8.00,4.00,4.00,4.50,4.00,4.00,4.00,5.00,3.50,4.00
2025,Fall,Dietrich College of Humanities and Social Sciences,LCL,82241,B,"GOMEZ, FELIPE",INTERMED SPANISH I,Undergraduate,7,7,100.0%,7.57,4.29,2.71,3.29,3.14,4.00,3.57,4.43,3.14,3.00
2025,Fall,Dietrich College of Humanities and Social Sciences,LCL,82242,A,"SKIBBA, CANDACE",INTERMED SPANISH II,Undergraduate,4,2,50.0%,5.00,5.00,4.00,4.50,5.00,4.00,4.50,5.00,5.00,4.50
2025,Fall,Dietrich College of Humanities and Social Sciences,LCL,82248,A,"TARDIO, THERESE",INTR LTN AMR FLM ART,Undergraduate,5,3,60.0%,7.00,4.33,4.00,4.00,4.33,4.67,4.33,5.00,4.00,4.33
2025,Fall,Dietrich College of Humanities and Social Sciences,LCL,82250,A,"CASPAR, STEPHAN",INTRO IMMERSIVE ARTS,Undergraduate,15,7,46.7%,6.29,4.14,3.29,3.57,4.00,4.14,2.86,4.86,3.29,3.00
2025,Fall,Dietrich College of Humanities and Social Sciences,LCL,82255,A,"BERBIGUIER, MATHIEU",BYND KRN WAVE KPOP,Undergraduate,22,18,81.8%,5.83,5.00,5.00,5.00,4.94,4.89,4.94,5.00,4.94,4.94
2025,Fall,Dietrich College of Humanities and Social Sciences,LCL,82261,A,"GEMBONI, GIUSEPPINA",INTERMED ITALIAN I,Undergraduate,6,6,100.0%,6.50,4.67,5.00,4.67,4.67,4.50,4.67,5.00,4.83,4.67
2025,Fall,Dietrich College of Humanities and Social Sciences,LCL,82268,A,"GEMBONI, GIUSEPPINA",INTRO ITALIAN FILM,Undergraduate,21,17,81.0%,5.19,4.75,4.63,4.56,4.63,4.63,4.63,4.88,4.75,4.75
2025,Fall,Dietrich College of Humanities and Social Sciences,LCL,82270,A,"LITT, BARBARA",TECH JPNS CLTR SOCTY,Undergraduate,14,11,78.6%,5.55,4.55,4.18,4.64,4.45,4.55,4.55,4.36,4.27,4.36
2025,Fall,Dietrich College of Humanities and Social Sciences,LCL,82271,A,"YASUHARA, YOSHIHIRO",INTERMED JAPANESE I,Undergraduate,4,4,100.0%,8.00,5.00,4.75,5.00,4.75,4.75,5.00,5.00,5.00,4.75
2025,Fall,Dietrich College of Humanities and Social Sciences,LCL,82273,A,"LITT, BARBARA",INTRO JAP LANG/CULT,Undergraduate,13,8,61.5%,5.75,4.38,4.13,4.00,4.38,4.00,4.25,4.13,4.25,4.63
2025,Fall,Dietrich College of Humanities and Social Sciences,LCL,82273,B,"FUJINAGA-GORDON, KIYONO",INTRO JAP LANG/CULT,Undergraduate,12,10,83.3%,5.00,4.80,4.60,4.80,4.60,4.78,4.67,4.60,4.70,4.50
2025,Fall,Dietrich College of Humanities and Social Sciences,LCL,82278,A,"ZHAN, BO",JAPANESE FLM LIT,Undergraduate,8,7,87.5%,3.29,4.57,4.57,4.57,4.43,4.29,4.29,4.86,4.43,4.57
2025,Fall,Dietrich College of Humanities and Social Sciences,LCL,82278,B,"ZHAN, BO",JAPANESE FLM LIT,Undergraduate,6,5,83.3%,5.00,4.80,4.80,4.80,4.40,4.40,4.80,5.00,4.60,4.60
2025,Fall,Dietrich College of Humanities and Social Sciences,LCL,82279,A,"YASUHARA, YOSHIHIRO",ANIME INTPLY JPN WLD,Undergraduate,89,75,84.3%,5.32,4.49,4.43,4.52,4.25,4.52,4.45,4.79,4.43,4.39
2025,Fall,Dietrich College of Humanities and Social Sciences,LCL,82282,A,"ESTRADA, JOSE",INTRP GLBL TXT CLTR,Undergraduate,20,13,65.0%,6.38,4.38,4.23,4.38,4.15,4.23,4.38,4.54,4.46,4.08
2025,Fall,Dietrich College of Humanities and Social Sciences,LCL,82282,B,"CHEN, ISABELLE",INTRP GLBL TXT CLTR,Undergraduate,12,9,75.0%,5.67,4.89,5.00,4.78,4.89,4.67,4.89,5.00,5.00,4.67
2025,Fall,Dietrich College of Humanities and Social Sciences,LCL,82283,C,"RENFROE, Devon",LANG DIV CLTRL IDTY,Undergraduate,24,17,70.8%,6.41,4.94,4.82,4.88,4.82,4.82,4.75,5.00,4.88,4.76
2025,Fall,Dietrich College of Humanities and Social Sciences,LCL,82283,A,"TUSMAGAMBET, Botagoz",LANG DIV CLTRL IDTY,Undergraduate,19,7,36.8%,4.14,4.43,4.29,4.43,4.57,4.43,4.43,4.86,4.43,4.29
2025,Fall,Dietrich College of Humanities and Social Sciences,LCL,82283,D,"VAN COMPERNOLLE, REMI",LANG DIV CLTRL IDTY,Undergraduate,20,2,10.0%,9.50,4.50,4.50,4.50,5.00,4.50,4.50,5.00,4.50,4.50
2025,Fall,Dietrich College of Humanities and Social Sciences,LCL,82283,B,"AL MASAEED, KHALED",LANG DIV CLTRL IDTY,Undergraduate,16,3,18.8%,6.00,4.67,4.33,4.33,4.33,4.67,4.67,4.67,4.67,4.67
2025,Fall,Dietrich College of Humanities and Social Sciences,LCL,82285,A,"GOMEZ, FELIPE",PDCTG LNG CLTR STR,Undergraduate,16,11,68.8%,8.82,4.45,3.64,3.82,3.91,4.36,4.18,4.82,4.00,4.00
2025,Fall,Dietrich College of Humanities and Social Sciences,LCL,82291,A,"KATS, NAUM",INTRMDT RUSSIAN I,Undergraduate,11,7,63.6%,5.43,4.86,5.00,4.67,4.57,4.83,4.17,4.33,4.17,4.29
2025,Fall,Dietrich College of Humanities and Social Sciences,LCL,82293,A,"KATS, NAUM",RSSN CNMA BLSK PTN,Undergraduate,22,9,40.9%,5.00,4.78,4.78,4.78,4.78,4.78,4.78,5.00,5.00,5.00
2025,Fall,Dietrich College of Humanities and Social Sciences,LCL,82303,A,"NIANG, MAME-FATOU",FRNCH FRANCO CLTRS,Undergraduate,7,2,28.6%,9.50,5.00,3.50,4.00,5.00,4.50,4.50,5.00,4.50,5.00
2025,Fall,Dietrich College of Humanities and Social Sciences,LCL,82304,A,"DUBREIL, SEBASTIEN",FRNCH FRANCO SCLGTS,Undergraduate,9,8,88.9%,6.88,5.00,3.88,4.63,4.25,4.75,4.75,5.00,4.75,4.63
2025,Fall,Dietrich College of Humanities and Social Sciences,LCL,82311,A,"AL MASAEED, KHALED",ADVANCED ARABIC I,Undergraduate,2,0,0.0%,,,,,,,,,,
2025,Fall,Dietrich College of Humanities and Social Sciences,LCL,82320,A,"SHAUGHNESSY, MICHAEL",CNTPY SC GRM AST SWT,Undergraduate,6,4,66.7%,5.75,4.75,3.25,3.25,3.50,4.50,3.25,5.00,3.50,3.25
2025,Fall,Dietrich College of Humanities and Social Sciences,LCL,82331,A,"WANG, HAIXIA",RDG NEW CHINA I,Undergraduate,7,4,57.1%,6.50,5.00,4.50,4.75,5.00,5.00,5.00,5.00,5.00,4.75
2025,Fall,Dietrich College of Humanities and Social Sciences,LCL,82333,A,"PENG, WEI",CHNSE LNG CLTR,Undergraduate,10,6,60.0%,4.50,5.00,5.00,4.83,4.50,5.00,4.83,5.00,4.83,4.83
2025,Fall,Dietrich College of Humanities and Social Sciences,LCL,82333,B,"PENG, WEI",CHNSE LNG CLTR,Undergraduate,20,13,65.0%,4.54,4.92,4.92,4.85,4.85,4.92,4.85,5.00,5.00,5.00
2025,Fall,Dietrich College of Humanities and Social Sciences,LCL,82340,A,"YAO, TIANXUE",BUSNSS LNG & CLTR II,Undergraduate,6,5,83.3%,5.00,5.00,4.80,4.80,4.80,5.00,5.00,5.00,5.00,4.80
2025,Fall,Dietrich College of Humanities and Social Sciences,LCL,82344,A,"ESTRADA, JOSE",U.S. LATINE CULTURE,Undergraduate,11,6,54.5%,6.50,4.67,4.50,4.67,4.67,4.83,4.83,4.67,4.67,4.83
2025,Fall,Dietrich College of Humanities and Social Sciences,LCL,82345,A,"TARDIO, THERESE",USING SPNSH SOC CONT,Undergraduate,15,5,33.3%,6.80,4.80,4.00,3.80,4.20,4.80,4.40,4.40,4.40,4.40
2025,Fall,Dietrich College of Humanities and Social Sciences,LCL,82371,A,"FUJINAGA-GORDON, KIYONO",ADV JAPANESE I,Undergraduate,2,0,0.0%,,,,,,,,,,
2025,Fall,Dietrich College of Humanities and Social Sciences,LCL,82411,W,"MOUFID, EZZOHRA",TPCS IN ARABIC MEDIA,Undergraduate,11,4,36.4%,7.25,4.25,4.25,4.25,4.25,4.25,4.00,4.00,4.00,4.25
2025,Fall,Dietrich College of Humanities and Social Sciences,LCL,82415,A,"NIANG, MAME-FATOU",TPC FRCH FRANCPH STD,Undergraduate,4,2,50.0%,5.00,5.00,4.50,5.00,5.00,5.00,5.00,5.00,5.00,5.00
2025,Fall,Dietrich College of Humanities and Social Sciences,LCL,82439,A,"WU, SUE-MEI",BLK MYTH WUKONG,Undergraduate,14,13,92.9%,5.46,4.69,4.38,4.50,4.83,4.58,4.46,4.77,4.46,4.77
2025,Fall,Dietrich College of Humanities and Social Sciences,LCL,82441,A,"SKIBBA, CANDACE",STUD PENIN LIT CULT,Undergraduate,7,3,42.9%,6.00,4.33,3.33,4.00,4.00,4.67,3.67,4.67,4.00,4.00
2025,Fall,Dietrich College of Humanities and Social Sciences,LCL,82450,A,"ESTRADA, JOSE",ADV RSR HSP LNG CULT,Undergraduate,2,2,100.0%,6.50,3.50,3.50,4.00,4.00,3.50,3.00,4.00,4.00,3.50
2025,Fall,Dietrich College of Humanities and Social Sciences,LCL,82473,A,"FUJINAGA-GORDON, KIYONO",TPCS IN JAPANES STDS,Undergraduate,2,1,50.0%,8.00,5.00,5.00,5.00,5.00,5.00,5.00,5.00,5.00,5.00
2025,Fall,Dietrich College of Humanities and Social Sciences,LCL,82480,A,"MCCULLOUGH, MARY JAYNE",TRNSLTN TECH,Undergraduate,4,0,0.0%,,,,,,,,,,
2025,Fall,Dietrich College of Humanities and Social Sciences,LCL,82481,A,"DWORKIN, KENYA",TRNSLTN WKSHP 1,Undergraduate,2,0,0.0%,,,,,,,,,,
2025,Fall,Dietrich College of Humanities and Social Sciences,LCL,82483,A,"GORDILLO, YOLANDA",TRNSLTN AS PROFSN I,Undergraduate,2,0,0.0%,,,,,,,,,,
2025,Fall,Dietrich College of Humanities and Social Sciences,LCL,82534,A,"YAO, TIANXUE",CHNS CLGR CLSC PNT,Undergraduate,14,8,57.1%,4.63,4.88,4.88,5.00,5.00,4.88,4.88,4.88,5.00,5.00
2025,Fall,Dietrich College of Humanities and Social Sciences,LCL,82539,A,"WU, SUE-MEI",CHNS DGTL ART LIT,Undergraduate,25,25,100.0%,6.54,4.88,4.68,4.72,4.88,4.72,4.72,4.92,4.84,4.84
2025,Fall,Dietrich College of Humanities and Social Sciences,LCL,82701,A,"SKIBBA, CANDACE",CLTR STUD ELCT-GRAD,Graduate,2,2,100.0%,5.00,5.00,2.50,3.50,4.00,5.00,4.50,5.00,4.00,4.00
2025,Fall,Dietrich College of Humanities and Social Sciences,LCL,82701,C,"WANG, HAIXIA",CLTR STUD ELCT-GRAD,Graduate,2,2,100.0%,6.50,5.00,3.50,4.00,3.50,4.50,4.50,4.50,4.50,3.50
2025,Fall,Dietrich College of Humanities and Social Sciences,LCL,82703,A,"MCCULLOUGH, MARY JAYNE",TRNSLTN TECHNOLOGIES,Graduate,7,6,85.7%,5.50,4.33,4.67,4.83,3.83,4.33,4.67,4.50,4.33,4.00
2025,Fall,Dietrich College of Humanities and Social Sciences,LCL,82704,A,"DWORKIN, KENYA",TRANSLATION WRKSHP I,Graduate,7,6,85.7%,5.50,4.00,3.50,3.33,3.50,4.00,3.33,3.50,3.33,2.83
2025,Fall,Dietrich College of Humanities and Social Sciences,LCL,82706,A,"DWORKIN, KENYA",TRNSLT WRKSP III,Graduate,6,1,16.7%,2.00,3.00,1.00,1.00,1.00,2.00,2.00,3.00,1.00,1.00
2025,Fall,Dietrich College of Humanities and Social Sciences,LCL,82708,A,"GORDILLO, YOLANDA",TRNSLTN PROF I,Graduate,7,6,85.7%,3.20,4.17,3.17,3.50,3.33,3.83,3.50,4.50,3.33,3.33
2025,Fall,Dietrich College of Humanities and Social Sciences,LCL,82709,A,"MCCULLOUGH, MARY JAYNE",TRNSLTN AS PROFSN,Graduate,6,1,16.7%,2.00,1.00,1.00,1.00,1.00,1.00,1.00,3.00,1.00,1.00
2025,Fall,Dietrich College of Humanities and Social Sciences,LCL,82783,A,"VAN COMPERNOLLE, REMI",SC LNG ACQ THRY RSCH,Graduate,14,7,50.0%,8.00,4.00,3.43,3.43,3.57,4.57,4.43,4.71,4.00,3.86
2025,Fall,Dietrich College of Humanities and Social Sciences,LCL,82793,A,"YOUNGS, BONNIE",TCHG MDRN LANG CLTRS,Graduate,9,7,77.8%,5.86,4.71,4.14,4.57,4.71,4.86,5.00,4.43,4.71,4.57
2025,Fall,Dietrich College of Humanities and Social Sciences,LCL,82881,A,"KANG, SANGHEE",RESEARCH METHODS SLA,Graduate,13,12,92.3%,8.00,4.75,4.75,4.92,4.92,4.92,4.75,4.92,4.67,4.75
2025,Fall,Dietrich College of Humanities and Social Sciences,LCL,82885,A,"ANYA, UJU",QUALITATIVE METHODS,Graduate,8,4,50.0%,7.25,5.00,5.00,5.00,4.75,5.00,5.00,5.00,5.00,5.00
2025,Fall,Dietrich College of Humanities and Social Sciences,LCL,82888,B,"CASPAR, STEPHAN",TP SCND LANG ACQSTN,Graduate,9,7,77.8%,5.00,4.71,4.00,4.43,4.00,4.86,4.71,4.57,4.57,4.29
2025,Fall,Dietrich College of Humanities and Social Sciences,LCL,82888,B,"DUBREIL, SEBASTIEN",TP SCND LANG ACQSTN,Graduate,9,7,77.8%,5.00,4.71,4.00,4.29,4.00,4.86,4.71,4.86,4.57,4.29
2025,Fall,Dietrich College of Humanities and Social Sciences,LCL,82888,A,"WIENER, SETH",TP SCND LANG ACQSTN,Graduate,9,4,44.4%,8.75,5.00,4.50,4.75,5.00,5.00,4.75,5.00,5.00,5.00
2025,Fall,School of Computer Science,LTI,11324,A,"LEVIN, LORRAINE",HUMAN LANG FOR AI,Undergraduate,13,6,46.2%,8.00,4.17,3.83,3.83,3.33,4.50,4.17,4.33,4.00,4.00
2025,Fall,School of Computer Science,LTI,11344,A,"OFLAZER, KEMAL",MACHINE LRNG PRACTCE,Undergraduate,12,3,25.0%,5.00,4.33,5.00,3.67,3.33,5.00,4.00,5.00,4.00,4.00
2025,Fall,School of Computer Science,LTI,11411,A,"NYBERG, ERIC",NATRL LNGUAG PRCSSNG,Undergraduate,30,7,23.3%,10.57,4.14,4.14,4.29,3.57,4.29,3.71,4.43,3.86,3.86
2025,Fall,School of Computer Science,LTI,11411,B,"NYBERG, ERIC",NATRL LNGUAG PRCSSNG,Undergraduate,4,1,25.0%,11.00,5.00,5.00,5.00,5.00,5.00,5.00,5.00,5.00,5.00
2025,Fall,School of Computer Science,LTI,11442,A,"CALLAN, JAMIE",SEARCH ENGINES,Undergraduate,6,1,16.7%,5.00,4.00,4.00,4.00,3.00,4.00,4.00,3.00,4.00,4.00
2025,Fall,School of Computer Science,LTI,11485,1,"RAMAKRISHNAN, BHIKSHA",INTRO. DEEP LRNG.,Undergraduate,24,5,20.8%,18.20,4.80,4.80,4.80,3.80,4.80,4.80,4.80,4.80,4.80
2025,Fall,School of Computer Science,LTI,11485,B,"RAMAKRISHNAN, BHIKSHA",INTRO. DEEP LRNG.,Undergraduate,54,22,40.7%,16.86,3.62,4.00,3.95,3.71,3.76,3.90,3.29,3.81,3.67
2025,Fall,School of Computer Science,LTI,11485,1,"SINGH, RITA",INTRO. DEEP LRNG.,Undergraduate,24,5,20.8%,15.75,3.75,3.75,3.75,3.50,3.75,3.50,3.75,3.75,3.75
2025,Fall,School of Computer Science,LTI,11485,B,"SINGH, RITA",INTRO. DEEP LRNG.,Undergraduate,54,22,40.7%,16.71,3.67,3.62,3.81,3.57,3.76,3.90,3.48,3.62,3.67
2025,Fall,School of Computer Science,LTI,11601,A,"BROWN, RALF",CODE&ALGO BOOTCAMP,Graduate,74,38,51.4%,10.63,4.61,4.61,4.58,4.42,4.66,4.37,4.82,4.45,4.29
2025,Fall,School of Computer Science,LTI,11611,A,"NYBERG, ERIC",NATRL LNGUAG PRCSSNG,Graduate,24,12,50.0%,10.83,4.83,4.92,4.92,4.83,4.92,4.75,4.92,4.58,4.33
2025,Fall,School of Computer Science,LTI,11611,R,"NYBERG, ERIC",NATRL LNGUAG PRCSSNG,Graduate,16,13,81.3%,13.46,4.69,4.85,4.77,4.77,4.85,4.77,4.85,4.77,4.62
2025,Fall,School of Computer Science,LTI,11624,A,"LEVIN, LORRAINE",HUMAN LANG FOR. AI,Graduate,5,5,100.0%,8.00,4.80,5.00,4.80,4.40,5.00,5.00,5.00,5.00,4.80
2025,Fall,School of Computer Science,LTI,11631,A,"SAP, MAARTEN",DATA SCIENCE SEM,Graduate,81,54,66.7%,8.54,4.15,4.28,4.41,4.28,4.26,4.37,4.63,4.39,3.91
2025,Fall,School of Computer Science,LTI,11632,A,"OFLAZER, KEMAL",DTA SCI CP,Graduate,81,17,21.0%,13.65,4.12,4.24,4.18,4.06,4.06,3.94,4.06,4.06,3.82
2025,Fall,School of Computer Science,LTI,11642,A,"CALLAN, JAMIE",SEARCH ENGINES,Graduate,29,11,37.9%,12.91,4.82,4.73,4.82,4.73,4.91,4.91,4.91,4.91,4.64
2025,Fall,School of Computer Science,LTI,11651,A,"SHAMOS, MICHAEL",AI & FUT. MKTS,Graduate,32,20,62.5%,8.30,4.95,4.95,4.95,4.80,4.95,4.90,4.95,4.85,4.80
2025,Fall,School of Computer Science,LTI,11654,A,"PAULISICK, ADAM",AI INNOVATION,Graduate,38,14,36.8%,11.07,4.57,4.36,4.43,4.50,4.14,3.86,4.43,4.00,3.86
2025,Fall,School of Computer Science,LTI,11663,A,"OFLAZER, KEMAL",APPLIED MACH LRNG,Graduate,24,5,20.8%,9.20,4.00,4.20,4.20,3.60,4.60,4.60,4.60,4.20,4.20
2025,Fall,School of Computer Science,LTI,11664,A,"NEUBIG, GRAHAM",ALGRM LNG MODEL,Graduate,16,9,56.3%,16.33,4.22,3.67,4.11,4.22,4.22,4.33,4.67,3.89,3.33
2025,Fall,School of Computer Science,LTI,11667,A,"KIM, Yubin",LARGE LANG MODELS,Graduate,88,38,43.2%,11.58,4.68,4.66,4.74,4.55,4.68,4.63,4.87,4.61,4.61
2025,Fall,School of Computer Science,LTI,11667,A,"SAVELKA, JAROMIR",LARGE LANG MODELS,Graduate,88,38,43.2%,12.24,4.66,4.66,4.66,4.55,4.71,4.68,4.82,4.63,4.61
2025,Fall,School of Computer Science,LTI,11673,A,"MORTENSEN, DAVID",FOUNDCOMPDATA,Graduate,20,10,50.0%,14.20,4.40,4.40,4.60,3.70,4.50,4.00,4.70,4.40,4.10
2025,Fall,School of Computer Science,LTI,11673,A,"ROSE, CAROLYN",FOUNDCOMPDATA,Graduate,20,10,50.0%,14.20,4.70,4.60,4.60,3.90,4.70,4.10,4.80,4.40,4.10
2025,Fall,School of Computer Science,LTI,11685,1,"RAMAKRISHNAN, BHIKSHA",INTRO DEEP LRNG,Graduate,7,5,71.4%,19.40,5.00,5.00,5.00,5.00,5.00,5.00,5.00,5.00,5.00
2025,Fall,School of Computer Science,LTI,11685,B,"RAMAKRISHNAN, BHIKSHA",INTRO DEEP LRNG,Graduate,38,15,39.5%,18.50,4.79,4.79,4.71,4.79,4.86,4.71,4.86,4.79,4.79
2025,Fall,School of Computer Science,LTI,11685,M,"RAMAKRISHNAN, BHIKSHA",INTRO DEEP LRNG,Graduate,3,1,33.3%,11.00,4.00,4.00,4.00,4.00,4.00,4.00,4.00,4.00,4.00
2025,Fall,School of Computer Science,LTI,11685,1,"SINGH, RITA",INTRO DEEP LRNG,Graduate,7,5,71.4%,18.25,4.75,4.75,4.75,4.75,5.00,5.00,4.75,5.00,5.00
2025,Fall,School of Computer Science,LTI,11685,B,"SINGH, RITA",INTRO DEEP LRNG,Graduate,38,15,39.5%,18.60,4.64,4.71,4.79,4.79,4.79,4.86,4.71,4.71,4.79
2025,Fall,School of Computer Science,LTI,11685,M,"SINGH, RITA",INTRO DEEP LRNG,Graduate,3,1,33.3%,8.00,4.00,4.00,4.00,4.00,4.00,4.00,4.00,4.00,4.00
2025,Fall,School of Computer Science,LTI,11690,C,"MITAMURA, TERUKO",MIIS DIRECTED STUDY,Graduate,34,17,50.0%,13.18,4.65,4.71,4.81,4.75,4.81,4.71,4.71,4.71,4.65
2025,Fall,School of Computer Science,LTI,11697,A,"MITAMURA, TERUKO",INTRO TO QUEST ANSWE,Graduate,23,12,52.2%,11.00,4.33,4.50,4.58,4.33,4.50,4.42,4.83,4.42,4.33
2025,Fall,School of Computer Science,LTI,11697,RW,"MITAMURA, TERUKO",INTRO TO QUEST ANSWE,Graduate,28,21,75.0%,11.95,4.48,4.62,4.57,4.48,4.62,4.62,4.67,4.52,4.67
2025,Fall,School of Computer Science,LTI,11697,RW,"NYBERG, ERIC",INTRO TO QUEST ANSWE,Graduate,28,21,75.0%,11.33,4.67,4.67,4.71,4.62,4.71,4.76,4.67,4.71,4.76
2025,Fall,School of Computer Science,LTI,11697,A,"NYBERG, ERIC",INTRO TO QUEST ANSWE,Graduate,23,12,52.2%,10.75,4.58,4.67,4.75,4.58,4.67,4.58,4.92,4.58,4.50
2025,Fall,School of Computer Science,LTI,11705,A,"SAP, MAARTEN",INTRO RS LTI,Graduate,23,12,52.2%,4.50,4.75,4.83,4.83,4.67,4.75,4.83,4.83,4.83,4.50
2025,Fall,School of Computer Science,LTI,11711,A,"WELLECK, SEAN",ADV NAT LANG PROC,Graduate,117,55,47.0%,11.27,4.49,4.71,4.65,4.33,4.63,4.55,4.85,4.44,4.51
2025,Fall,School of Computer Science,LTI,11724,A,"LEVIN, LORRAINE",HUMAN LANG FOR. AI,Graduate,2,1,50.0%,8.00,5.00,5.00,5.00,5.00,5.00,5.00,5.00,5.00,5.00
2025,Fall,School of Computer Science,LTI,11741,A,"YANG, YIMING",M LRNG GPH,Graduate,4,3,75.0%,10.00,5.00,5.00,4.67,4.67,4.67,4.67,5.00,4.67,4.67
2025,Fall,School of Computer Science,LTI,11751,A,"WATANABE, SHINJI",SPCH RECOGN & UNDSTG,Graduate,13,13,100.0%,10.15,4.85,4.54,4.62,4.38,4.92,4.62,4.69,4.54,4.54
2025,Fall,School of Computer Science,LTI,11755,R,"RAMAKRISHNAN, BHIKSHA",MACHINE LRNG SGN PRC,Graduate,6,6,100.0%,15.83,5.00,4.83,4.83,4.50,5.00,4.83,5.00,4.83,5.00
2025,Fall,School of Computer Science,LTI,11755,A,"RAMAKRISHNAN, BHIKSHA",MACHINE LRNG SGN PRC,Graduate,16,8,50.0%,12.13,4.88,4.38,4.63,4.00,5.00,5.00,3.88,4.88,4.63
2025,Fall,School of Computer Science,LTI,11763,A,"NEUBIG, GRAHAM",ALGRM LNG MODEL,Graduate,23,8,34.8%,18.88,4.13,3.88,4.13,3.75,4.38,4.38,4.38,4.13,3.75
2025,Fall,School of Computer Science,LTI,11775,A,"SINGH, RITA",LG SCALE MULT-MED AN,Graduate,4,2,50.0%,14.00,3.50,3.00,4.00,4.00,4.50,4.00,5.00,2.50,2.50
2025,Fall,School of Computer Science,LTI,11777,A,"BUSSO, CARLOS",MULTIMODAL ML,Graduate,42,21,50.0%,9.57,3.57,3.29,3.10,3.14,3.57,3.00,4.14,2.81,3.24
2025,Fall,School of Computer Science,LTI,11781,A,"MA, JIAN",GEN AI BIOMED,Graduate,8,5,62.5%,7.40,3.40,3.20,3.60,3.20,4.25,3.75,4.25,4.25,4.00
2025,Fall,School of Computer Science,LTI,11781,A,"LI, LEI",GEN AI BIOMED,Graduate,8,5,62.5%,8.75,4.50,4.00,4.25,3.75,4.25,4.25,4.25,4.25,4.25
2025,Fall,School of Computer Science,LTI,11785,1,"RAMAKRISHNAN, BHIKSHA",INTRO DEEP LRNG.,Graduate,13,1,7.7%,24.00,5.00,5.00,5.00,5.00,5.00,5.00,5.00,5.00,5.00
2025,Fall,School of Computer Science,LTI,11785,B,"RAMAKRISHNAN, BHIKSHA",INTRO DEEP LRNG.,Graduate,57,27,47.4%,20.33,4.33,4.19,4.19,4.00,4.30,4.15,4.11,4.11,4.19
2025,Fall,School of Computer Science,LTI,11785,M,"RAMAKRISHNAN, BHIKSHA",INTRO DEEP LRNG.,Graduate,41,20,48.8%,17.47,4.79,4.68,4.68,4.58,4.79,4.74,4.74,4.74,4.74
2025,Fall,School of Computer Science,LTI,11785,SV,"RAMAKRISHNAN, BHIKSHA",INTRO DEEP LRNG.,Graduate,8,4,50.0%,20.50,5.00,5.00,5.00,5.00,5.00,5.00,5.00,5.00,5.00
2025,Fall,School of Computer Science,LTI,11785,R,"RAMAKRISHNAN, BHIKSHA",INTRO DEEP LRNG.,Graduate,30,22,73.3%,17.32,4.82,4.91,4.86,4.82,4.95,4.82,4.91,4.86,4.91
2025,Fall,School of Computer Science,LTI,11785,1,"SINGH, RITA",INTRO DEEP LRNG.,Graduate,13,1,7.7%,24.00,5.00,5.00,5.00,5.00,5.00,5.00,5.00,5.00,5.00
2025,Fall,School of Computer Science,LTI,11785,B,"SINGH, RITA",INTRO DEEP LRNG.,Graduate,57,27,47.4%,19.89,4.22,4.07,4.22,4.19,4.26,4.15,4.11,4.19,4.26
2025,Fall,School of Computer Science,LTI,11785,M,"SINGH, RITA",INTRO DEEP LRNG.,Graduate,41,20,48.8%,18.94,4.71,4.59,4.63,4.50,4.56,4.63,4.69,4.63,4.56
2025,Fall,School of Computer Science,LTI,11785,R,"SINGH, RITA",INTRO DEEP LRNG.,Graduate,30,22,73.3%,17.15,4.70,4.75,4.85,4.65,4.80,4.80,4.80,4.80,4.85
2025,Fall,School of Computer Science,LTI,11785,SV,"SINGH, RITA",INTRO DEEP LRNG.,Graduate,8,4,50.0%,19.75,5.00,5.00,5.00,5.00,5.00,5.00,5.00,5.00,5.00
2025,Fall,School of Computer Science,LTI,11805,A,"HEIDARI, HODA",EVAL OF GEN AI,Graduate,5,1,20.0%,5.00,5.00,5.00,5.00,5.00,5.00,5.00,5.00,5.00,5.00
2025,Fall,School of Computer Science,LTI,11805,A,"DIAZ, FERNANDO",EVAL OF GEN AI,Graduate,5,1,20.0%,5.00,5.00,5.00,5.00,5.00,5.00,5.00,5.00,5.00,5.00
2025,Fall,School of Computer Science,LTI,11851,A,"BISK, YONATAN",TALKING TO ROBOTS,Graduate,36,16,44.4%,9.13,4.94,4.75,4.94,4.94,5.00,4.88,5.00,4.94,4.94
2025,Fall,School of Computer Science,LTI,11891,A,"FRIED, DANIEL",NEURAL CODE GEN,Graduate,31,11,35.5%,9.09,5.00,5.00,5.00,5.00,5.00,5.00,5.00,5.00,4.91
2025,Fall,School of Computer Science,LTI,11910,A,"CALLAN, JAMIE",DIRECTED RESEARCH,Graduate,82,26,31.7%,18.77,4.69,4.65,4.65,4.62,4.65,4.65,4.58,4.65,4.69
2025,Fall,School of Computer Science,LTI,11960,A1,"ROSE, CAROLYN",MATH FOUND FOR ML,Graduate,28,4,14.3%,10.50,2.75,3.50,3.25,2.50,3.50,3.00,4.75,3.00,3.00
2025,Fall,School of Computer Science,LTI,11961,A2,"ROSE, CAROLYN",COMP FOUND ML,Graduate,24,5,20.8%,9.80,4.60,4.80,4.40,4.25,4.20,4.00,5.00,4.00,4.00
2025,Fall,School of Computer Science,LTI,11968,A,"LI, LEI",LLM SYS CERT,Graduate,48,28,58.3%,14.04,4.39,4.29,4.54,3.86,4.61,4.54,4.68,4.32,4.18
2025,Fall,Mellon College of Science,MCS,38100,A2,"HUNTER, KEVIN",CATALYST,Undergraduate,25,11,44.0%,3.50,4.20,4.10,4.10,4.10,4.00,4.10,4.10,4.10,3.80
2025,Fall,Mellon College of Science,MCS,38100,A2,"PINNOW, ABIGAIL",CATALYST,Undergraduate,25,11,44.0%,3.64,4.18,4.09,3.90,4.00,3.60,4.20,4.45,3.82,3.64
2025,Fall,Mellon College of Science,MCS,38101,G,"PRIMIERO, TARA",EUREKA DISC & IMPACT,Undergraduate,19,17,89.5%,3.41,4.06,4.19,4.25,3.94,4.07,4.19,4.38,3.81,3.31
2025,Fall,Mellon College of Science,MCS,38101,L,"PRIMIERO, TARA",EUREKA DISC & IMPACT,Undergraduate,15,15,100.0%,3.80,4.53,4.67,4.60,4.27,4.47,4.53,4.67,4.60,4.00
2025,Fall,Mellon College of Science,MCS,38101,D,"DUTTA, VALENTINA",EUREKA DISC & IMPACT,Undergraduate,17,13,76.5%,2.69,4.08,4.00,3.92,4.00,3.92,3.69,4.23,3.92,3.23
2025,Fall,Mellon College of Science,MCS,38101,K,"BOTCHA, NIHARIKA KRISHN",EUREKA DISC & IMPACT,Undergraduate,16,14,87.5%,4.21,3.93,3.93,3.86,4.00,3.86,3.86,4.29,3.79,3.50
2025,Fall,Mellon College of Science,MCS,38101,M,"BOTCHA, NIHARIKA KRISHN",EUREKA DISC & IMPACT,Undergraduate,17,16,94.1%,3.13,4.63,4.63,4.69,4.38,4.44,4.56,4.44,4.38,4.19
2025,Fall,Mellon College of Science,MCS,38101,W,"NAIK, ADVITI",EUREKA DISC & IMPACT,Undergraduate,17,16,94.1%,3.88,4.38,4.44,4.44,4.31,4.31,4.25,4.31,4.44,3.94
2025,Fall,Mellon College of Science,MCS,38101,W,"MAJEED, YASSER",EUREKA DISC & IMPACT,Undergraduate,17,16,94.1%,4.06,4.38,4.44,4.44,4.06,4.00,4.31,4.75,4.31,4.00
2025,Fall,Mellon College of Science,MCS,38101,H,"HICKS, ANDREW",EUREKA DISC & IMPACT,Undergraduate,17,17,100.0%,3.24,4.41,4.53,4.47,4.53,4.41,4.65,4.82,4.71,3.88
2025,Fall,Mellon College of Science,MCS,38101,O,"HUNTER, KEVIN",EUREKA DISC & IMPACT,Undergraduate,22,21,95.5%,4.14,4.48,4.38,4.43,4.29,3.95,4.14,4.48,4.33,3.57
2025,Fall,Mellon College of Science,MCS,38101,F,"Willard, Amanda",EUREKA DISC & IMPACT,Undergraduate,16,11,68.8%,2.55,4.82,5.00,4.64,4.82,4.82,4.82,5.00,5.00,4.36
2025,Fall,Mellon College of Science,MCS,38101,O,"BRAUN, MAGGIE",EUREKA DISC & IMPACT,Undergraduate,22,21,95.5%,3.57,4.20,4.20,4.25,4.00,4.00,4.25,4.40,4.15,3.55
2025,Fall,Mellon College of Science,MCS,38101,B,"LAPERUTA, AMBER",EUREKA DISC & IMPACT,Undergraduate,16,10,62.5%,3.50,4.30,4.20,4.40,4.20,4.20,4.30,4.60,4.30,3.30
2025,Fall,Mellon College of Science,MCS,38101,A,"DOONAN, LYNLEY",EUREKA DISC & IMPACT,Undergraduate,18,10,55.6%,2.90,4.40,4.30,4.40,4.30,4.10,4.30,4.60,4.30,3.90
2025,Fall,Mellon College of Science,MCS,38101,I,"KOWALEWSKI, TOMASZ",EUREKA DISC & IMPACT,Undergraduate,11,3,27.3%,3.00,3.33,3.33,3.33,3.33,3.33,3.33,3.33,3.33,3.33
2025,Fall,Mellon College of Science,MCS,38101,C,"JOHNSON, GREGORY",EUREKA DISC & IMPACT,Undergraduate,16,12,75.0%,3.75,4.25,4.17,4.08,4.00,4.17,4.08,4.17,4.08,4.08
2025,Fall,Mellon College of Science,MCS,38101,1,"HOVIS, KEN",EUREKA DISC & IMPACT,Undergraduate,257,166,64.6%,3.71,4.08,4.17,4.23,3.82,4.04,4.09,4.36,4.05,3.50
2025,Fall,Mellon College of Science,MCS,38101,E,"HOVIS, KEN",EUREKA DISC & IMPACT,Undergraduate,20,10,50.0%,2.90,4.80,4.40,4.40,4.20,4.40,4.30,4.80,4.20,3.80
2025,Fall,Mellon College of Science,MCS,38101,J,"HOVIS, KEN",EUREKA DISC & IMPACT,Undergraduate,19,7,36.8%,2.86,4.29,4.29,4.17,3.67,4.17,4.17,4.17,4.17,4.00
2025,Fall,Mellon College of Science,MCS,38101,N,"HOVIS, KEN",EUREKA DISC & IMPACT,Undergraduate,18,10,55.6%,5.00,4.00,3.80,4.10,3.80,4.00,4.00,4.30,4.20,3.90
2025,Fall,Mellon College of Science,MCS,38110,W,"YOUNIS, IHAB",ENGAGE IN SERVICE,Undergraduate,17,2,11.8%,2.00,3.00,3.00,3.00,2.50,3.00,3.00,5.00,4.00,2.50
2025,Fall,Mellon College of Science,MCS,38220,W,"YOUNIS, IHAB",ENGAGE IN THE ARTS,Undergraduate,17,2,11.8%,2.00,3.00,3.00,3.00,3.00,3.00,3.00,3.00,3.00,3.00
2025,Fall,Mellon College of Science,MCS,38230,A,"Willard, Amanda",ENGAGE IN WELLNESS,Undergraduate,13,3,23.1%,2.00,2.00,2.00,2.00,2.00,2.00,2.00,2.00,2.00,2.00
2025,Fall,Mellon College of Science,MCS,38230,A,"HOVIS, KEN",ENGAGE IN WELLNESS,Undergraduate,13,3,23.1%,2.00,2.33,2.33,2.33,2.33,2.33,2.33,2.33,2.33,2.33
2025,Fall,Mellon College of Science,MCS,38230,A,"TURNSHEK, DIANE",ENGAGE IN WELLNESS,Undergraduate,13,3,23.1%,2.00,2.00,2.00,2.00,2.00,2.00,2.00,2.00,2.00,2.00
2025,Fall,Mellon College of Science,MCS,38230,A,"OFFNER, DAVID",ENGAGE IN WELLNESS,Undergraduate,13,3,23.1%,2.00,4.00,4.00,4.00,4.00,4.00,4.00,4.00,4.00,4.00
2025,Fall,Mellon College of Science,MCS,38330,A,"OFFNER, DAVID",ENG WELLN LKG OUTWD,Undergraduate,202,59,29.2%,2.52,4.15,4.17,4.15,4.15,4.13,4.10,4.17,4.15,4.07
2025,Fall,Mellon College of Science,MCS,38330,A,"TURNSHEK, DIANE",ENG WELLN LKG OUTWD,Undergraduate,202,59,29.2%,3.07,3.95,3.95,3.91,4.02,3.93,3.93,4.00,3.95,3.78
2025,Fall,Mellon College of Science,MCS,38330,A,"HOVIS, KEN",ENG WELLN LKG OUTWD,Undergraduate,202,59,29.2%,2.84,3.78,3.84,3.78,3.75,3.75,3.73,3.80,3.75,3.62
2025,Fall,Mellon College of Science,MCS,38330,A,"Willard, Amanda",ENG WELLN LKG OUTWD,Undergraduate,202,59,29.2%,2.51,4.12,4.12,4.10,4.12,4.07,4.07,4.12,4.12,4.02
2025,Fall,Mellon College of Science,MCS,38330,W,"YOUNIS, IHAB",ENG WELLN LKG OUTWD,Undergraduate,15,5,33.3%,2.60,4.00,4.00,4.00,4.00,4.00,4.00,4.20,4.00,4.00
2025,Fall,Mellon College of Science,MCS,38402,A,"HANNON, JOHN",MCS LDRSHP DEV SEM,Undergraduate,11,11,100.0%,5.82,4.91,4.64,4.73,4.55,4.82,4.73,5.00,4.73,4.73
2025,Fall,Mellon College of Science,MCS,38430,A,"Willard, Amanda",ENG WELLN LKG FORWD,Undergraduate,162,39,24.1%,2.39,3.81,3.91,3.94,3.84,3.84,3.88,3.91,3.84,3.66
2025,Fall,Mellon College of Science,MCS,38430,W,"YOUNIS, IHAB",ENG WELLN LKG FORWD,Undergraduate,16,3,18.8%,4.00,3.67,3.67,3.67,3.00,3.67,3.67,3.67,3.67,3.67
2025,Fall,Mellon College of Science,MCS,38430,A,"HOVIS, KEN",ENG WELLN LKG FORWD,Undergraduate,162,39,24.1%,2.50,3.70,3.81,3.84,3.73,3.73,3.76,3.81,3.78,3.43
2025,Fall,Mellon College of Science,MCS,38430,A,"TURNSHEK, DIANE",ENG WELLN LKG FORWD,Undergraduate,162,39,24.1%,2.47,3.48,3.58,3.61,3.52,3.52,3.55,3.58,3.52,3.39
2025,Fall,Mellon College of Science,MCS,38430,A,"OFFNER, DAVID",ENG WELLN LKG FORWD,Undergraduate,162,39,24.1%,2.39,3.72,3.81,3.84,3.75,3.75,3.78,3.81,3.75,3.50
2025,Fall,Mellon College of Science,MCS,38613,A2,"PAULINI, MANFRED",COMM FOR SCIENCES,Graduate,16,8,50.0%,5.38,4.75,4.63,4.63,4.38,4.63,4.50,4.88,4.63,4.50
2025,Fall,Mellon College of Science,MCS,38614,A,"URBANIC JR, JOHN",LRG SCALE CMPTG DS,Graduate,19,9,47.4%,10.44,4.89,4.78,4.67,4.67,5.00,4.67,4.89,4.67,4.78
2025,Fall,Mellon College of Science,MCS,38615,A,"ISAYEV, OLEXANDR","COMP MOD, STAT & ML",Graduate,14,7,50.0%,8.43,3.43,3.71,4.00,3.57,3.43,3.57,4.57,3.57,3.43
2025,Fall,Mellon College of Science,MCS,38701,A,"ANDERSON, THERESA",SP TPCS IN SCI,Graduate,4,3,75.0%,2.00,5.00,5.00,5.00,4.67,5.00,5.00,5.00,5.00,5.00
2025,Fall,Carnegie Institute of Technology,MEG,24101,1,"HAIDAR, DIANA",FUND OF MECH ENGR,Undergraduate,138,86,62.3%,6.40,4.09,3.85,4.02,4.00,4.11,4.11,4.26,4.05,4.13
2025,Fall,Carnegie Institute of Technology,MEG,24101,1,"SINGH, SATBIR",FUND OF MECH ENGR,Undergraduate,138,86,62.3%,7.07,4.09,4.05,4.08,3.85,4.31,4.09,4.44,4.04,4.10
2025,Fall,Carnegie Institute of Technology,MEG,24201,F2,"HAIDAR, DIANA",ST TS PROJ FAB ASSEM,Undergraduate,5,5,100.0%,2.00,5.00,5.00,4.80,5.00,4.60,4.80,5.00,4.80,4.60
2025,Fall,Carnegie Institute of Technology,MEG,24201,J2,"HAIDAR, DIANA",ST TS PROJ FAB ASSEM,Undergraduate,7,7,100.0%,2.43,5.00,4.50,4.67,4.67,4.83,5.00,5.00,4.83,4.67
2025,Fall,Carnegie Institute of Technology,MEG,24201,F1,"HAIDAR, DIANA",ST TS PROJ FAB ASSEM,Undergraduate,9,6,66.7%,2.00,4.83,4.83,4.83,4.83,4.83,4.83,4.83,4.33,4.67
2025,Fall,Carnegie Institute of Technology,MEG,24201,J1,"HAIDAR, DIANA",ST TS PROJ FAB ASSEM,Undergraduate,8,2,25.0%,2.00,4.50,3.50,4.50,4.50,4.50,5.00,4.50,4.50,4.50
2025,Fall,Carnegie Institute of Technology,MEG,24214,A,"GOMEZ, NESTOR",ID ST: MAZE,Undergraduate,12,7,58.3%,7.14,4.86,4.29,4.29,4.29,4.14,4.29,4.86,4.43,4.57
2025,Fall,Carnegie Institute of Technology,MEG,24215,A,"GOMEZ, NESTOR",ID ST SMART FURN,Undergraduate,10,4,40.0%,5.00,5.00,5.00,4.50,5.00,4.75,5.00,5.00,4.75,4.50
2025,Fall,Carnegie Institute of Technology,MEG,24221,1,"PRESTO, ALBERT",THERMODYNAMICS,Undergraduate,144,64,44.4%,8.33,3.78,3.78,3.86,3.30,3.91,3.70,4.27,3.53,3.56
2025,Fall,Carnegie Institute of Technology,MEG,24251,A1,"BERGBREITER, SARAH",ELEC SENS ACT,Undergraduate,39,14,35.9%,6.50,4.29,4.21,4.07,3.43,4.29,3.79,4.50,3.86,3.71
2025,Fall,Carnegie Institute of Technology,MEG,24251,A2,"BERGBREITER, SARAH",ELEC SENS ACT,Undergraduate,25,11,44.0%,5.55,4.18,4.18,4.09,3.91,4.60,4.10,4.70,4.10,3.90
2025,Fall,Carnegie Institute of Technology,MEG,24261,1,"MAJIDI, CARMEL",MECH I DES,Undergraduate,145,63,43.4%,7.57,4.10,4.02,4.14,3.95,4.17,4.13,4.54,3.98,3.86
2025,Fall,Carnegie Institute of Technology,MEG,24261,1,"AKSAK, BURAK",MECH I DES,Undergraduate,145,63,43.4%,7.52,4.17,3.95,4.10,3.95,4.05,3.98,4.49,4.03,3.86
2025,Fall,Carnegie Institute of Technology,MEG,24302,A,"WOLFE, JOANNA",PROF DEV MECHE,Undergraduate,69,34,49.3%,2.53,4.15,4.29,4.38,3.97,4.26,4.12,4.29,4.03,3.88
2025,Fall,Carnegie Institute of Technology,MEG,24322,1,"SINGH, SATBIR",HEAT TRANSFER,Undergraduate,131,103,78.6%,10.22,4.13,4.22,4.23,3.99,4.18,4.00,4.36,4.09,4.17
2025,Fall,Carnegie Institute of Technology,MEG,24322,1,"MCGAUGHEY, ALAN",HEAT TRANSFER,Undergraduate,131,103,78.6%,10.19,4.66,4.54,4.60,4.41,4.64,4.59,4.72,4.66,4.49
2025,Fall,Carnegie Institute of Technology,MEG,24351,1,"WEBSTER-WOOD, VICKIE",DYNAMICS,Undergraduate,117,107,91.5%,10.26,4.64,4.09,4.15,4.10,4.30,3.71,4.68,3.93,3.77
2025,Fall,Carnegie Institute of Technology,MEG,24352,1,"DE BOER, MAARTEN",DYNMC SYS & CONTROL,Undergraduate,48,26,54.2%,11.46,4.31,4.19,4.00,3.92,4.00,3.73,4.46,3.85,3.92
2025,Fall,Carnegie Institute of Technology,MEG,24370,1,"PANAT, RAHUL",MECH DES MET APP,Undergraduate,141,64,45.4%,8.97,4.11,3.61,3.68,3.74,3.90,3.65,4.31,3.66,3.52
2025,Fall,Carnegie Institute of Technology,MEG,24370,1,"KANG, INSEUNG",MECH DES MET APP,Undergraduate,141,64,45.4%,8.94,3.81,3.30,3.50,3.80,3.75,3.63,3.87,3.49,3.44
2025,Fall,Carnegie Institute of Technology,MEG,24441,A,"GOMEZ, NESTOR",PROD DES,Undergraduate,44,20,45.5%,9.65,4.80,4.50,4.60,4.50,4.55,4.50,4.80,4.68,4.65
2025,Fall,Carnegie Institute of Technology,MEG,24451,A,"SHROFF, SAMEER",FEEDBK CNTRL SYSTEMS,Undergraduate,28,14,50.0%,10.14,4.71,4.64,4.57,4.50,4.50,4.57,4.86,4.64,4.79
2025,Fall,Carnegie Institute of Technology,MEG,24452,1,"OZDOGANLAR, BURAK",MECH SYSTMS EXPRMNTN,Undergraduate,79,37,46.8%,9.17,4.36,4.11,4.25,4.03,4.25,4.25,4.36,4.17,4.00
2025,Fall,Carnegie Institute of Technology,MEG,24452,1,"BOLMIN, OPHELIA",MECH SYSTMS EXPRMNTN,Undergraduate,79,37,46.8%,9.30,4.24,4.22,4.22,3.92,4.27,4.30,4.51,4.22,3.92
2025,Fall,Carnegie Institute of Technology,MEG,24614,A,"PIAZZA, GIANLUCA",MICROELECTROMECH SYS,Graduate,19,9,47.4%,10.33,4.56,4.44,4.67,4.33,4.89,4.67,5.00,4.33,4.44
2025,Fall,Carnegie Institute of Technology,MEG,24623,1,"WANG, JERRY",MOL SIM MATERIAL,Graduate,9,9,100.0%,10.67,5.00,5.00,5.00,5.00,5.00,5.00,5.00,5.00,5.00
2025,Fall,Carnegie Institute of Technology,MEG,24632,A,"BEUTH, JACK",ST:ADD MFG PROC DEV,Graduate,33,29,87.9%,7.17,4.17,4.14,4.17,3.66,4.48,4.38,4.31,4.07,4.03
2025,Fall,Carnegie Institute of Technology,MEG,24650,A,"Francis, ZACHARY",APP FIN EL AN,Graduate,38,20,52.6%,9.70,4.15,4.50,4.25,4.05,4.40,4.15,4.65,4.20,4.15
2025,Fall,Carnegie Institute of Technology,MEG,24651,A,"NARRA, SNEHA",MAT SLC ENGR,Graduate,29,17,58.6%,9.41,4.53,4.12,4.18,4.00,4.47,4.12,4.47,4.18,4.24
2025,Fall,Carnegie Institute of Technology,MEG,24658,A,"ZHANG, JESSICA",IMG BSE COMP MOD ANA,Graduate,14,12,85.7%,7.50,4.50,4.42,4.67,3.83,4.42,4.42,5.00,4.33,4.33
2025,Fall,Carnegie Institute of Technology,MEG,24663,A,"HALILAJ, ENI",ST: BIOMECH HMN MVMT,Graduate,16,14,87.5%,8.86,4.71,4.64,4.57,4.71,4.93,4.64,4.86,4.64,4.79
2025,Fall,Carnegie Institute of Technology,MEG,24664,A,"MOORE, AXEL",INTRO BIOMECH,Graduate,4,3,75.0%,10.00,4.67,4.67,4.67,4.33,4.67,5.00,5.00,4.67,4.33
2025,Fall,Carnegie Institute of Technology,MEG,24668,A,"BEDILLION, MARK",MECH APP MECHE,Graduate,16,15,93.8%,10.60,4.93,4.80,4.93,4.73,4.80,4.93,5.00,4.87,4.87
2025,Fall,Carnegie Institute of Technology,MEG,24671,A,"AKSAK, BURAK",ELECMECH SYS DES,Graduate,30,17,56.7%,12.59,4.71,4.24,4.47,4.63,4.56,4.31,4.75,4.56,4.50
2025,Fall,Carnegie Institute of Technology,MEG,24673,A,"MENGUC, YIGIT",SF RB MC DS MD,Graduate,29,17,58.6%,10.18,4.53,3.88,4.06,4.18,4.53,4.12,4.71,4.12,4.24
2025,Fall,Carnegie Institute of Technology,MEG,24677,1,"ZHAO, DING",MOD CON THRY,Graduate,83,46,55.4%,11.20,4.58,4.46,4.53,4.13,4.69,4.16,4.78,4.18,4.31
2025,Fall,Carnegie Institute of Technology,MEG,24678,A,"SHIMADA, KENJI",ST: COMP VIS ENG,Graduate,47,46,97.9%,11.09,4.74,4.65,4.78,4.50,4.80,4.65,4.93,4.65,4.57
2025,Fall,Carnegie Institute of Technology,MEG,24679,A,"MCCOMB, CHRISTOPHER",ST: DES DEP AI ML,Graduate,37,20,54.1%,12.00,5.00,4.75,4.85,4.90,5.00,4.80,5.00,4.90,4.85
2025,Fall,Carnegie Institute of Technology,MEG,24684,A,"TAYLOR, REBECCA",ST: NANO MFG DNA TCH,Graduate,9,6,66.7%,10.50,4.83,4.50,4.50,4.50,4.17,4.17,5.00,4.50,4.33
2025,Fall,Carnegie Institute of Technology,MEG,24688,1,"OZEL, SUALP",INTRD CAD/CAE TOOLS,Graduate,26,12,46.2%,7.75,4.50,4.67,4.67,4.33,4.42,4.75,5.00,4.67,4.50
2025,Fall,Carnegie Institute of Technology,MEG,24691,A,"CRUMMY, TYLER",ME PROJ MGT,Graduate,31,15,48.4%,8.80,4.80,4.73,4.67,4.47,4.80,4.73,4.87,4.73,4.73
2025,Fall,Carnegie Institute of Technology,MEG,24692,A,"FORMICA, MIKE",ST:ENG STARTUP,Graduate,29,15,51.7%,6.40,4.87,4.87,4.80,4.80,4.87,4.93,4.93,4.87,4.80
2025,Fall,Carnegie Institute of Technology,MEG,24692,A,"MORRIS, AARON",ST:ENG STARTUP,Graduate,29,15,51.7%,7.10,4.22,4.22,4.44,4.33,4.44,4.33,4.33,4.33,4.33
2025,Fall,Carnegie Institute of Technology,MEG,24693,B,"MURPHY, SANDY",ST: LDRSHP & COMM,Graduate,13,11,84.6%,5.27,5.00,4.10,4.60,4.80,4.80,4.80,4.90,4.70,4.70
2025,Fall,Carnegie Institute of Technology,MEG,24693,A,"LEDUC, PHILIP",ST: LDRSHP & COMM,Graduate,22,15,68.2%,6.40,4.87,4.73,4.80,4.80,4.80,4.73,4.80,4.80,4.80
2025,Fall,Carnegie Institute of Technology,MEG,24695,A,"BROWN, Melissa",ACAD & PD ME MS,Graduate,108,55,50.9%,2.33,4.53,4.53,4.31,4.11,4.29,4.24,4.69,4.18,3.64
2025,Fall,Carnegie Institute of Technology,MEG,24696,A,"GOMEZ, NESTOR",PROF COM ENG,Graduate,64,29,45.3%,4.07,4.38,4.28,4.28,4.10,4.31,4.31,4.59,4.21,3.83
2025,Fall,Carnegie Institute of Technology,MEG,24703,A,"DAYAL, KAUSHIK",NUML MTHS IN ENGING,Graduate,41,40,97.6%,8.90,4.23,4.46,4.35,4.03,4.15,4.45,4.78,4.35,4.30
2025,Fall,Carnegie Institute of Technology,MEG,24704,A,"POZZI, MATTEO",PROB ESTM MTH ENG SY,Graduate,14,9,64.3%,9.67,3.89,3.78,4.11,3.11,4.11,3.33,4.56,3.50,3.56
2025,Fall,Carnegie Institute of Technology,MEG,24711,A,"LITSTER, SHAWN",FLUID DYNAMICS,Graduate,14,5,35.7%,13.40,4.20,4.20,4.80,4.00,4.60,4.20,4.60,4.00,4.20
2025,Fall,Carnegie Institute of Technology,MEG,24718,1,"GRANDE GUTIERREZ, NOELIA",COMPUTNL FLUID DYNM,Graduate,19,13,68.4%,12.46,4.08,4.31,4.38,3.62,4.23,4.08,4.46,3.85,3.92
2025,Fall,Carnegie Institute of Technology,MEG,24751,A,"JONES, TREVOR",SOLID MECH,Graduate,12,9,75.0%,13.22,4.78,3.89,4.67,4.56,4.22,4.33,4.78,4.11,4.11
2025,Fall,Carnegie Institute of Technology,MEG,24760,A,"VIORNERY, Luis",ROBOT DYN & ANLS,Graduate,35,32,91.4%,11.50,4.69,4.50,4.47,4.44,4.28,4.25,4.84,4.44,4.38
2025,Fall,Carnegie Institute of Technology,MEG,24774,A,"BEDILLION, MARK",ADV CNTL SYS INT,Graduate,22,15,68.2%,12.60,4.87,4.93,4.93,4.87,4.93,4.93,4.87,4.87,4.73
2025,Fall,Carnegie Institute of Technology,MEG,24780,A,"YAMAKAWA, SOJI",ENGNRG COMPUTATION,Graduate,31,28,90.3%,8.43,4.82,4.68,4.71,4.46,4.82,4.68,4.93,4.64,4.61
2025,Fall,Carnegie Institute of Technology,MEG,24784,A,"ZHAO, DING",ST: TRUST AI,Graduate,100,62,62.0%,9.42,4.48,4.26,4.30,4.02,4.63,4.26,4.76,4.21,4.03
2025,Fall,Carnegie Institute of Technology,MEG,24785,A,"MICHALEK, JEREMY",ENGNRG OPTIMIZATION,Graduate,27,15,55.6%,10.60,4.73,4.67,4.67,4.47,4.53,4.60,4.80,4.53,4.47
2025,Fall,Carnegie Institute of Technology,MEG,24787,1,"WANG, LIWEI",MACH LRNG AI FOR ENG,Graduate,157,104,66.2%,9.43,4.56,4.72,4.68,4.39,4.66,4.68,4.84,4.58,4.57
2025,Fall,Carnegie Institute of Technology,MEG,24788,11,"OGOKE, Francis",INT DEEP LEARN,Graduate,13,8,61.5%,7.63,4.63,4.38,4.63,4.25,4.63,4.38,4.88,4.38,4.13
2025,Fall,Carnegie Institute of Technology,MEG,24788,A1,"OGOKE, Francis",INT DEEP LEARN,Graduate,13,7,53.8%,8.43,4.86,4.50,4.86,4.71,4.86,4.43,4.86,4.43,4.57
2025,Fall,Carnegie Institute of Technology,MEG,24789,22,"OGOKE, Francis",INT DE LE ENG,Graduate,16,12,75.0%,8.75,4.83,4.58,4.83,4.50,4.75,4.58,4.83,4.42,4.67
2025,Fall,Carnegie Institute of Technology,MEG,24789,A2,"OGOKE, Francis",INT DE LE ENG,Graduate,16,13,81.3%,9.38,4.85,4.54,4.69,4.50,4.77,4.69,4.85,4.54,4.54
2025,Fall,Carnegie Institute of Technology,MEG,24887,A,"KARA, LEVENT",MACH LRNG AI FOR ENG,Graduate,28,9,32.1%,15.33,4.78,4.78,4.89,4.67,4.89,4.78,4.89,4.89,4.78
2025,Fall,Carnegie Institute of Technology,MEG,24888,A,"BARATI FARIMANI, AMIR",INT DEEP LEARNING,Graduate,6,5,83.3%,13.40,4.00,3.80,4.60,3.20,4.80,3.80,5.00,3.80,3.60
2025,Fall,Carnegie Institute of Technology,MEG,24991,A,"WOLFE, JOANNA",PROF DEV PHD,Graduate,33,18,54.5%,2.50,4.89,4.94,4.89,4.78,4.83,4.94,4.94,4.83,4.83
2025,Fall,School of Computer Science,MLG,10301,A,"GORMLEY, MATTHEW",MACHINE LEARNING,Undergraduate,76,20,26.3%,11.20,4.50,4.30,4.55,4.20,4.55,4.30,4.65,4.50,4.00
2025,Fall,School of Computer Science,MLG,10301,B,"GORMLEY, MATTHEW",MACHINE LEARNING,Undergraduate,108,36,33.3%,13.00,4.44,4.31,4.47,3.75,4.36,4.28,4.56,4.36,3.92
2025,Fall,School of Computer Science,MLG,10301,A,"GORDON, GEOFFREY",MACHINE LEARNING,Undergraduate,76,20,26.3%,11.41,4.24,3.94,3.94,3.71,4.06,3.71,4.41,3.94,3.94
2025,Fall,School of Computer Science,MLG,10301,B,"GORDON, GEOFFREY",MACHINE LEARNING,Undergraduate,108,36,33.3%,13.06,3.91,3.94,3.97,3.69,4.00,3.66,4.31,3.60,3.86
2025,Fall,School of Computer Science,MLG,10414,A,"CHEN, TIANQI",DEEP LEARNING SYSTEM,Undergraduate,49,15,30.6%,9.71,4.36,4.43,4.43,4.00,4.29,4.14,4.57,4.14,4.14
2025,Fall,School of Computer Science,MLG,10414,A,"DETTMERS, TIM",DEEP LEARNING SYSTEM,Undergraduate,49,15,30.6%,9.71,4.29,4.36,4.36,4.00,4.29,4.36,4.50,4.29,4.14
2025,Fall,School of Computer Science,MLG,10417,A,"SALAKHUTDINOV, RUSLAN",INTERMED DEEP LEARN,Undergraduate,25,5,20.0%,12.50,4.50,5.00,4.50,4.25,5.00,4.50,5.00,4.50,4.50
2025,Fall,School of Computer Science,MLG,10423,A,"GORMLEY, MATTHEW",GEN AI,Undergraduate,44,11,25.0%,14.36,4.64,4.64,4.64,4.45,4.64,4.64,4.64,4.64,4.27
2025,Fall,School of Computer Science,MLG,10423,A,"NAYEBI, ARAN",GEN AI,Undergraduate,44,11,25.0%,14.36,4.36,4.36,4.40,4.20,4.80,4.18,4.64,4.27,4.27
2025,Fall,School of Computer Science,MLG,10601,A,"GORMLEY, MATTHEW",MACHINE LEARNING,Graduate,112,73,65.2%,13.68,4.89,4.85,4.78,4.55,4.82,4.77,4.89,4.77,4.68
2025,Fall,School of Computer Science,MLG,10601,B,"GORMLEY, MATTHEW",MACHINE LEARNING,Graduate,85,48,56.5%,14.42,4.73,4.77,4.77,4.58,4.79,4.71,4.81,4.79,4.60
2025,Fall,School of Computer Science,MLG,10601,A,"GORDON, GEOFFREY",MACHINE LEARNING,Graduate,112,73,65.2%,13.26,4.42,4.29,4.26,4.21,4.39,4.10,4.68,4.08,4.47
2025,Fall,School of Computer Science,MLG,10601,B,"GORDON, GEOFFREY",MACHINE LEARNING,Graduate,85,48,56.5%,14.48,4.42,4.42,4.36,4.23,4.32,4.15,4.72,4.21,4.49
2025,Fall,School of Computer Science,MLG,10605,A,"COHEN, WILLIAM",MCH LRNG LRG DTAST,Graduate,62,32,51.6%,13.06,4.13,4.09,4.03,4.03,4.25,3.97,4.34,3.78,3.78
2025,Fall,School of Computer Science,MLG,10606,A1,"WILDER, BRYAN",MATH FOR ML,Graduate,16,8,50.0%,9.71,4.75,4.88,4.75,4.50,4.63,4.50,5.00,4.63,4.50
2025,Fall,School of Computer Science,MLG,10607,A2,"WILDER, BRYAN",CS FOR ML,Graduate,20,10,50.0%,10.00,4.60,4.70,4.80,4.60,4.80,4.90,4.90,4.80,4.70
2025,Fall,School of Computer Science,MLG,10617,A,"SALAKHUTDINOV, RUSLAN",INTERMED DEEP LEARN,Graduate,33,8,24.2%,13.00,4.25,4.00,4.38,4.25,4.38,4.00,4.63,4.25,4.13
2025,Fall,School of Computer Science,MLG,10623,A,"GORMLEY, MATTHEW",GEN AI,Graduate,169,68,40.2%,14.19,4.69,4.68,4.69,4.63,4.69,4.69,4.72,4.68,4.62
2025,Fall,School of Computer Science,MLG,10623,A,"NAYEBI, ARAN",GEN AI,Graduate,169,68,40.2%,14.56,4.51,4.47,4.57,4.43,4.60,4.49,4.66,4.37,4.52
2025,Fall,School of Computer Science,MLG,10643,A,"HEIDARI, HODA",EVAL OF GEN AI,Graduate,3,0,0.0%,,,,,,,,,,
2025,Fall,School of Computer Science,MLG,10701,A,"HEIDARI, HODA",MACHINE LEARNING,Graduate,127,51,40.2%,13.04,3.88,4.02,4.08,3.61,4.02,3.90,4.47,3.98,3.71
2025,Fall,School of Computer Science,MLG,10703,A,"KUMAR, AVIRAL",DEEP RL & CONTROL,Graduate,175,58,33.1%,12.81,4.50,4.50,4.55,4.14,4.63,4.59,4.74,4.55,4.53
2025,Fall,School of Computer Science,MLG,10703,A,"FRAGKIADAKI, KATERINA",DEEP RL & CONTROL,Graduate,175,58,33.1%,12.50,4.60,4.43,4.46,4.32,4.58,4.47,4.71,4.50,4.47
2025,Fall,School of Computer Science,MLG,10708,A,"GU, ALBERT",PROB GRAPHCL MODELS,Graduate,69,27,39.1%,14.26,4.07,4.15,4.22,3.77,4.30,4.04,4.56,3.93,4.04
2025,Fall,School of Computer Science,MLG,10708,A,"RISTESKI, ANDREJ",PROB GRAPHCL MODELS,Graduate,69,27,39.1%,14.26,4.26,4.11,4.30,3.73,4.41,4.26,4.63,4.30,4.07
2025,Fall,School of Computer Science,MLG,10714,A,"CHEN, TIANQI",DEEP LEARNING SYSTEM,Graduate,222,81,36.5%,11.42,4.60,4.69,4.70,4.50,4.74,4.67,4.76,4.57,4.56
2025,Fall,School of Computer Science,MLG,10714,A,"DETTMERS, TIM",DEEP LEARNING SYSTEM,Graduate,222,81,36.5%,11.58,4.54,4.62,4.55,4.39,4.65,4.51,4.75,4.34,4.51
2025,Fall,School of Computer Science,MLG,10715,A,"KOLTER, ZICO",ADV. INTRO TO ML,Graduate,77,45,58.4%,10.03,4.77,4.54,4.76,4.13,4.79,4.79,4.79,4.77,4.69
2025,Fall,School of Computer Science,MLG,10715,A,"POCZOS, BARNABAS",ADV. INTRO TO ML,Graduate,77,45,58.4%,10.50,4.42,4.32,4.32,4.16,4.46,4.37,4.74,4.27,4.38
2025,Fall,School of Computer Science,MLG,10715,A,"SHAH, NIHAR",ADV. INTRO TO ML,Graduate,77,45,58.4%,10.02,4.66,4.52,4.45,4.18,4.23,4.27,4.80,4.27,4.20
2025,Fall,School of Computer Science,MLG,10718,A,"GHANI, RAYID",ML IN PRACTICE,Graduate,46,16,34.8%,9.50,3.94,3.50,3.88,3.88,3.63,3.69,4.31,3.56,2.63
2025,Fall,School of Computer Science,MLG,10723,A,"NAYEBI, ARAN",GEN AI,Graduate,18,8,44.4%,12.88,4.75,4.63,4.38,4.13,4.50,4.25,4.75,4.50,4.88
2025,Fall,School of Computer Science,MLG,10723,A,"GORMLEY, MATTHEW",GEN AI,Graduate,18,8,44.4%,12.88,5.00,4.75,4.75,4.38,4.75,4.75,4.75,4.75,4.75
2025,Fall,School of Computer Science,MLG,10725,A,"POCZOS, BARNABAS",OPTIMIZATION FOR ML,Graduate,36,11,30.6%,14.73,4.91,5.00,4.91,4.91,4.91,4.91,5.00,4.82,4.82
2025,Fall,School of Computer Science,MLG,10726,A,"BALCAN, MARIA",ML THEORY,Graduate,15,8,53.3%,7.63,5.00,4.75,4.75,4.88,4.75,4.75,5.00,4.75,4.63
2025,Fall,School of Computer Science,MLG,10726,A,"SIMCHOWITZ, MAX",ML THEORY,Graduate,15,8,53.3%,8.38,4.38,4.88,4.88,4.75,4.88,3.75,4.88,4.00,4.63
2025,Fall,School of Computer Science,MLG,10734,A,"SINGH, AARTI",AUTONOMOUS DECISION,Graduate,7,5,71.4%,8.60,4.80,5.00,5.00,4.80,4.60,4.80,5.00,4.80,4.80
2025,Fall,School of Computer Science,MLG,10743,A,"DIAZ, FERNANDO",EVAL OF GEN AI,Graduate,6,3,50.0%,10.00,4.67,2.67,4.00,3.67,4.67,4.33,4.67,4.67,3.67
2025,Fall,School of Computer Science,MLG,10743,A,"HEIDARI, HODA",EVAL OF GEN AI,Graduate,6,3,50.0%,10.00,3.67,3.33,3.33,3.00,4.33,3.67,4.67,4.00,4.00
2025,Fall,School of Computer Science,MLG,10744,A,"WEHBE, LEILA",ML FOR SCIENCE,Graduate,9,4,44.4%,4.25,5.00,5.00,4.50,4.25,4.75,4.75,5.00,4.75,4.75
2025,Fall,School of Computer Science,MLG,10747,A,"RAVIKUMAR, PRADEEP",NEURO-SYMBOLIC AI,Graduate,18,10,55.6%,7.70,4.80,4.60,4.60,4.30,4.90,4.80,4.90,4.60,4.60
2025,Fall,School of Computer Science,MLG,10748,A,"ROSENFELD, RONALD",ML EPIDEMIOLOGY,Graduate,4,1,25.0%,8.00,5.00,5.00,5.00,5.00,5.00,5.00,5.00,5.00,5.00
2025,Fall,School of Computer Science,MLG,10748,A,"WILDER, BRYAN",ML EPIDEMIOLOGY,Graduate,4,1,25.0%,8.00,5.00,5.00,5.00,5.00,5.00,5.00,5.00,5.00,5.00
2025,Fall,School of Computer Science,MLG,10805,A,"COHEN, WILLIAM",ML W/LARGE DATASETS,Graduate,3,0,0.0%,,,,,,,,,,
2025,Fall,School of Computer Science,MLG,10905,A,"COHEN, WILLIAM",SPEAKING SKILLS,Graduate,16,3,18.8%,3.00,4.00,4.33,4.33,3.00,4.00,3.33,4.33,3.33,3.33
2025,Fall,Mellon College of Science,MSC,21090,1,"GHEORGHICIUC, IRINA",PRECALCULUS,Undergraduate,118,65,55.1%,11.83,2.92,2.78,2.97,2.41,3.38,2.52,3.20,2.44,2.36
2025,Fall,Mellon College of Science,MSC,21108,12,"GHEORGHICIUC, IRINA",INTRO MATH CONCEPTS,Undergraduate,9,6,66.7%,8.50,3.67,3.67,3.83,3.83,4.00,4.00,4.00,4.17,4.17
2025,Fall,Mellon College of Science,MSC,21108,11,"GHEORGHICIUC, IRINA",INTRO MATH CONCEPTS,Undergraduate,11,6,54.5%,11.00,4.33,4.67,5.00,4.50,4.33,4.17,4.67,4.17,4.17
2025,Fall,Mellon College of Science,MSC,21108,W2,"YILMA, ZELEALEM",INTRO MATH CONCEPTS,Undergraduate,18,11,61.1%,5.82,4.64,4.64,4.64,4.45,4.64,4.73,4.91,4.55,4.64
2025,Fall,Mellon College of Science,MSC,21111,1,"OFFNER, DAVID",DIFFERENTIAL CALC,Undergraduate,43,15,34.9%,6.79,4.38,4.38,4.46,4.23,4.54,4.54,4.54,4.38,4.31
2025,Fall,Mellon College of Science,MSC,21111,1,"STATMAN, RICHARD",DIFFERENTIAL CALC,Undergraduate,43,15,34.9%,5.60,4.53,3.73,3.60,3.80,4.27,3.73,4.60,3.87,3.93
2025,Fall,Mellon College of Science,MSC,21111,W,"DEMIRKOPARAN, HASAN",DIFFERENTIAL CALC,Undergraduate,36,19,52.8%,12.00,4.05,4.05,4.00,3.58,4.16,3.79,4.74,3.74,3.89
2025,Fall,Mellon College of Science,MSC,21112,1,"STATMAN, RICHARD",INTEGRAL CALCULUS,Undergraduate,14,4,28.6%,5.00,3.25,3.25,3.67,3.67,3.67,2.75,4.50,3.00,3.00
2025,Fall,Mellon College of Science,MSC,21112,1,"OFFNER, DAVID",INTEGRAL CALCULUS,Undergraduate,14,4,28.6%,5.00,4.50,4.00,4.25,4.50,4.50,4.25,5.00,4.25,4.50
2025,Fall,Mellon College of Science,MSC,21120,1,"HOWELL, JASON",DIFFERENTIAL INT CAL,Undergraduate,193,74,38.3%,8.81,4.23,4.31,4.34,3.99,4.31,4.23,4.42,4.18,4.16
2025,Fall,Mellon College of Science,MSC,21120,2,"HOWELL, JASON",DIFFERENTIAL INT CAL,Undergraduate,107,45,42.1%,9.22,4.38,4.47,4.49,4.16,4.38,4.31,4.60,4.33,4.11
2025,Fall,Mellon College of Science,MSC,21120,W,"WESTON, ANTHONY ROSS",DIFFERENTIAL INT CAL,Undergraduate,28,14,50.0%,9.50,3.64,4.00,3.79,3.29,4.21,3.86,4.50,3.43,3.57
2025,Fall,Mellon College of Science,MSC,21122,W,"EL HAJJ, LAYAN",INTEGRTN & APPROX,Undergraduate,16,12,75.0%,10.75,4.42,4.58,4.58,4.33,4.50,4.92,5.00,4.75,4.08
2025,Fall,Mellon College of Science,MSC,21122,2,"IYER, SUMUN",INTEGRTN & APPROX,Undergraduate,81,36,44.4%,7.75,4.28,4.28,4.17,3.94,4.06,4.22,4.72,4.11,4.00
2025,Fall,Mellon College of Science,MSC,21122,1,"CHOI, JAE",INTEGRTN & APPROX,Undergraduate,68,44,64.7%,9.32,3.52,3.43,3.43,2.95,3.30,3.16,4.20,3.07,2.98
2025,Fall,Mellon College of Science,MSC,21127,3,"ABDELGHANY, NOHA",CONCEPTS OF MATHMTCS,Undergraduate,77,44,57.1%,10.27,4.52,4.52,4.50,4.27,4.18,4.27,4.64,4.34,4.18
2025,Fall,Mellon College of Science,MSC,21127,4,"ABDELGHANY, NOHA",CONCEPTS OF MATHMTCS,Undergraduate,81,41,50.6%,10.15,4.51,4.34,4.33,3.92,4.15,4.20,4.67,4.33,4.17
2025,Fall,Mellon College of Science,MSC,21127,W,"DEMIRKOPARAN, HASAN",CONCEPTS OF MATHMTCS,Undergraduate,20,17,85.0%,11.18,4.59,4.59,4.59,4.53,4.59,4.41,4.88,4.41,4.65
2025,Fall,Mellon College of Science,MSC,21127,1,"JOHNSON, GREGORY",CONCEPTS OF MATHMTCS,Undergraduate,83,39,47.0%,11.87,3.90,4.51,4.49,3.90,3.82,4.33,4.18,4.13,4.10
2025,Fall,Mellon College of Science,MSC,21127,2,"JOHNSON, GREGORY",CONCEPTS OF MATHMTCS,Undergraduate,77,38,49.4%,12.53,4.18,4.47,4.50,4.11,4.24,4.42,4.55,4.34,4.21
2025,Fall,Mellon College of Science,MSC,21128,1,"MACKEY, JOHN",MTH CONCPTS & PROOFS,Undergraduate,82,44,53.7%,10.41,4.86,4.64,4.66,4.57,4.86,4.52,4.75,4.75,4.66
2025,Fall,Mellon College of Science,MSC,21228,1,"BOHMAN, TOM",DISCRETE MATH,Undergraduate,33,20,60.6%,9.05,4.35,3.85,3.95,3.80,4.15,4.10,4.60,4.10,4.00
2025,Fall,Mellon College of Science,MSC,21235,1,"LEONI, GIOVANNI",MATHMTCL STDS ANALYS,Undergraduate,10,7,70.0%,13.57,4.86,5.00,5.00,5.00,5.00,5.00,5.00,5.00,5.00
2025,Fall,Mellon College of Science,MSC,21237,1,"CONLEY, CLINTON",MATHMTL STDS ALG I,Undergraduate,13,9,69.2%,12.00,4.89,4.78,4.67,4.67,4.56,4.67,5.00,4.44,4.67
2025,Fall,Mellon College of Science,MSC,21240,1,"DUBROFF, QUENTIN",MATRIX ALGBA APPLC,Undergraduate,41,18,43.9%,7.72,4.28,4.11,4.00,3.94,4.11,4.22,4.56,4.11,4.06
2025,Fall,Mellon College of Science,MSC,21241,4,"KOVALEV, PAVEL",MATRC & LINR TRNSF,Undergraduate,86,52,60.5%,9.62,4.31,4.41,4.33,3.98,4.35,4.40,4.74,4.32,4.10
2025,Fall,Mellon College of Science,MSC,21241,5,"KOVALEV, PAVEL",MATRC & LINR TRNSF,Undergraduate,84,45,53.6%,10.11,4.18,4.25,4.33,3.81,4.35,4.20,4.59,4.09,4.07
2025,Fall,Mellon College of Science,MSC,21241,3,"WILKENS, AMANDA",MATRC & LINR TRNSF,Undergraduate,84,31,36.9%,8.68,2.68,3.23,3.16,2.74,3.03,2.68,3.74,2.55,2.94
2025,Fall,Mellon College of Science,MSC,21241,1,"THORNTON, RILEY",MATRC & LINR TRNSF,Undergraduate,94,45,47.9%,8.07,3.04,3.38,3.42,2.76,3.47,3.00,3.71,2.80,3.04
2025,Fall,Mellon College of Science,MSC,21241,2,"THORNTON, RILEY",MATRC & LINR TRNSF,Undergraduate,85,39,45.9%,9.51,2.90,3.28,3.15,2.79,3.26,2.72,3.46,2.59,2.79
2025,Fall,Mellon College of Science,MSC,21241,6,"CHU, RAYMOND",MATRC & LINR TRNSF,Undergraduate,68,29,42.6%,8.72,3.55,3.62,3.41,3.41,3.69,3.24,4.14,3.00,3.66
2025,Fall,Mellon College of Science,MSC,21241,W,"EL HAJJ, LAYAN",MATRC & LINR TRNSF,Undergraduate,35,27,77.1%,9.44,4.59,4.56,4.59,4.07,4.52,4.67,4.63,4.48,4.44
2025,Fall,Mellon College of Science,MSC,21241,6,"OFFNER, DAVID",MATRC & LINR TRNSF,Undergraduate,68,29,42.6%,9.28,4.41,4.59,4.55,4.38,4.52,4.55,4.55,4.41,4.31
2025,Fall,Mellon College of Science,MSC,21242,1,"PEGDEN, WESLEY",MATRIX THEORY,Undergraduate,57,33,57.9%,11.09,4.72,4.25,4.22,4.00,4.66,4.81,4.88,4.69,4.63
2025,Fall,Mellon College of Science,MSC,21254,1,"QUINTANA, DYLAN",LIN ALG VEC CALC ENG,Undergraduate,115,55,47.8%,9.64,4.38,4.55,4.36,3.95,4.22,4.44,4.62,4.40,4.09
2025,Fall,Mellon College of Science,MSC,21254,2,"QUINTANA, DYLAN",LIN ALG VEC CALC ENG,Undergraduate,152,84,55.3%,9.29,4.49,4.55,4.54,4.21,4.32,4.58,4.67,4.50,4.36
2025,Fall,Mellon College of Science,MSC,21256,1,"FLAHERTY, TIMOTHY",MULTIVARIATE ANALYS,Undergraduate,67,29,43.3%,9.34,3.31,3.57,3.39,3.18,3.54,3.21,4.07,3.11,3.50
2025,Fall,Mellon College of Science,MSC,21256,2,"FLAHERTY, TIMOTHY",MULTIVARIATE ANALYS,Undergraduate,55,27,49.1%,9.81,3.44,3.07,3.30,2.81,3.22,2.81,3.70,2.74,2.85
2025,Fall,Mellon College of Science,MSC,21256,W,"WESTON, ANTHONY ROSS",MULTIVARIATE ANALYS,Undergraduate,44,31,70.5%,13.10,3.81,3.52,3.48,3.32,3.68,3.35,4.52,3.45,3.06
2025,Fall,Mellon College of Science,MSC,21259,1,"ODORNEY, EVAN",CALCULUS IN 3-D,Undergraduate,105,42,40.0%,9.36,4.02,4.02,4.07,3.79,4.05,4.24,4.40,4.02,3.95
2025,Fall,Mellon College of Science,MSC,21259,2,"ODORNEY, EVAN",CALCULUS IN 3-D,Undergraduate,106,52,49.1%,8.35,4.17,4.04,4.10,3.90,4.06,4.18,4.52,3.96,3.90
2025,Fall,Mellon College of Science,MSC,21259,3,"KRUEGER, ROBERT",CALCULUS IN 3-D,Undergraduate,74,70,94.6%,9.33,4.43,4.34,4.19,4.06,4.40,4.20,4.56,4.26,4.14
2025,Fall,Mellon College of Science,MSC,21259,W,"KHARE, NIRAJ",CALCULUS IN 3-D,Undergraduate,31,21,67.7%,9.29,4.75,4.60,4.55,4.50,4.70,4.35,4.75,4.55,4.65
2025,Fall,Mellon College of Science,MSC,21260,2,"HANDRON, DAVID",DIFFRENTL EQUATIONS,Undergraduate,75,42,56.0%,8.95,4.46,4.46,4.44,4.17,4.41,4.41,4.61,4.34,4.29
2025,Fall,Mellon College of Science,MSC,21260,1,"RESENDE, REINALDO",DIFFRENTL EQUATIONS,Undergraduate,73,59,80.8%,6.93,4.10,3.98,4.07,3.66,4.15,3.86,4.53,3.90,3.81
2025,Fall,Mellon College of Science,MSC,21260,3,"RESENDE, REINALDO",DIFFRENTL EQUATIONS,Undergraduate,25,21,84.0%,7.43,4.48,4.48,4.38,4.29,4.33,4.33,4.71,4.33,4.38
2025,Fall,Mellon College of Science,MSC,21261,1,"ROZOWSKI, MICHAEL",INTRO ORDNY DIFF EQT,Undergraduate,9,7,77.8%,9.29,4.86,4.14,4.14,4.71,4.43,4.57,4.86,4.71,4.29
2025,Fall,Mellon College of Science,MSC,21295,W,"YILMA, ZELEALEM",PUTNAM SEMINAR,Undergraduate,13,3,23.1%,3.00,5.00,5.00,5.00,5.00,5.00,5.00,5.00,5.00,5.00
2025,Fall,Mellon College of Science,MSC,21295,A,"LOH, PO-SHEN",PUTNAM SEMINAR,Undergraduate,121,57,47.1%,2.58,4.91,4.72,4.70,4.44,4.77,4.84,4.91,4.91,4.79
2025,Fall,Mellon College of Science,MSC,21295,B,"LOH, PO-SHEN",PUTNAM SEMINAR,Undergraduate,95,39,41.1%,3.10,4.79,4.67,4.72,4.49,4.69,4.77,4.85,4.87,4.79
2025,Fall,Mellon College of Science,MSC,21295,C,"LOH, PO-SHEN",PUTNAM SEMINAR,Undergraduate,15,7,46.7%,2.86,4.86,4.86,4.71,4.14,4.57,4.57,4.71,4.57,4.71
2025,Fall,Mellon College of Science,MSC,21295,D,"LOH, PO-SHEN",PUTNAM SEMINAR,Undergraduate,10,4,40.0%,3.50,5.00,5.00,5.00,5.00,5.00,5.00,5.00,5.00,5.00
2025,Fall,Mellon College of Science,MSC,21300,A,"SCHIMMERLING, ERNEST",BASIC LOGIC,Undergraduate,8,5,62.5%,10.40,5.00,5.00,5.00,5.00,4.75,5.00,5.00,5.00,4.80
2025,Fall,Mellon College of Science,MSC,21301,W,"YILMA, ZELEALEM",COMBINATORICS,Undergraduate,7,6,85.7%,9.50,4.67,4.83,4.67,4.83,4.50,4.67,5.00,4.67,4.67
2025,Fall,Mellon College of Science,MSC,21301,A,"FRIEZE, ALAN",COMBINATORICS,Undergraduate,21,5,23.8%,7.40,4.40,4.20,4.20,4.40,4.20,4.40,4.80,4.20,4.20
2025,Fall,Mellon College of Science,MSC,21325,C,"PISZTORA, AGOSTON",PROBABILITY,Undergraduate,29,8,27.6%,11.13,3.63,3.88,3.88,3.63,4.13,3.88,4.00,3.88,3.38
2025,Fall,Mellon College of Science,MSC,21325,D,"PISZTORA, AGOSTON",PROBABILITY,Undergraduate,18,9,50.0%,10.67,4.11,4.00,3.89,3.44,4.22,3.56,4.44,3.78,3.56
2025,Fall,Mellon College of Science,MSC,21325,A,"ALTSCHULER, DYLAN",PROBABILITY,Undergraduate,22,12,54.5%,10.00,4.42,4.42,4.50,3.67,4.33,4.33,4.58,4.08,4.00
2025,Fall,Mellon College of Science,MSC,21325,B,"ALTSCHULER, DYLAN",PROBABILITY,Undergraduate,29,15,51.7%,9.87,4.80,4.87,4.87,4.80,4.60,4.73,4.87,4.87,4.60
2025,Fall,Mellon College of Science,MSC,21326,A,"IYER, GAUTAM",MARKOV CHAINS,Undergraduate,33,26,78.8%,10.88,4.81,4.73,4.58,4.42,4.62,4.69,4.85,4.69,4.58
2025,Fall,Mellon College of Science,MSC,21341,A,"RAPAPORT, MARTIN",LINEAR ALGEBRA,Undergraduate,12,6,50.0%,13.17,3.00,4.00,3.50,3.50,3.17,3.00,3.00,2.83,2.83
2025,Fall,Mellon College of Science,MSC,21355,B,"ROSENZWEIG, MATTHEW",PRINCPL REAL ANLYS I,Undergraduate,17,6,35.3%,11.00,4.00,4.50,4.67,3.83,3.67,3.67,4.50,4.00,4.00
2025,Fall,Mellon College of Science,MSC,21355,A,"TICE, IAN",PRINCPL REAL ANLYS I,Undergraduate,23,9,39.1%,9.33,3.67,3.33,3.56,3.11,3.78,4.56,4.00,3.78,3.56
2025,Fall,Mellon College of Science,MSC,21355,C,"TICE, IAN",PRINCPL REAL ANLYS I,Undergraduate,20,10,50.0%,11.00,4.60,4.70,4.67,4.33,4.78,4.67,4.89,4.67,4.60
2025,Fall,Mellon College of Science,MSC,21356,A,"TKOCZ, TOMASZ",PRINC REAL ANLYS II,Undergraduate,14,7,50.0%,10.57,4.71,4.57,4.71,4.29,4.57,4.71,5.00,4.71,4.71
2025,Fall,Mellon College of Science,MSC,21369,1,"BOUCK, LUCAS",NUMERICAL METHODS,Undergraduate,20,18,90.0%,8.67,4.44,4.33,4.47,4.06,4.47,4.39,4.67,4.56,4.28
2025,Fall,Mellon College of Science,MSC,21369,2,"BOUCK, LUCAS",NUMERICAL METHODS,Undergraduate,28,23,82.1%,9.17,4.78,4.83,4.78,4.39,4.65,4.83,4.83,4.74,4.65
2025,Fall,Mellon College of Science,MSC,21370,A,"HANDRON, DAVID",DSCRETE TIME FINANCE,Undergraduate,55,15,27.3%,9.20,4.07,4.07,3.80,3.67,4.07,3.47,4.67,3.67,3.73
2025,Fall,Mellon College of Science,MSC,21371,A,"KINDERLEHRER, DAVID",FUNC CMPLX VARIABLE,Undergraduate,9,4,44.4%,5.75,4.75,4.75,5.00,4.75,4.75,5.00,5.00,5.00,5.00
2025,Fall,Mellon College of Science,MSC,21373,B,"GROSSBERG, RAMI",ALGEBRAIC STRUCTURES,Undergraduate,30,19,63.3%,7.58,3.16,3.16,3.26,2.89,3.74,3.53,3.74,2.89,3.00
2025,Fall,Mellon College of Science,MSC,21373,A,"ROBINS, SHARON",ALGEBRAIC STRUCTURES,Undergraduate,17,8,47.1%,8.00,3.88,3.00,4.00,3.50,4.00,3.63,4.50,3.25,3.38
2025,Fall,Mellon College of Science,MSC,21380,A,"JAIN, HARSH",INTRO MATH MODELING,Undergraduate,26,12,46.2%,6.00,4.42,4.33,4.50,4.17,4.67,4.42,4.67,4.42,4.33
2025,Fall,Mellon College of Science,MSC,21393,A,"FRIEZE, ALAN",OPERATIONS RSCH II,Undergraduate,30,13,43.3%,4.54,3.54,3.69,3.62,3.62,3.62,3.31,4.38,3.38,3.69
2025,Fall,Mellon College of Science,MSC,21441,A,"GOLDMAKHER, LEO",NUMBER THEORY,Undergraduate,9,5,55.6%,9.80,5.00,5.00,5.00,5.00,5.00,5.00,5.00,5.00,5.00
2025,Fall,Mellon College of Science,MSC,21469,1,"WALKINGTON, NOEL",COMPUTN INTRO PDE,Undergraduate,29,14,48.3%,8.43,2.93,2.93,2.71,2.43,2.79,2.79,4.07,2.50,2.36
2025,Fall,Mellon College of Science,MSC,21602,A,"SCHIMMERLING, ERNEST",INTRO TO SET THRY I,Graduate,9,4,44.4%,10.25,4.50,4.25,4.75,3.75,4.50,5.00,4.50,4.50,4.75
2025,Fall,Mellon College of Science,MSC,21603,A,"GROSSBERG, RAMI",MODEL THEORY I,Graduate,6,4,66.7%,5.00,3.75,3.75,4.50,3.25,4.75,4.00,4.50,4.25,4.25
2025,Fall,Mellon College of Science,MSC,21632,A,"NEUMAYER, ROBIN",INTRO DIFF EQNS,Graduate,15,5,33.3%,12.20,5.00,5.00,5.00,5.00,5.00,5.00,5.00,5.00,5.00
2025,Fall,Mellon College of Science,MSC,21651,A,"CUMMINGS, JAMES",GENERAL TOPOLOGY,Graduate,21,7,33.3%,8.43,4.86,4.86,4.86,4.86,4.57,4.86,4.86,4.86,4.86
2025,Fall,Mellon College of Science,MSC,21670,A1,"FLAHERTY, TIMOTHY",LIN ALGEBRA DATA SCI,Graduate,15,4,26.7%,8.00,4.25,4.50,4.75,4.50,4.75,4.75,5.00,4.50,4.50
2025,Fall,Mellon College of Science,MSC,21671,A,"HICKS, ANDREW",COMP LIN ALG,Graduate,14,8,57.1%,13.38,4.63,4.50,4.38,4.63,4.63,4.25,4.88,4.63,4.38
2025,Fall,Mellon College of Science,MSC,21701,A,"PEGDEN, WESLEY",DISCRETE MATHEMATCS,Graduate,23,11,47.8%,9.09,4.73,4.55,4.18,4.27,4.64,4.55,5.00,4.64,4.55
2025,Fall,Mellon College of Science,MSC,21720,A,"FONSECA, IRENE",MEASURE & INTEGRATN,Graduate,21,11,52.4%,10.82,4.45,4.64,4.45,4.18,4.45,4.64,4.73,4.55,4.45
2025,Fall,Mellon College of Science,MSC,21737,A,"BOHMAN, TOM",PROBLST COMBNATORCS,Graduate,13,4,30.8%,15.00,4.50,3.50,4.00,4.33,4.00,4.00,5.00,3.75,3.75
2025,Fall,Mellon College of Science,MSC,21849,A,"EUR, CHRISTOPHER",SPECIAL TOPICS,Graduate,7,2,28.6%,12.50,5.00,5.00,5.00,5.00,5.00,5.00,5.00,5.00,5.00
2025,Fall,Mellon College of Science,MSC,21880,A,"PISZTORA, AGOSTON",STOCHASTIC CALCULUS,Graduate,6,4,66.7%,8.75,4.75,5.00,5.00,4.75,4.50,4.75,5.00,4.75,4.50
2025,Fall,Carnegie Institute of Technology,MSE,27100,A,"HEARD, ROBERT",ENG MATERLS OF FUTRE,Undergraduate,17,5,29.4%,5.00,4.60,4.20,3.80,3.80,4.60,3.80,4.20,4.20,4.00
2025,Fall,Carnegie Institute of Technology,MSE,27100,B,"HEARD, ROBERT",ENG MATERLS OF FUTRE,Undergraduate,16,5,31.3%,4.40,4.00,4.00,4.20,3.80,4.80,4.60,4.20,4.00,4.40
2025,Fall,Carnegie Institute of Technology,MSE,27100,C,"HEARD, ROBERT",ENG MATERLS OF FUTRE,Undergraduate,10,4,40.0%,3.50,3.75,4.25,4.00,3.75,4.25,3.75,3.50,4.00,4.25
2025,Fall,Carnegie Institute of Technology,MSE,27100,D,"HEARD, ROBERT",ENG MATERLS OF FUTRE,Undergraduate,7,0,0.0%,,,,,,,,,,
2025,Fall,Carnegie Institute of Technology,MSE,27100,1,"SOKALSKI, VINCENT",ENG MATERLS OF FUTRE,Undergraduate,50,16,32.0%,6.50,4.75,4.56,4.56,4.63,4.69,4.25,4.69,4.19,4.44
2025,Fall,Carnegie Institute of Technology,MSE,27105,A,"HOUSER, Paige",INTRO TO MATLS RESE,Undergraduate,4,1,25.0%,2.00,5.00,5.00,5.00,5.00,5.00,5.00,5.00,5.00,5.00
2025,Fall,Carnegie Institute of Technology,MSE,27201,1,"SOKALSKI, VINCENT",STRUCTURE MATERIALS,Undergraduate,25,14,56.0%,9.29,4.93,4.64,4.64,4.86,4.79,4.57,4.93,4.64,4.57
2025,Fall,Carnegie Institute of Technology,MSE,27210,A,"HEARD, ROBERT",MATLS ENG ESSENTIALS,Undergraduate,20,12,60.0%,3.75,4.33,3.92,3.92,3.92,4.42,3.75,4.33,4.08,3.83
2025,Fall,Carnegie Institute of Technology,MSE,27211,A,"SOKALSKI, VINCENT",STRUCTURE MATERIALS,Undergraduate,4,3,75.0%,9.00,5.00,4.67,5.00,5.00,4.67,5.00,5.00,5.00,4.67
2025,Fall,Carnegie Institute of Technology,MSE,27215,A,"PISTORIUS, P. CHRIS",THERMODYNMC OF MTRLS,Undergraduate,20,11,55.0%,6.91,4.64,4.55,4.45,4.36,4.55,4.64,4.82,4.45,4.45
2025,Fall,Carnegie Institute of Technology,MSE,27301,A,"KRAUSE, AMANDA",MICROSTRUC & PROP,Undergraduate,24,17,70.8%,8.88,4.53,4.41,4.53,4.12,4.71,4.18,4.76,4.24,4.18
2025,Fall,Carnegie Institute of Technology,MSE,27306,A,"ISLAM, MOHAMMAD",PROC OF MATLS,Undergraduate,6,3,50.0%,8.00,4.33,3.33,3.67,3.33,4.00,4.33,4.33,3.67,4.00
2025,Fall,Carnegie Institute of Technology,MSE,27401,A,"SOKALSKI, VINCENT",MSE CAPSTONE CRS I,Undergraduate,27,13,48.1%,7.54,4.38,4.00,4.15,4.23,4.15,4.00,4.77,4.54,3.92
2025,Fall,Carnegie Institute of Technology,MSE,27401,A,"HEARD, ROBERT",MSE CAPSTONE CRS I,Undergraduate,27,13,48.1%,7.31,3.54,3.08,3.31,2.85,3.38,3.31,3.85,3.08,3.38
2025,Fall,Carnegie Institute of Technology,MSE,27406,A,"HEARD, ROBERT",SUSTAINABLE MATLS,Undergraduate,55,21,38.2%,5.86,4.00,3.67,3.90,3.24,4.14,4.00,4.33,3.81,3.81
2025,Fall,Carnegie Institute of Technology,MSE,27500,A,"WEBLER, BRYAN",METAL-ENVIRONMENT RE,Undergraduate,2,1,50.0%,,5.00,5.00,5.00,4.00,5.00,5.00,5.00,5.00,5.00
2025,Fall,Carnegie Institute of Technology,MSE,27503,A,"ROLLETT, ANTHONY",ADDITIVE MAN & MATLS,Undergraduate,7,3,42.9%,12.00,4.67,4.33,4.33,4.67,4.67,4.33,4.67,4.33,4.33
2025,Fall,Carnegie Institute of Technology,MSE,27533,A,"SKOWRONSKI, MAREK",PROC SEM TH FILM,Undergraduate,11,6,54.5%,8.50,4.17,4.17,4.33,3.83,4.00,4.00,4.17,4.00,4.00
2025,Fall,Carnegie Institute of Technology,MSE,27545,A,"CHAMORRO, JUAN",MAGNETISM IN MATERIA,Undergraduate,2,1,50.0%,8.00,4.00,4.00,4.00,4.00,4.00,4.00,4.00,4.00,4.00
2025,Fall,Carnegie Institute of Technology,MSE,27577,A,"BOCKSTALLER, MICHAEL",ADVANCED POLYMER SCI,Undergraduate,3,2,66.7%,6.50,4.00,4.00,4.00,4.00,4.50,4.50,5.00,4.00,4.00
2025,Fall,Carnegie Institute of Technology,MSE,27591,A,"TAHERI-MOUSAVI, S. MOHADESEH",MECHANICS MTRLS,Undergraduate,6,4,66.7%,8.00,3.25,2.75,3.50,3.00,4.00,3.00,4.75,3.25,3.00
2025,Fall,Carnegie Institute of Technology,MSE,27672,A,"HEARD, ROBERT",RSRCH SKILLS AND PD,Graduate,21,15,71.4%,2.00,4.27,4.60,4.20,4.20,4.13,4.40,4.67,4.47,4.13
2025,Fall,Carnegie Institute of Technology,MSE,27676,A,"DICKEY, ELIZABETH",FDTNS MATLS SCI,Graduate,19,16,84.2%,10.75,4.40,3.87,3.94,4.13,4.06,3.88,4.50,4.06,3.88
2025,Fall,Carnegie Institute of Technology,MSE,27676,B,"DICKEY, ELIZABETH",FDTNS MATLS SCI,Graduate,11,10,90.9%,12.90,4.70,4.60,4.70,4.50,4.70,4.80,4.90,4.70,4.80
2025,Fall,Carnegie Institute of Technology,MSE,27676,B,"DABO, ISMAILA",FDTNS MATLS SCI,Graduate,11,10,90.9%,12.50,5.00,5.00,5.00,5.00,5.00,5.00,5.00,5.00,4.80
2025,Fall,Carnegie Institute of Technology,MSE,27676,A,"DABO, ISMAILA",FDTNS MATLS SCI,Graduate,19,16,84.2%,10.13,4.69,4.31,4.25,4.25,4.25,4.38,4.69,4.38,4.00
2025,Fall,Carnegie Institute of Technology,MSE,27702,A,"WEBLER, BRYAN",METAL-ENVIRONMENT RE,Graduate,8,5,62.5%,8.00,5.00,5.00,5.00,5.00,5.00,5.00,5.00,5.00,5.00
2025,Fall,Carnegie Institute of Technology,MSE,27703,A,"ROLLETT, ANTHONY",ADDITIVE MANUFACTURI,Graduate,9,4,44.4%,12.50,4.75,4.00,4.25,4.00,4.75,4.50,4.50,4.50,4.00
2025,Fall,Carnegie Institute of Technology,MSE,27706,A1,"INSPEKTOR, AHARON",HARD & SUPERHARD MAT,Graduate,11,5,45.5%,6.20,4.80,4.60,4.60,4.40,4.60,4.40,4.60,4.60,4.40
2025,Fall,Carnegie Institute of Technology,MSE,27708,A,"ADJOGBLE, FRANCK",PRINC DIGITAL TWINS,Graduate,9,7,77.8%,7.57,4.57,4.43,4.14,4.43,4.43,4.43,4.86,4.43,4.29
2025,Fall,Carnegie Institute of Technology,MSE,27720,A,"PALCHESKO, RACHELLE",TISSUE ENGINEERING,Graduate,2,2,100.0%,8.00,5.00,5.00,5.00,5.00,5.00,5.00,5.00,5.00,5.00
2025,Fall,Carnegie Institute of Technology,MSE,27733,A,"SKOWRONSKI, MAREK",PROC SEM TH FILM,Graduate,17,8,47.1%,9.50,4.50,3.50,3.63,3.38,4.00,3.50,3.88,3.50,3.50
2025,Fall,Carnegie Institute of Technology,MSE,27735,A,"MAROM, NOA",ELEC ATOM SIM TLS,Graduate,7,4,57.1%,10.25,4.25,4.50,4.00,4.25,4.75,4.50,4.75,4.25,4.50
2025,Fall,Carnegie Institute of Technology,MSE,27745,A,"CHAMORRO, JUAN",MAGNETISM IN MATERIA,Graduate,15,12,80.0%,11.33,4.25,3.75,4.00,3.50,3.83,4.00,4.33,3.92,4.00
2025,Fall,Carnegie Institute of Technology,MSE,27766,A,"ROHRER, GREGORY",DFCT DIFFSN IN MATLS,Graduate,34,21,61.8%,11.24,4.33,4.57,4.43,4.33,4.57,4.62,4.81,4.38,4.24
2025,Fall,Carnegie Institute of Technology,MSE,27772,A,"PISTORIUS, P. CHRIS",RSRCH SKILLS AND PD,Graduate,28,15,53.6%,2.20,4.53,4.80,4.53,4.53,4.67,4.67,4.87,4.67,4.53
2025,Fall,Carnegie Institute of Technology,MSE,27777,A,"BOCKSTALLER, MICHAEL",ADVANCED POLYMER SCI,Graduate,12,9,75.0%,7.33,4.89,4.89,4.89,4.67,4.89,4.89,5.00,4.89,4.89
2025,Fall,Carnegie Institute of Technology,MSE,27796,A,"DEGRAEF, MARC",STRUC CHR OF MATERLS,Graduate,35,20,57.1%,12.90,4.35,4.45,4.75,4.35,4.70,4.75,4.90,4.55,4.65
2025,Fall,Carnegie Institute of Technology,MSE,27798,A,"OCONNOR, THOMAS",THERMODYNAMICS MATLS,Graduate,36,20,55.6%,10.60,4.60,4.60,4.65,4.25,4.65,4.45,4.60,4.45,4.40
2025,Fall,College of Fine Arts,MUS,57010,A,"IRWIN, ROSEANNA",VCE STDO PERFORM CLS,Undergraduate,46,11,23.9%,3.09,4.64,4.64,4.82,4.82,4.82,4.82,4.91,4.64,4.82
2025,Fall,College of Fine Arts,MUS,57015,A,"VAN DER SLOOT, WILLIAM",VIOLIN STDO PERF CLS,Undergraduate,13,2,15.4%,2.00,4.50,4.00,4.00,4.00,4.00,4.00,4.00,4.00,4.00
2025,Fall,College of Fine Arts,MUS,57015,B,"SMART, CALLUM",VIOLIN STDO PERF CLS,Undergraduate,6,2,33.3%,9.50,5.00,5.00,5.00,5.00,5.00,5.00,5.00,5.00,5.00
2025,Fall,College of Fine Arts,MUS,57016,A,"HARDING, DAVID",VIOLA STDO PERF CLS,Undergraduate,6,1,16.7%,2.00,5.00,5.00,5.00,5.00,5.00,5.00,5.00,5.00,5.00
2025,Fall,College of Fine Arts,MUS,57018,A,"HOWARD, MICAH",DBL BS PERF CLS,Undergraduate,10,0,0.0%,,,,,,,,,,
2025,Fall,College of Fine Arts,MUS,57020,A,"ALMARZA, ALBERTO",FLUTE PERF CLS,Undergraduate,12,2,16.7%,13.00,5.00,5.00,5.00,5.00,5.00,5.00,5.00,5.00,5.00
2025,Fall,College of Fine Arts,MUS,57021,A,"DEALMEIDA, CYNTHIA",OBOE PERF CLASS,Undergraduate,2,0,0.0%,,,,,,,,,,
2025,Fall,College of Fine Arts,MUS,57022,A,"LUPERI, VICTORIA",CLAR PERF STD CLS,Undergraduate,7,3,42.9%,9.33,5.00,5.00,5.00,5.00,5.00,5.00,5.00,5.00,5.00
2025,Fall,College of Fine Arts,MUS,57022,A,"HOWELL, JACK",CLAR PERF STD CLS,Undergraduate,7,3,42.9%,3.50,5.00,5.00,5.00,5.00,5.00,5.00,5.00,5.00,5.00
2025,Fall,College of Fine Arts,MUS,57030,A,"EVANS, PAUL",PERC PERF CLS,Undergraduate,12,3,25.0%,7.00,5.00,5.00,5.00,5.00,5.00,5.00,4.67,5.00,5.00
2025,Fall,College of Fine Arts,MUS,57030,A,"BRANSON, JEREMY",PERC PERF CLS,Undergraduate,12,3,25.0%,7.00,5.00,4.33,5.00,5.00,5.00,5.00,5.00,5.00,5.00
2025,Fall,College of Fine Arts,MUS,57030,A,"ALLEN, CHRISTOPHER",PERC PERF CLS,Undergraduate,12,3,25.0%,7.00,5.00,5.00,5.00,5.00,5.00,5.00,5.00,5.00,5.00
2025,Fall,College of Fine Arts,MUS,57031,A,"GALBRAITH, NANCY",COMP FORUM,Undergraduate,29,5,17.2%,2.00,5.00,4.80,4.80,4.60,5.00,5.00,5.00,5.00,5.00
2025,Fall,College of Fine Arts,MUS,57101,A2,"RIORDAN, BRIAN",INTRO MUSC TECHNLGY,Undergraduate,5,2,40.0%,3.50,4.50,4.00,4.50,5.00,5.00,5.00,4.50,4.50,4.50
2025,Fall,College of Fine Arts,MUS,57101,B2,"RIORDAN, BRIAN",INTRO MUSC TECHNLGY,Undergraduate,9,3,33.3%,5.00,5.00,4.33,5.00,4.33,4.00,5.00,4.67,4.67,4.33
2025,Fall,College of Fine Arts,MUS,57101,A1,"RIORDAN, BRIAN",INTRO MUSC TECHNLGY,Undergraduate,9,4,44.4%,5.75,4.75,4.50,4.75,4.25,4.50,5.00,5.00,4.50,4.50
2025,Fall,College of Fine Arts,MUS,57101,B1,"RIORDAN, BRIAN",INTRO MUSC TECHNLGY,Undergraduate,9,4,44.4%,5.00,5.00,5.00,5.00,5.00,5.00,5.00,5.00,5.00,4.75
2025,Fall,College of Fine Arts,MUS,57101,C1,"RIORDAN, BRIAN",INTRO MUSC TECHNLGY,Undergraduate,10,4,40.0%,5.75,3.25,3.50,3.25,3.50,3.25,3.25,2.50,2.75,2.25
2025,Fall,College of Fine Arts,MUS,57103,A,"LAROCCA, CARLA",EL STD (BEG PNO),Undergraduate,6,2,33.3%,2.00,5.00,5.00,5.00,5.00,5.00,5.00,5.00,5.00,5.00
2025,Fall,College of Fine Arts,MUS,57105,A,"CAPIZZI, CHRISTOPHER",EL STD(JAZZ PNO I),Undergraduate,4,1,25.0%,5.00,4.00,3.00,4.00,4.00,3.00,4.00,5.00,4.00,4.00
2025,Fall,College of Fine Arts,MUS,57111,A,"KOPE, PETER",MOVEMENT AND DANCE I,Undergraduate,12,2,16.7%,5.00,4.50,5.00,5.00,5.00,5.00,5.00,5.00,5.00,5.00
2025,Fall,College of Fine Arts,MUS,57118,A,"STORY, STEPHEN",INSTRUMENTAL ENSEMBL,Undergraduate,3,1,33.3%,5.00,5.00,5.00,5.00,5.00,5.00,5.00,5.00,5.00,5.00
2025,Fall,College of Fine Arts,MUS,57118,A,"VOSBURGH, GEORGE",INSTRUMENTAL ENSEMBL,Undergraduate,3,1,33.3%,5.00,5.00,5.00,5.00,5.00,5.00,5.00,5.00,5.00,5.00
2025,Fall,College of Fine Arts,MUS,57118,A,"CURTIS, DANIEL",INSTRUMENTAL ENSEMBL,Undergraduate,3,1,33.3%,5.00,5.00,5.00,5.00,5.00,5.00,5.00,5.00,5.00,5.00
2025,Fall,College of Fine Arts,MUS,57120,D,"TEADT, DANIEL",ELCTV STUDIO (VOICE),Undergraduate,2,0,0.0%,,,,,,,,,,
2025,Fall,College of Fine Arts,MUS,57120,A,"ABREU, MARIA",ELCTV STUDIO (VOICE),Undergraduate,9,4,44.4%,3.50,3.75,3.25,3.75,4.00,4.50,4.25,4.75,3.75,3.75
2025,Fall,College of Fine Arts,MUS,57120,C,"CHRISTULIDES, THESPINA",ELCTV STUDIO (VOICE),Undergraduate,6,3,50.0%,3.00,5.00,5.00,5.00,5.00,5.00,5.00,5.00,5.00,5.00
2025,Fall,College of Fine Arts,MUS,57120,I,"DEFIGLIO, KATIE",ELCTV STUDIO (VOICE),Undergraduate,17,4,23.5%,3.50,5.00,3.75,4.00,5.00,5.00,5.00,5.00,5.00,5.00
2025,Fall,College of Fine Arts,MUS,57120,H,"HUBER, Leah",ELCTV STUDIO (VOICE),Undergraduate,8,4,50.0%,3.50,5.00,5.00,5.00,5.00,5.00,4.75,5.00,4.75,5.00
2025,Fall,College of Fine Arts,MUS,57120,E,"REYES-MIR, GIOVANNA",ELCTV STUDIO (VOICE),Undergraduate,18,6,33.3%,2.00,5.00,5.00,5.00,5.00,5.00,5.00,5.00,5.00,5.00
2025,Fall,College of Fine Arts,MUS,57121,K,"CHIU, FREDERIC",EL STUDIO (PIANO),Undergraduate,2,0,0.0%,,,,,,,,,,
2025,Fall,College of Fine Arts,MUS,57121,G,"CURTIN, HYUN JU",EL STUDIO (PIANO),Undergraduate,9,5,55.6%,6.80,5.00,4.80,4.60,5.00,5.00,4.80,4.80,4.80,5.00
2025,Fall,College of Fine Arts,MUS,57121,E,"CARVER, MARK",EL STUDIO (PIANO),Undergraduate,2,1,50.0%,11.00,5.00,5.00,5.00,5.00,5.00,5.00,5.00,5.00,5.00
2025,Fall,College of Fine Arts,MUS,57121,B,"GELMAN, TATYANA",EL STUDIO (PIANO),Undergraduate,5,0,0.0%,,,,,,,,,,
2025,Fall,College of Fine Arts,MUS,57121,F,"LAROCCA, CARLA",EL STUDIO (PIANO),Undergraduate,11,7,63.6%,4.14,4.86,5.00,5.00,5.00,5.00,5.00,5.00,5.00,5.00
2025,Fall,College of Fine Arts,MUS,57121,C,"OJEDA, RODRIGO",EL STUDIO (PIANO),Undergraduate,5,3,60.0%,8.00,5.00,5.00,5.00,5.00,5.00,5.00,5.00,5.00,5.00
2025,Fall,College of Fine Arts,MUS,57121,H,"CAPIZZI, CHRISTOPHER",EL STUDIO (PIANO),Undergraduate,2,0,0.0%,,,,,,,,,,
2025,Fall,College of Fine Arts,MUS,57121,I,"MORALES, AMAURY",EL STUDIO (PIANO),Undergraduate,10,7,70.0%,5.86,5.00,5.00,5.00,5.00,5.00,5.00,5.00,5.00,5.00
2025,Fall,College of Fine Arts,MUS,57121,D,"KIM, SUNG-IM",EL STUDIO (PIANO),Undergraduate,4,0,0.0%,,,,,,,,,,
2025,Fall,College of Fine Arts,MUS,57125,A,"GLASGOW SCHOTTING, MARYBETH",ELECTV STUD (VIOLIN),Undergraduate,10,7,70.0%,5.00,4.43,4.43,4.43,4.43,4.43,4.43,4.43,4.43,4.43
2025,Fall,College of Fine Arts,MUS,57126,A,"TAIMANOV, OLGA",ELECTV STUDO (VIOLA),Undergraduate,2,0,0.0%,,,,,,,,,,
2025,Fall,College of Fine Arts,MUS,57127,A,"TUTTLE, PAULA",ELEC STUDIO (CELL0),Undergraduate,5,2,40.0%,2.00,4.00,4.00,4.00,4.00,4.00,4.00,4.00,4.00,4.00
2025,Fall,College of Fine Arts,MUS,57129,A,"MARCINIZYN, JOHN",ELECTV STDO (GUITAR),Undergraduate,7,3,42.9%,4.00,5.00,5.00,5.00,5.00,5.00,5.00,5.00,5.00,5.00
2025,Fall,College of Fine Arts,MUS,57131,A,"YOUNG, WALTER",ELECT STUDO (OBOE),Undergraduate,2,1,50.0%,11.00,5.00,5.00,5.00,5.00,5.00,5.00,5.00,5.00,5.00
2025,Fall,College of Fine Arts,MUS,57132,A,"KEELING, KENNETH",ELEC STDO (CLARINET),Undergraduate,4,3,75.0%,2.00,5.00,4.33,5.00,5.00,5.00,5.00,5.00,5.00,5.00
2025,Fall,College of Fine Arts,MUS,57134,B,"KUSH, JASON",ELEC STDO (SAX),Undergraduate,2,1,50.0%,2.00,5.00,5.00,5.00,5.00,5.00,5.00,5.00,5.00,5.00
2025,Fall,College of Fine Arts,MUS,57140,A,"EVANS, PAUL",ELEC STDO (PERCUSSN),Undergraduate,3,1,33.3%,2.00,5.00,5.00,5.00,5.00,5.00,5.00,5.00,5.00,5.00
2025,Fall,College of Fine Arts,MUS,57149,A,"DOMENCIC, MARK",BASIC HARMONY I,Undergraduate,10,3,30.0%,8.00,4.33,4.67,4.67,4.33,3.33,4.33,4.00,4.33,4.33
2025,Fall,College of Fine Arts,MUS,57149,B,"DOMENCIC, MARK",BASIC HARMONY I,Undergraduate,12,4,33.3%,8.00,4.75,4.75,4.75,4.75,4.75,4.75,4.75,4.75,4.75
2025,Fall,College of Fine Arts,MUS,57151,1,"MARTHALER, ALEXANDER",CNTPNT THY & APPLCN,Undergraduate,25,8,32.0%,5.38,4.63,5.00,4.75,4.75,4.38,4.88,4.88,4.63,4.63
2025,Fall,College of Fine Arts,MUS,57152,B,"ITO, JOHN",HARMONY I,Undergraduate,18,8,44.4%,8.75,4.25,4.38,4.25,4.13,4.38,4.63,4.75,4.50,4.25
2025,Fall,College of Fine Arts,MUS,57152,C,"WHIPPLE, R. JAMES",HARMONY I,Undergraduate,23,8,34.8%,6.50,4.63,4.88,4.88,4.38,5.00,4.88,4.75,4.75,4.50
2025,Fall,College of Fine Arts,MUS,57152,A,"RANDALL, RICHARD",HARMONY I,Undergraduate,9,2,22.2%,8.00,4.50,4.50,4.50,3.50,4.50,5.00,5.00,4.50,4.00
2025,Fall,College of Fine Arts,MUS,57161,A,"NEELY, Stephen",EURHYTHMICS I,Undergraduate,13,4,30.8%,5.75,5.00,4.50,5.00,4.50,4.75,5.00,4.50,4.75,4.75
2025,Fall,College of Fine Arts,MUS,57161,B,"NEELY, Stephen",EURHYTHMICS I,Undergraduate,12,3,25.0%,4.00,3.67,4.00,4.33,3.67,3.67,4.00,3.67,4.33,3.33
2025,Fall,College of Fine Arts,MUS,57161,C,"NEELY, Stephen",EURHYTHMICS I,Undergraduate,20,10,50.0%,5.00,4.89,4.89,5.00,4.78,4.78,5.00,4.89,5.00,4.89
2025,Fall,College of Fine Arts,MUS,57161,D,"NEELY, Stephen",EURHYTHMICS I,Undergraduate,21,10,47.6%,4.70,4.90,4.90,4.90,4.90,5.00,4.90,5.00,4.90,4.80
2025,Fall,College of Fine Arts,MUS,57163,A,"NEELY, Stephen",EURHYTHMICS III,Undergraduate,9,5,55.6%,2.00,5.00,5.00,4.80,4.40,5.00,5.00,5.00,5.00,5.00
2025,Fall,College of Fine Arts,MUS,57163,B,"NEELY, Stephen",EURHYTHMICS III,Undergraduate,17,6,35.3%,3.50,5.00,4.83,4.83,5.00,4.83,5.00,5.00,5.00,5.00
2025,Fall,College of Fine Arts,MUS,57173,A,"JOHNSTON, PAUL",SURVEY WEST MUS HIST,Undergraduate,61,20,32.8%,3.65,4.50,4.45,4.40,4.35,4.40,4.45,4.65,4.30,4.35
2025,Fall,College of Fine Arts,MUS,57180,A,"MOSKAL, ANNE",BASIC SOLFEGE I,Undergraduate,18,7,38.9%,3.29,5.00,4.57,4.86,4.86,4.57,4.86,5.00,5.00,4.86
2025,Fall,College of Fine Arts,MUS,57181,A,"MOSKAL, ANNE",SOLFEGE I,Undergraduate,13,5,38.5%,3.80,5.00,5.00,4.80,4.40,4.40,4.40,4.80,4.40,4.60
2025,Fall,College of Fine Arts,MUS,57181,B,"MOSKAL, ANNE",SOLFEGE I,Undergraduate,13,4,30.8%,3.50,4.00,4.50,4.50,4.25,4.25,4.50,4.75,4.50,4.50
2025,Fall,College of Fine Arts,MUS,57183,A,"YOUNG, WALTER",SOLFEGE III,Undergraduate,8,6,75.0%,4.50,4.83,4.67,4.83,4.50,4.50,5.00,4.83,4.83,4.67
2025,Fall,College of Fine Arts,MUS,57183,B,"YOUNG, WALTER",SOLFEGE III,Undergraduate,8,3,37.5%,5.00,5.00,5.00,5.00,4.67,4.33,5.00,5.00,5.00,4.33
2025,Fall,College of Fine Arts,MUS,57185,A,"MOSKAL, ANNE",ADVANCED SOLFEGE I,Undergraduate,24,7,29.2%,4.14,4.43,4.29,4.57,4.14,4.29,4.57,4.57,4.71,4.57
2025,Fall,College of Fine Arts,MUS,57188,A,"JOHNSTON, PAUL",REPERTOIRE & LISTEN,Undergraduate,53,15,28.3%,2.21,4.21,4.29,4.21,4.07,4.07,4.14,4.21,4.07,4.07
2025,Fall,College of Fine Arts,MUS,57189,1,"JOHNSTON, PAUL",INTRO REPTR LSTN MSC,Undergraduate,29,6,20.7%,2.50,4.33,4.00,4.00,3.00,3.67,3.67,4.50,3.83,3.00
2025,Fall,College of Fine Arts,MUS,57191,A,"LAROCCA, CARLA",KEY STUD I,Undergraduate,6,0,0.0%,,,,,,,,,,
2025,Fall,College of Fine Arts,MUS,57191,B,"LAROCCA, CARLA",KEY STUD I,Undergraduate,7,0,0.0%,,,,,,,,,,
2025,Fall,College of Fine Arts,MUS,57191,C,"LAROCCA, CARLA",KEY STUD I,Undergraduate,6,2,33.3%,5.00,4.50,5.00,5.00,5.00,5.00,5.00,5.00,5.00,5.00
2025,Fall,College of Fine Arts,MUS,57191,D,"LAROCCA, CARLA",KEY STUD I,Undergraduate,6,3,50.0%,5.00,4.67,4.33,4.00,5.00,4.33,4.67,5.00,4.67,5.00
2025,Fall,College of Fine Arts,MUS,57191,F,"LAROCCA, CARLA",KEY STUD I,Undergraduate,5,0,0.0%,,,,,,,,,,
2025,Fall,College of Fine Arts,MUS,57193,A,"LAROCCA, CARLA",KEY STUD III,Undergraduate,5,2,40.0%,2.00,5.00,5.00,5.00,5.00,4.50,5.00,5.00,5.00,5.00
2025,Fall,College of Fine Arts,MUS,57193,B,"LAROCCA, CARLA",KEY STUD III,Undergraduate,7,2,28.6%,2.00,5.00,5.00,5.00,5.00,5.00,5.00,5.00,5.00,5.00
2025,Fall,College of Fine Arts,MUS,57193,C,"LAROCCA, CARLA",KEY STUD III,Undergraduate,4,0,0.0%,,,,,,,,,,
2025,Fall,College of Fine Arts,MUS,57207,A,"MARCINIZYN, JOHN",SEC MUS STUD,Undergraduate,5,2,40.0%,2.00,5.00,5.00,5.00,5.00,5.00,5.00,5.00,5.00,5.00
2025,Fall,College of Fine Arts,MUS,57209,A1,"SCHULTZ, STEPHEN",THE BEATLES,Undergraduate,31,8,25.8%,4.25,5.00,5.00,4.88,4.88,4.88,5.00,5.00,5.00,4.88
2025,Fall,College of Fine Arts,MUS,57211,A,"DE LA REZA, MICHELE",MOVEMENT & DANCE III,Undergraduate,4,1,25.0%,2.00,5.00,5.00,5.00,5.00,5.00,5.00,5.00,5.00,5.00
2025,Fall,College of Fine Arts,MUS,57213,A,"DE LA REZA, MICHELE",LETS DANCE,Undergraduate,15,9,60.0%,2.00,4.89,4.44,4.00,4.67,4.33,4.44,4.67,4.44,4.22
2025,Fall,College of Fine Arts,MUS,57222,A,"DUECK, JOCELYN",FRENCH DICTION,Undergraduate,9,3,33.3%,3.00,3.67,3.00,3.33,3.00,3.33,3.00,3.67,3.00,3.00
2025,Fall,College of Fine Arts,MUS,57223,A,"GRUBER, ALEXANDRA",GERMAN DICTION,Undergraduate,3,1,33.3%,2.00,5.00,5.00,5.00,5.00,5.00,5.00,5.00,5.00,5.00
2025,Fall,College of Fine Arts,MUS,57226,A,"SNYDER, MARK",JAZZ IMPROV & PERF,Undergraduate,9,8,88.9%,2.00,4.75,4.50,4.38,4.50,4.75,4.50,4.88,4.38,4.25
2025,Fall,College of Fine Arts,MUS,57227,A,"SNYDER, MARK",JAZZ INSTRUMENTL ENS,Undergraduate,17,10,58.8%,2.90,4.70,4.80,4.70,4.70,4.80,4.70,5.00,4.70,4.80
2025,Fall,College of Fine Arts,MUS,57230,A1,"SCHULTZ, STEPHEN",BAROQUE ENSEMBLE,Undergraduate,6,0,0.0%,,,,,,,,,,
2025,Fall,College of Fine Arts,MUS,57232,A,"MARCINIZYN, JOHN",CHAMBER MUS: GUITAR,Undergraduate,3,1,33.3%,14.00,5.00,5.00,5.00,5.00,5.00,5.00,5.00,5.00,5.00
2025,Fall,College of Fine Arts,MUS,57234,A,"GALBRAITH, NANCY",PERF FOR COMPOSERS,Undergraduate,3,1,33.3%,5.00,5.00,4.00,4.00,5.00,4.00,4.00,5.00,5.00,4.00
2025,Fall,College of Fine Arts,MUS,57240,A,"TRUMBULL, KELLY",ACTING I SING,Undergraduate,11,2,18.2%,3.50,5.00,5.00,5.00,5.00,5.00,5.00,5.00,5.00,5.00
2025,Fall,College of Fine Arts,MUS,57257,A,"MARTHALER, ALEXANDER",ORCHESTRATION I,Undergraduate,5,3,60.0%,6.00,5.00,5.00,5.00,4.33,4.67,5.00,5.00,5.00,5.00
2025,Fall,College of Fine Arts,MUS,57257,B,"MARTHALER, ALEXANDER",ORCHESTRATION I,Undergraduate,6,2,33.3%,6.50,5.00,5.00,5.00,4.00,4.50,4.50,5.00,5.00,4.00
2025,Fall,College of Fine Arts,MUS,57257,C,"MARTHALER, ALEXANDER",ORCHESTRATION I,Undergraduate,9,3,33.3%,6.00,5.00,4.67,4.33,4.33,4.67,4.67,5.00,4.67,4.00
2025,Fall,College of Fine Arts,MUS,57275,A,"MANRIQUEZ, LUZ",PIANO PEDAGOGY III,Undergraduate,3,2,66.7%,13.00,5.00,5.00,5.00,5.00,5.00,5.00,5.00,5.00,5.00
2025,Fall,College of Fine Arts,MUS,57284,A,"JOHNSTON, PAUL",MUSIC HISTORY II,Undergraduate,22,7,31.8%,3.29,3.57,3.00,2.71,3.00,3.29,2.86,3.14,3.14,3.14
2025,Fall,College of Fine Arts,MUS,57289,1,"JOHNSTON, PAUL",REP LISTEN MUSCNS II,Undergraduate,26,8,30.8%,2.75,4.25,4.38,4.50,3.88,4.38,4.63,4.88,4.25,3.88
2025,Fall,College of Fine Arts,MUS,57329,A,"LAROCCA, CARLA",BEG PIANO FOR MINORS,Undergraduate,2,1,50.0%,5.00,5.00,5.00,5.00,5.00,5.00,5.00,5.00,5.00,5.00
2025,Fall,College of Fine Arts,MUS,57331,A,"OLISAR, JEREMY",PRNCPLS OF EDUCATION,Undergraduate,4,0,0.0%,,,,,,,,,,
2025,Fall,College of Fine Arts,MUS,57332,A,"STORY, STEPHEN",INTRO TO CONDUCTING,Undergraduate,9,3,33.3%,3.00,5.00,5.00,5.00,5.00,5.00,5.00,5.00,5.00,5.00
2025,Fall,College of Fine Arts,MUS,57332,B,"STORY, STEPHEN",INTRO TO CONDUCTING,Undergraduate,7,3,42.9%,4.00,5.00,4.67,5.00,5.00,5.00,5.00,5.00,5.00,4.67
2025,Fall,College of Fine Arts,MUS,57332,C,"STORY, STEPHEN",INTRO TO CONDUCTING,Undergraduate,8,2,25.0%,3.50,4.50,5.00,4.50,5.00,4.50,4.50,5.00,5.00,4.50
2025,Fall,College of Fine Arts,MUS,57334,A,"GERLACH, PAUL",FUND MARCHING BAND,Undergraduate,4,3,75.0%,2.00,5.00,4.67,5.00,5.00,5.00,5.00,5.00,5.00,5.00
2025,Fall,College of Fine Arts,MUS,57337,B2,"SCHULZ, RICCARDO",SOUND RECORDING,Undergraduate,4,2,50.0%,3.50,5.00,4.50,4.50,4.50,5.00,4.50,5.00,4.50,4.50
2025,Fall,College of Fine Arts,MUS,57337,A1,"SCHULZ, RICCARDO",SOUND RECORDING,Undergraduate,5,3,60.0%,3.00,4.67,4.67,4.67,4.67,5.00,5.00,4.67,4.33,4.67
2025,Fall,College of Fine Arts,MUS,57337,B1,"SCHULZ, RICCARDO",SOUND RECORDING,Undergraduate,7,2,28.6%,5.00,5.00,4.50,4.50,4.50,5.00,4.50,5.00,5.00,5.00
2025,Fall,College of Fine Arts,MUS,57337,C1,"SCHULZ, RICCARDO",SOUND RECORDING,Undergraduate,9,8,88.9%,5.75,5.00,4.88,4.63,4.75,4.88,4.88,5.00,4.88,4.88
2025,Fall,College of Fine Arts,MUS,57338,A2,"SCHULZ, RICCARDO",SOUND EDITING & MSTR,Undergraduate,8,1,12.5%,5.00,5.00,5.00,5.00,5.00,5.00,5.00,5.00,5.00,5.00
2025,Fall,College of Fine Arts,MUS,57338,B2,"SCHULZ, RICCARDO",SOUND EDITING & MSTR,Undergraduate,8,3,37.5%,5.00,4.00,3.67,3.67,3.00,4.00,3.67,5.00,3.67,3.67
2025,Fall,College of Fine Arts,MUS,57339,A,"TRUMBULL, KELLY",ACTING III SING,Undergraduate,3,1,33.3%,5.00,5.00,5.00,5.00,5.00,5.00,5.00,5.00,5.00,5.00
2025,Fall,College of Fine Arts,MUS,57347,B,"RIORDAN, BRIAN",ELCTRNC CMPTR MUSIC,Undergraduate,10,5,50.0%,6.80,5.00,4.40,5.00,5.00,5.00,5.00,5.00,5.00,5.00
2025,Fall,College of Fine Arts,MUS,57356,A,"WALL, JANE",ELEM GUIDED TEACHING,Undergraduate,4,2,50.0%,2.00,4.00,4.00,4.00,3.50,3.50,3.00,3.50,3.00,3.50
2025,Fall,College of Fine Arts,MUS,57358,A,"ABTAN, FREIDA",INTRO ELECTRONIC MUS,Undergraduate,5,5,100.0%,10.40,4.80,4.80,4.40,5.00,4.80,4.40,5.00,4.80,4.40
2025,Fall,College of Fine Arts,MUS,57360,A,"GERLACH, PAUL",BRASS METHODS,Undergraduate,8,5,62.5%,4.40,4.80,5.00,5.00,4.60,4.80,4.80,4.20,4.40,4.80
2025,Fall,College of Fine Arts,MUS,57361,A,"EVANS, PAUL",PERCUSSION METHODS,Undergraduate,3,1,33.3%,2.00,5.00,5.00,5.00,5.00,5.00,5.00,5.00,5.00,5.00
2025,Fall,College of Fine Arts,MUS,57364,A,"CURTIS, DANIEL",CONDUCTING PRACTICUM,Undergraduate,5,1,20.0%,8.00,5.00,5.00,5.00,5.00,5.00,5.00,5.00,5.00,5.00
2025,Fall,College of Fine Arts,MUS,57367,A,"PRENDERGAST, RYAN",OPERA HIS & LIT,Undergraduate,3,2,66.7%,8.00,5.00,4.50,4.50,4.50,5.00,5.00,5.00,5.00,5.00
2025,Fall,College of Fine Arts,MUS,57375,A,"WALL, JANE",MUSIC ELEM SCHOOL,Undergraduate,4,2,50.0%,2.00,3.50,3.50,4.00,3.00,3.50,3.50,3.50,3.00,3.00
2025,Fall,College of Fine Arts,MUS,57383,A,"CARVER, MARK",COLLAB PIANO III,Undergraduate,2,0,0.0%,,,,,,,,,,
2025,Fall,College of Fine Arts,MUS,57387,A,"BRANSON, JEREMY",PROF ESSTL PERC I,Undergraduate,6,3,50.0%,3.00,4.67,3.67,5.00,5.00,5.00,5.00,5.00,4.00,4.67
2025,Fall,College of Fine Arts,MUS,57391,A,"LAROCCA, CARLA",KEY STUD MUSED I,Undergraduate,5,3,60.0%,3.00,5.00,5.00,5.00,5.00,5.00,5.00,5.00,5.00,5.00
2025,Fall,College of Fine Arts,MUS,57402,A,"SAPA, EMILY",ALXDR TCHNQ MUSCNS,Undergraduate,3,3,100.0%,2.00,5.00,5.00,5.00,5.00,5.00,5.00,5.00,5.00,4.67
2025,Fall,College of Fine Arts,MUS,57402,B,"SAPA, EMILY",ALXDR TCHNQ MUSCNS,Undergraduate,8,6,75.0%,2.00,5.00,4.83,4.67,5.00,5.00,4.67,5.00,4.67,4.33
2025,Fall,College of Fine Arts,MUS,57403,A,"MOSKAL, ANNE",YOGA FOR MUSICIANS,Undergraduate,9,3,33.3%,2.00,5.00,5.00,5.00,5.00,5.00,5.00,5.00,5.00,5.00
2025,Fall,College of Fine Arts,MUS,57411,A,"PRENDERGAST, RYAN",MUS THEAT STGE SCRN,Undergraduate,10,4,40.0%,3.50,4.50,5.00,5.00,4.25,4.75,5.00,5.00,5.00,4.25
2025,Fall,College of Fine Arts,MUS,57417,A,"CHIESA, SARA",MJR VOCL PRF ENSMBLE,Undergraduate,16,6,37.5%,4.50,3.33,3.00,3.00,3.00,3.67,2.67,2.67,3.00,2.83
2025,Fall,College of Fine Arts,MUS,57417,A,"DOUGLAS, THOMAS",MJR VOCL PRF ENSMBLE,Undergraduate,16,6,37.5%,4.50,3.67,2.33,2.33,3.50,3.17,2.50,2.00,2.33,2.83
2025,Fall,College of Fine Arts,MUS,57417,B,"DOUGLAS, THOMAS",MJR VOCL PRF ENSMBLE,Undergraduate,15,2,13.3%,5.00,4.00,4.00,4.00,4.00,4.00,4.00,4.00,4.00,4.00
2025,Fall,College of Fine Arts,MUS,57418,A,"VOSBURGH, GEORGE",MAJR INSTRMTL ENSMBL,Undergraduate,66,16,24.2%,6.91,4.73,4.82,4.82,4.82,4.82,4.82,4.82,4.82,4.82
2025,Fall,College of Fine Arts,MUS,57418,A,"STORY, STEPHEN",MAJR INSTRMTL ENSMBL,Undergraduate,66,16,24.2%,7.25,4.50,4.50,4.42,4.42,4.50,4.82,4.64,4.82,4.82
2025,Fall,College of Fine Arts,MUS,57418,A,"CURTIS, DANIEL",MAJR INSTRMTL ENSMBL,Undergraduate,66,16,24.2%,8.23,4.46,4.31,4.46,4.54,4.54,4.46,4.54,4.54,4.50
2025,Fall,College of Fine Arts,MUS,57419,A,"DOUGLAS, THOMAS",CHORUS,Undergraduate,31,5,16.1%,4.40,4.60,3.80,4.40,4.20,4.40,4.20,4.00,4.40,4.40
2025,Fall,College of Fine Arts,MUS,57421,A,"HSIEH, ANNIE HUI-HSIN",EXPLODED ENSEMBLE,Undergraduate,12,10,83.3%,5.90,4.60,4.50,4.20,4.50,4.50,4.30,4.60,4.40,4.50
2025,Fall,College of Fine Arts,MUS,57422,A,"DOUGLAS, THOMAS",SINGERS,Undergraduate,7,2,28.6%,2.00,2.50,2.00,3.00,1.50,2.00,1.50,1.00,1.50,2.00
2025,Fall,College of Fine Arts,MUS,57423,A,"CURTIS, DANIEL",REPERTOIRE ORCHESTRA,Undergraduate,5,1,20.0%,2.00,5.00,5.00,5.00,5.00,5.00,5.00,5.00,5.00,5.00
2025,Fall,College of Fine Arts,MUS,57424,A,"BRANSON, JEREMY",PERCUSSION ENSEMBLE,Undergraduate,6,2,33.3%,6.50,5.00,5.00,5.00,5.00,5.00,5.00,4.00,4.00,5.00
2025,Fall,College of Fine Arts,MUS,57433,A,"DOUGLAS, THOMAS",MUS THEA LIT & REP I,Undergraduate,11,3,27.3%,2.00,5.00,4.33,4.33,4.33,4.67,4.33,4.00,4.33,5.00
2025,Fall,College of Fine Arts,MUS,57433,A,"IRWIN, ROSEANNA",MUS THEA LIT & REP I,Undergraduate,11,3,27.3%,2.00,5.00,5.00,5.00,5.00,5.00,5.00,5.00,5.00,5.00
2025,Fall,College of Fine Arts,MUS,57437,I,"ALMARZA, ALBERTO",LIT & REPERTOIRE UG,Undergraduate,4,1,25.0%,5.00,5.00,5.00,5.00,5.00,5.00,5.00,5.00,5.00,5.00
2025,Fall,College of Fine Arts,MUS,57437,B,"EVANS, PAUL",LIT & REPERTOIRE UG,Undergraduate,3,2,66.7%,5.00,4.50,4.50,4.50,5.00,5.00,5.00,5.00,5.00,5.00
2025,Fall,College of Fine Arts,MUS,57437,E,"BERNTSEN, NEAL",LIT & REPERTOIRE UG,Undergraduate,2,1,50.0%,5.00,5.00,5.00,5.00,5.00,5.00,5.00,5.00,5.00,5.00
2025,Fall,College of Fine Arts,MUS,57437,PA,"SCHEPKIN, SERGEY",LIT & REPERTOIRE UG,Undergraduate,4,2,50.0%,12.50,5.00,5.00,5.00,5.00,5.00,5.00,5.00,5.00,5.00
2025,Fall,College of Fine Arts,MUS,57437,M,"VAN HOESEN, GRETCHEN",LIT & REPERTOIRE UG,Undergraduate,2,0,0.0%,,,,,,,,,,
2025,Fall,College of Fine Arts,MUS,57437,B,"BRANSON, JEREMY",LIT & REPERTOIRE UG,Undergraduate,3,2,66.7%,5.00,4.50,4.50,5.00,5.00,5.00,4.50,5.00,5.00,5.00
2025,Fall,College of Fine Arts,MUS,57437,L,"GUILD, PETER",LIT & REPERTOIRE UG,Undergraduate,2,0,0.0%,,,,,,,,,,
2025,Fall,College of Fine Arts,MUS,57442,A,"RANDALL, RICHARD",ANALYTICAL TECHNQUES,Undergraduate,8,0,0.0%,,,,,,,,,,
2025,Fall,College of Fine Arts,MUS,57444,A,"WHIPPLE, R. JAMES",PRINC COUNTERPOINT,Undergraduate,9,1,11.1%,5.00,5.00,4.00,5.00,5.00,4.00,5.00,5.00,5.00,5.00
2025,Fall,College of Fine Arts,MUS,57457,A,"COLWELL, DENIS",MENTAL TRAINING PERF,Undergraduate,5,1,20.0%,2.00,5.00,5.00,5.00,5.00,5.00,5.00,5.00,5.00,5.00
2025,Fall,College of Fine Arts,MUS,57458,A,"COLWELL, DENIS",BUSINESS OF MUSIC,Undergraduate,6,4,66.7%,2.75,4.75,4.75,4.50,4.75,4.75,4.75,5.00,4.75,4.75
2025,Fall,College of Fine Arts,MUS,57467,A,"HOLCOMB, MELANIE",FALL PROD CREW,Undergraduate,10,3,30.0%,24.00,3.33,4.33,3.00,3.00,3.33,3.33,3.67,3.33,1.67
2025,Fall,College of Fine Arts,MUS,57471,A,"HOLCOMB, MELANIE",PROD PERF OPERA 1,Undergraduate,12,3,25.0%,10.33,4.33,4.50,4.50,4.50,4.50,4.50,4.50,4.50,4.50
2025,Fall,College of Fine Arts,MUS,57471,A,"DOUGLAS, THOMAS",PROD PERF OPERA 1,Undergraduate,12,3,25.0%,14.50,4.00,3.50,4.00,3.50,4.00,3.50,2.00,4.00,3.50
2025,Fall,College of Fine Arts,MUS,57473,A2,"DOUGLAS, THOMAS",PROD PERF OPERA 2,Undergraduate,8,2,25.0%,6.50,2.00,2.00,3.00,2.00,2.00,2.00,2.00,1.00,3.50
2025,Fall,College of Fine Arts,MUS,57479,A,"MANRIQUEZ, LUZ",BEG PNO PRACTICUM I,Undergraduate,3,2,66.7%,13.00,5.00,5.00,5.00,5.00,5.00,5.00,5.00,5.00,5.00
2025,Fall,College of Fine Arts,MUS,57480,A,"KEELING, KENNETH",HSTY BLK AMCN MUSIC,Undergraduate,6,1,16.7%,2.00,3.00,4.00,4.00,3.00,5.00,4.00,4.00,3.00,3.00
2025,Fall,College of Fine Arts,MUS,57480,B,"KEELING, KENNETH",HSTY BLK AMCN MUSIC,Undergraduate,10,3,30.0%,5.00,4.67,4.00,4.33,4.33,4.33,4.33,4.00,4.67,4.33
2025,Fall,College of Fine Arts,MUS,57485,A,"WOLOSHYN, ALEXA",HISTORY OF SYMPHONY,Undergraduate,7,2,28.6%,3.50,5.00,5.00,5.00,5.00,5.00,5.00,5.00,5.00,5.00
2025,Fall,College of Fine Arts,MUS,57487,A,"MOSKAL, ANNE",ADVANCED SOLFEGE III,Undergraduate,12,3,25.0%,3.00,4.33,3.33,4.00,3.33,4.33,3.67,4.33,4.33,4.00
2025,Fall,College of Fine Arts,MUS,57491,A,"STORY, STEPHEN",SOLFEGE FOR COND I,Undergraduate,3,0,0.0%,,,,,,,,,,
2025,Fall,College of Fine Arts,MUS,57493,A,"AYLMER, JENNIFER",SUR VOC REP I,Undergraduate,7,3,42.9%,3.00,4.67,3.33,3.67,3.33,4.33,3.67,5.00,4.00,3.33
2025,Fall,College of Fine Arts,MUS,57496,UC,"WHIPPLE, R. JAMES",BXA STUDIO (1ST SEM),Undergraduate,4,0,0.0%,,,,,,,,,,
2025,Fall,College of Fine Arts,MUS,57498,UC,"WHIPPLE, R. JAMES",BXA STUDIO (3RD SEM),Undergraduate,2,0,0.0%,,,,,,,,,,
2025,Fall,College of Fine Arts,MUS,57498,BA,"SCHEPKIN, SERGEY",BXA STUDIO (3RD SEM),Undergraduate,3,1,33.3%,14.00,4.00,3.00,3.00,4.00,3.00,4.00,2.00,3.00,3.00
2025,Fall,College of Fine Arts,MUS,57498,BB,"CHIU, FREDERIC",BXA STUDIO (3RD SEM),Undergraduate,2,1,50.0%,8.00,5.00,5.00,4.00,5.00,5.00,5.00,5.00,5.00,4.00
2025,Fall,College of Fine Arts,MUS,57500,C,"GRUBER, ALEXANDRA",MAJOR STUDIO (VOICE),Undergraduate,7,4,57.1%,5.75,5.00,5.00,5.00,5.00,5.00,5.00,5.00,5.00,5.00
2025,Fall,College of Fine Arts,MUS,57500,D,"SPACAGNA, MARIA",MAJOR STUDIO (VOICE),Undergraduate,10,4,40.0%,8.00,5.00,5.00,5.00,5.00,5.00,5.00,5.00,5.00,5.00
2025,Fall,College of Fine Arts,MUS,57500,A,"AYLMER, JENNIFER",MAJOR STUDIO (VOICE),Undergraduate,2,1,50.0%,11.00,5.00,5.00,5.00,5.00,5.00,5.00,5.00,5.00,5.00
2025,Fall,College of Fine Arts,MUS,57500,E,"TEADT, DANIEL",MAJOR STUDIO (VOICE),Undergraduate,10,2,20.0%,8.00,4.50,4.50,4.50,5.00,4.50,4.50,5.00,5.00,4.50
2025,Fall,College of Fine Arts,MUS,57501,A,"SCHEPKIN, SERGEY",MAJOR STUDIO (PIANO),Undergraduate,3,1,33.3%,14.00,5.00,5.00,5.00,5.00,5.00,5.00,5.00,5.00,5.00
2025,Fall,College of Fine Arts,MUS,57501,B,"CHIU, FREDERIC",MAJOR STUDIO (PIANO),Undergraduate,2,0,0.0%,,,,,,,,,,
2025,Fall,College of Fine Arts,MUS,57503,A,"VAN HOESEN, GRETCHEN",MAJOR STUDIO (HARP),Undergraduate,3,0,0.0%,,,,,,,,,,
2025,Fall,College of Fine Arts,MUS,57505,B,"VAN DER SLOOT, WILLIAM",MAJOR STUDIO(VIOLIN),Undergraduate,3,0,0.0%,,,,,,,,,,
2025,Fall,College of Fine Arts,MUS,57506,A,"HARDING, DAVID",MAJOR STUDIO (VIOLA),Undergraduate,7,1,14.3%,11.00,5.00,5.00,5.00,5.00,5.00,5.00,5.00,5.00,5.00
2025,Fall,College of Fine Arts,MUS,57507,A,"WILLIAMS, ANNE",MAJOR STUDIO (CELLO),Undergraduate,5,0,0.0%,,,,,,,,,,
2025,Fall,College of Fine Arts,MUS,57507,B,"PARK, ANGELA",MAJOR STUDIO (CELLO),Undergraduate,4,2,50.0%,12.50,4.00,4.00,4.00,4.50,4.00,4.00,4.50,4.50,4.00
2025,Fall,College of Fine Arts,MUS,57508,A,"HOWARD, MICAH",MAJOR STUD(DBL BASS),Undergraduate,5,1,20.0%,14.00,5.00,5.00,5.00,5.00,5.00,5.00,5.00,5.00,5.00
2025,Fall,College of Fine Arts,MUS,57510,A,"ALMARZA, ALBERTO",MAJOR STUDIO (FLUTE),Undergraduate,7,1,14.3%,11.00,5.00,5.00,5.00,5.00,5.00,5.00,5.00,5.00,5.00
2025,Fall,College of Fine Arts,MUS,57512,B,"HOWELL, JACK",MAJOR STUD(CLARINET),Undergraduate,2,0,0.0%,,,,,,,,,,
2025,Fall,College of Fine Arts,MUS,57515,A,"CABALLERO, WILLIAM",MAJOR STUDIO (HORN),Undergraduate,2,0,0.0%,,,,,,,,,,
2025,Fall,College of Fine Arts,MUS,57516,B,"VOSBURGH, GEORGE",MAJOR STUD (TRUMPET),Undergraduate,2,1,50.0%,8.00,5.00,5.00,5.00,5.00,5.00,5.00,5.00,5.00,5.00
2025,Fall,College of Fine Arts,MUS,57520,A,"EVANS, PAUL",MAJOR ST(PERCUSSION),Undergraduate,6,3,50.0%,14.00,5.00,5.00,5.00,5.00,5.00,5.00,5.00,5.00,5.00
2025,Fall,College of Fine Arts,MUS,57520,A,"BRANSON, JEREMY",MAJOR ST(PERCUSSION),Undergraduate,6,3,50.0%,17.33,5.00,5.00,5.00,5.00,5.00,5.00,5.00,5.00,5.00
2025,Fall,College of Fine Arts,MUS,57520,A,"ALLEN, CHRISTOPHER",MAJOR ST(PERCUSSION),Undergraduate,6,3,50.0%,17.33,5.00,5.00,5.00,5.00,5.00,5.00,5.00,5.00,5.00
2025,Fall,College of Fine Arts,MUS,57521,B,"PUKINSKIS, KATHERINE",MAJOR ST (COMPOSITN),Undergraduate,8,2,25.0%,6.50,5.00,5.00,5.00,5.00,5.00,5.00,5.00,5.00,5.00
2025,Fall,College of Fine Arts,MUS,57521,C,"WHIPPLE, R. JAMES",MAJOR ST (COMPOSITN),Undergraduate,2,0,0.0%,,,,,,,,,,
2025,Fall,College of Fine Arts,MUS,57521,A,"GALBRAITH, NANCY",MAJOR ST (COMPOSITN),Undergraduate,12,2,16.7%,8.00,5.00,4.50,5.00,5.00,4.50,5.00,5.00,5.00,5.00
2025,Fall,College of Fine Arts,MUS,57523,A,"ABTAN, FREIDA",MAJ STU (ELECTRONIC),Undergraduate,7,7,100.0%,8.86,4.86,4.43,4.71,4.57,4.71,4.29,4.71,4.43,4.57
2025,Fall,College of Fine Arts,MUS,57523,B,"HSIEH, ANNIE HUI-HSIN",MAJ STU (ELECTRONIC),Undergraduate,6,6,100.0%,12.17,4.83,4.67,4.67,4.83,5.00,5.00,5.00,4.83,5.00
2025,Fall,College of Fine Arts,MUS,57560,A,"WOLOSHYN, ALEXA",ELECTRONIC MUS SEMNR,Undergraduate,13,13,100.0%,2.00,2.77,2.54,2.54,1.92,2.08,2.38,3.77,2.38,2.54
2025,Fall,College of Fine Arts,MUS,57570,A,"SCHULZ, RICCARDO",MUS AND TECH SEM,Undergraduate,19,9,47.4%,2.00,5.00,5.00,5.00,4.75,5.00,4.88,4.50,5.00,4.88
2025,Fall,College of Fine Arts,MUS,57575,B,"SASONO, MOHAMMAD",SPECIAL TOP MUS,Undergraduate,14,0,0.0%,,,,,,,,,,
2025,Fall,College of Fine Arts,MUS,57584,A2,"DUECK, JOCELYN",ECI MUS & AI,Undergraduate,3,3,100.0%,2.00,5.00,5.00,5.00,5.00,5.00,5.00,5.00,5.00,5.00
2025,Fall,College of Fine Arts,MUS,57591,A,"NEELY, Stephen",DALCR PED/PRAC TCHNG,Undergraduate,4,4,100.0%,2.00,4.75,5.00,5.00,5.00,5.00,5.00,5.00,5.00,4.75
2025,Fall,College of Fine Arts,MUS,57593,C,"IRWIN, ROSEANNA",VOCAL COACHING,Undergraduate,17,4,23.5%,3.50,5.00,5.00,4.75,5.00,4.75,4.75,5.00,5.00,5.00
2025,Fall,College of Fine Arts,MUS,57593,B,"DUECK, JOCELYN",VOCAL COACHING,Undergraduate,4,0,0.0%,,,,,,,,,,
2025,Fall,College of Fine Arts,MUS,57593,A,"MILLER, Billie Jo",VOCAL COACHING,Undergraduate,7,4,57.1%,5.00,5.00,4.25,4.25,4.50,4.50,4.25,4.00,4.00,4.00
2025,Fall,College of Fine Arts,MUS,57593,D,"CHIESA, SARA",VOCAL COACHING,Undergraduate,4,4,100.0%,5.75,4.75,5.00,4.75,4.50,4.75,4.50,4.50,4.50,4.25
2025,Fall,College of Fine Arts,MUS,57605,A,"DOMENCIC, MARK",THEORY ANALYSIS GRAD,Graduate,11,2,18.2%,8.00,4.50,5.00,5.00,5.00,5.00,5.00,5.00,5.00,5.00
2025,Fall,College of Fine Arts,MUS,57608,A,"LAROCCA, CARLA",KEY STUD GRAD ED I,Graduate,2,1,50.0%,5.00,3.00,5.00,5.00,3.00,3.00,4.00,5.00,4.00,4.00
2025,Fall,College of Fine Arts,MUS,57611,A,"PRENDERGAST, RYAN",MUS THEAT STGE SCRN,Graduate,3,0,0.0%,,,,,,,,,,
2025,Fall,College of Fine Arts,MUS,57613,A,"DANNENBERG, ROGER",IND STDY RESEARCH,Graduate,2,1,50.0%,8.00,5.00,5.00,5.00,5.00,5.00,5.00,5.00,5.00,5.00
2025,Fall,College of Fine Arts,MUS,57618,B,"STORY, STEPHEN",IND STDY CONDUCTING,Graduate,2,1,50.0%,5.00,5.00,5.00,5.00,5.00,5.00,5.00,5.00,5.00,5.00
2025,Fall,College of Fine Arts,MUS,57618,A,"CURTIS, DANIEL",IND STDY CONDUCTING,Graduate,4,0,0.0%,,,,,,,,,,
2025,Fall,College of Fine Arts,MUS,57624,A,"STUMPF, PETER",IND STDY SP MUS PROJ,Graduate,7,4,57.1%,5.75,5.00,5.00,5.00,5.00,5.00,5.00,5.00,5.00,5.00
2025,Fall,College of Fine Arts,MUS,57651,A,"TRUMBULL, KELLY",SPECIAL TOPICS MUS,Graduate,7,5,71.4%,2.00,5.00,5.00,5.00,5.00,5.00,5.00,5.00,5.00,5.00
2025,Fall,College of Fine Arts,MUS,57651,B,"SASONO, MOHAMMAD",SPECIAL TOPICS MUS,Graduate,6,1,16.7%,5.00,4.00,2.00,3.00,5.00,5.00,3.00,4.00,3.00,3.00
2025,Fall,College of Fine Arts,MUS,57667,A,"PRENDERGAST, RYAN",OPERA HIS & LIT,Graduate,9,3,33.3%,8.00,5.00,5.00,5.00,4.67,5.00,5.00,5.00,5.00,5.00
2025,Fall,College of Fine Arts,MUS,57670,E,"DIAZ, HIRAM",CHAMBER MUSIC: BRASS,Graduate,4,1,25.0%,2.00,5.00,5.00,4.00,4.00,5.00,5.00,4.00,5.00,4.00
2025,Fall,College of Fine Arts,MUS,57670,F,"DIAZ, HIRAM",CHAMBER MUSIC: BRASS,Graduate,3,0,0.0%,,,,,,,,,,
2025,Fall,College of Fine Arts,MUS,57670,C,"KOSTYNIAK, STEPHEN",CHAMBER MUSIC: BRASS,Graduate,5,2,40.0%,3.50,5.00,5.00,4.00,5.00,4.50,4.00,5.00,4.50,4.50
2025,Fall,College of Fine Arts,MUS,57670,D,"KOSTYNIAK, STEPHEN",CHAMBER MUSIC: BRASS,Graduate,4,0,0.0%,,,,,,,,,,
2025,Fall,College of Fine Arts,MUS,57670,B,"VOSBURGH, GEORGE",CHAMBER MUSIC: BRASS,Graduate,5,0,0.0%,,,,,,,,,,
2025,Fall,College of Fine Arts,MUS,57670,A,"BERNTSEN, NEAL",CHAMBER MUSIC: BRASS,Graduate,5,0,0.0%,,,,,,,,,,
2025,Fall,College of Fine Arts,MUS,57670,G,"SULLIVAN, PETER",CHAMBER MUSIC: BRASS,Graduate,4,0,0.0%,,,,,,,,,,
2025,Fall,College of Fine Arts,MUS,57670,Z,"SULLIVAN, PETER",CHAMBER MUSIC: BRASS,Graduate,10,1,10.0%,2.00,5.00,5.00,5.00,5.00,5.00,5.00,5.00,5.00,5.00
2025,Fall,College of Fine Arts,MUS,57671,F,"MANRIQUEZ, LUZ",CHAMBER MUS: STRG QT,Graduate,5,2,40.0%,6.50,5.00,5.00,5.00,5.00,5.00,5.00,5.00,5.00,5.00
2025,Fall,College of Fine Arts,MUS,57671,C,"WU, CHRISTOPHER",CHAMBER MUS: STRG QT,Graduate,4,1,25.0%,2.00,3.00,3.00,3.00,3.00,3.00,3.00,3.00,3.00,3.00
2025,Fall,College of Fine Arts,MUS,57671,F,"WU, CHRISTOPHER",CHAMBER MUS: STRG QT,Graduate,5,2,40.0%,6.50,5.00,5.00,5.00,5.00,5.00,5.00,5.00,5.00,5.00
2025,Fall,College of Fine Arts,MUS,57671,B,"WU, CHRISTOPHER",CHAMBER MUS: STRG QT,Graduate,5,0,0.0%,,,,,,,,,,
2025,Fall,College of Fine Arts,MUS,57671,D,"WU, CHRISTOPHER",CHAMBER MUS: STRG QT,Graduate,5,0,0.0%,,,,,,,,,,
2025,Fall,College of Fine Arts,MUS,57671,E,"WU, CHRISTOPHER",CHAMBER MUS: STRG QT,Graduate,4,1,25.0%,8.00,5.00,5.00,3.00,3.00,5.00,5.00,5.00,5.00,3.00
2025,Fall,College of Fine Arts,MUS,57671,G,"WU, CHRISTOPHER",CHAMBER MUS: STRG QT,Graduate,4,2,50.0%,2.00,5.00,5.00,5.00,5.00,5.00,5.00,5.00,5.00,5.00
2025,Fall,College of Fine Arts,MUS,57671,Z,"WU, CHRISTOPHER",CHAMBER MUS: STRG QT,Graduate,3,0,0.0%,,,,,,,,,,
2025,Fall,College of Fine Arts,MUS,57671,A,"PARK, ANGELA",CHAMBER MUS: STRG QT,Graduate,4,1,25.0%,5.00,4.00,4.00,4.00,4.00,5.00,4.00,5.00,4.00,5.00
2025,Fall,College of Fine Arts,MUS,57671,F,"SMART, CALLUM",CHAMBER MUS: STRG QT,Graduate,5,2,40.0%,6.50,5.00,5.00,5.00,5.00,5.00,5.00,5.00,5.00,5.00
2025,Fall,College of Fine Arts,MUS,57671,E,"SMART, CALLUM",CHAMBER MUS: STRG QT,Graduate,4,1,25.0%,8.00,5.00,5.00,5.00,5.00,5.00,5.00,5.00,5.00,3.00
2025,Fall,College of Fine Arts,MUS,57671,G,"WICKESBERG, ANDREW",CHAMBER MUS: STRG QT,Graduate,4,2,50.0%,3.50,5.00,5.00,5.00,5.00,4.50,5.00,5.00,5.00,5.00
2025,Fall,College of Fine Arts,MUS,57672,CC,"WICKESBERG, ANDREW",CHAMBER MUS: WW&MXD,Graduate,3,1,33.3%,8.00,5.00,5.00,5.00,5.00,5.00,5.00,5.00,5.00,5.00
2025,Fall,College of Fine Arts,MUS,57672,I,"WICKESBERG, ANDREW",CHAMBER MUS: WW&MXD,Graduate,3,1,33.3%,11.00,5.00,5.00,5.00,5.00,5.00,5.00,5.00,5.00,5.00
2025,Fall,College of Fine Arts,MUS,57672,E,"MILLER, Billie Jo",CHAMBER MUS: WW&MXD,Graduate,2,2,100.0%,2.00,5.00,5.00,4.50,4.50,4.50,4.50,4.50,4.50,4.50
2025,Fall,College of Fine Arts,MUS,57672,L,"DUECK, JOCELYN",CHAMBER MUS: WW&MXD,Graduate,3,1,33.3%,2.00,5.00,5.00,5.00,5.00,5.00,5.00,5.00,5.00,5.00
2025,Fall,College of Fine Arts,MUS,57672,II,"KUSH, JASON",CHAMBER MUS: WW&MXD,Graduate,7,2,28.6%,2.00,4.00,4.00,4.00,5.00,5.00,4.00,4.00,4.50,4.00
2025,Fall,College of Fine Arts,MUS,57672,AA,"GORTON, JAMES",CHAMBER MUS: WW&MXD,Graduate,3,1,33.3%,17.00,5.00,5.00,5.00,5.00,5.00,5.00,5.00,5.00,5.00
2025,Fall,College of Fine Arts,MUS,57672,J,"GORTON, JAMES",CHAMBER MUS: WW&MXD,Graduate,2,1,50.0%,5.00,5.00,5.00,5.00,5.00,5.00,5.00,5.00,5.00,5.00
2025,Fall,College of Fine Arts,MUS,57672,O,"GORTON, JAMES",CHAMBER MUS: WW&MXD,Graduate,3,1,33.3%,14.00,5.00,5.00,5.00,5.00,5.00,5.00,5.00,5.00,5.00
2025,Fall,College of Fine Arts,MUS,57672,LL,"HOULIK, JAMES",CHAMBER MUS: WW&MXD,Graduate,3,1,33.3%,5.00,4.00,4.00,4.00,4.00,4.00,4.00,4.00,4.00,4.00
2025,Fall,College of Fine Arts,MUS,57672,P,"SMART, CALLUM",CHAMBER MUS: WW&MXD,Graduate,3,1,33.3%,11.00,5.00,5.00,5.00,5.00,5.00,5.00,5.00,5.00,5.00
2025,Fall,College of Fine Arts,MUS,57672,HH,"SMART, CALLUM",CHAMBER MUS: WW&MXD,Graduate,3,2,66.7%,6.50,5.00,5.00,5.00,5.00,5.00,5.00,5.00,5.00,5.00
2025,Fall,College of Fine Arts,MUS,57672,Z,"PARK, ANGELA",CHAMBER MUS: WW&MXD,Graduate,3,2,66.7%,5.00,4.50,4.50,4.50,4.50,5.00,4.50,5.00,4.50,5.00
2025,Fall,College of Fine Arts,MUS,57672,EE,"WU, CHRISTOPHER",CHAMBER MUS: WW&MXD,Graduate,5,0,0.0%,,,,,,,,,,
2025,Fall,College of Fine Arts,MUS,57672,KK,"WU, CHRISTOPHER",CHAMBER MUS: WW&MXD,Graduate,2,0,0.0%,,,,,,,,,,
2025,Fall,College of Fine Arts,MUS,57672,N,"WU, CHRISTOPHER",CHAMBER MUS: WW&MXD,Graduate,3,1,33.3%,,,,,,,,,,
2025,Fall,College of Fine Arts,MUS,57672,M,"CABALLERO, WILLIAM",CHAMBER MUS: WW&MXD,Graduate,2,0,0.0%,,,,,,,,,,
2025,Fall,College of Fine Arts,MUS,57672,P,"MANRIQUEZ, LUZ",CHAMBER MUS: WW&MXD,Graduate,3,1,33.3%,14.00,3.00,4.00,4.00,4.00,4.00,4.00,3.00,4.00,3.00
2025,Fall,College of Fine Arts,MUS,57672,Z,"MANRIQUEZ, LUZ",CHAMBER MUS: WW&MXD,Graduate,3,2,66.7%,5.00,5.00,5.00,5.00,5.00,5.00,5.00,4.50,5.00,4.50
2025,Fall,College of Fine Arts,MUS,57672,A,"VAN HOESEN, GRETCHEN",CHAMBER MUS: WW&MXD,Graduate,2,0,0.0%,,,,,,,,,,
2025,Fall,College of Fine Arts,MUS,57672,B,"VAN HOESEN, GRETCHEN",CHAMBER MUS: WW&MXD,Graduate,2,0,0.0%,,,,,,,,,,
2025,Fall,College of Fine Arts,MUS,57672,C,"VAN HOESEN, GRETCHEN",CHAMBER MUS: WW&MXD,Graduate,2,0,0.0%,,,,,,,,,,
2025,Fall,College of Fine Arts,MUS,57672,D,"VAN HOESEN, GRETCHEN",CHAMBER MUS: WW&MXD,Graduate,2,0,0.0%,,,,,,,,,,
2025,Fall,College of Fine Arts,MUS,57672,DD,"VAN HOESEN, GRETCHEN",CHAMBER MUS: WW&MXD,Graduate,3,0,0.0%,,,,,,,,,,
2025,Fall,College of Fine Arts,MUS,57672,BB,"WHIPPLE, R. JAMES",CHAMBER MUS: WW&MXD,Graduate,3,1,33.3%,5.00,5.00,5.00,5.00,5.00,5.00,5.00,5.00,3.00,3.00
2025,Fall,College of Fine Arts,MUS,57672,X,"OJEDA, RODRIGO",CHAMBER MUS: WW&MXD,Graduate,3,1,33.3%,14.00,5.00,5.00,5.00,5.00,5.00,5.00,5.00,5.00,5.00
2025,Fall,College of Fine Arts,MUS,57672,T,"KOSTYNIAK, STEPHEN",CHAMBER MUS: WW&MXD,Graduate,3,0,0.0%,,,,,,,,,,
2025,Fall,College of Fine Arts,MUS,57672,X,"STERANKA, SARAH",CHAMBER MUS: WW&MXD,Graduate,3,1,33.3%,14.00,5.00,5.00,5.00,5.00,5.00,5.00,5.00,5.00,5.00
2025,Fall,College of Fine Arts,MUS,57672,BB,"STERANKA, SARAH",CHAMBER MUS: WW&MXD,Graduate,3,1,33.3%,5.00,5.00,5.00,5.00,5.00,5.00,5.00,5.00,5.00,5.00
2025,Fall,College of Fine Arts,MUS,57672,P,"STERANKA, SARAH",CHAMBER MUS: WW&MXD,Graduate,3,1,33.3%,2.00,5.00,5.00,5.00,5.00,5.00,5.00,5.00,5.00,5.00
2025,Fall,College of Fine Arts,MUS,57672,Z,"STERANKA, SARAH",CHAMBER MUS: WW&MXD,Graduate,3,2,66.7%,5.00,4.00,4.00,4.00,4.00,4.00,4.00,4.00,4.00,5.00
2025,Fall,College of Fine Arts,MUS,57672,AA,"STERANKA, SARAH",CHAMBER MUS: WW&MXD,Graduate,3,1,33.3%,11.00,5.00,5.00,5.00,5.00,5.00,5.00,5.00,5.00,5.00
2025,Fall,College of Fine Arts,MUS,57672,CC,"STERANKA, SARAH",CHAMBER MUS: WW&MXD,Graduate,3,1,33.3%,8.00,5.00,5.00,5.00,5.00,5.00,5.00,5.00,5.00,5.00
2025,Fall,College of Fine Arts,MUS,57672,F,"STERANKA, SARAH",CHAMBER MUS: WW&MXD,Graduate,2,2,100.0%,5.00,5.00,5.00,5.00,5.00,5.00,5.00,5.00,4.50,5.00
2025,Fall,College of Fine Arts,MUS,57672,G,"STERANKA, SARAH",CHAMBER MUS: WW&MXD,Graduate,2,1,50.0%,5.00,5.00,5.00,5.00,5.00,5.00,5.00,5.00,5.00,5.00
2025,Fall,College of Fine Arts,MUS,57672,H,"STERANKA, SARAH",CHAMBER MUS: WW&MXD,Graduate,3,0,0.0%,,,,,,,,,,
2025,Fall,College of Fine Arts,MUS,57672,HH,"STERANKA, SARAH",CHAMBER MUS: WW&MXD,Graduate,3,2,66.7%,6.50,5.00,5.00,5.00,5.00,5.00,5.00,5.00,5.00,5.00
2025,Fall,College of Fine Arts,MUS,57672,I,"STERANKA, SARAH",CHAMBER MUS: WW&MXD,Graduate,3,1,33.3%,2.00,5.00,5.00,5.00,5.00,5.00,5.00,5.00,5.00,5.00
2025,Fall,College of Fine Arts,MUS,57672,J,"STERANKA, SARAH",CHAMBER MUS: WW&MXD,Graduate,2,1,50.0%,5.00,5.00,5.00,5.00,5.00,5.00,5.00,5.00,5.00,5.00
2025,Fall,College of Fine Arts,MUS,57672,JJ,"STERANKA, SARAH",CHAMBER MUS: WW&MXD,Graduate,4,0,0.0%,,,,,,,,,,
2025,Fall,College of Fine Arts,MUS,57672,K,"STERANKA, SARAH",CHAMBER MUS: WW&MXD,Graduate,2,0,0.0%,,,,,,,,,,
2025,Fall,College of Fine Arts,MUS,57672,L,"STERANKA, SARAH",CHAMBER MUS: WW&MXD,Graduate,3,1,33.3%,2.00,,,,,,,,,
2025,Fall,College of Fine Arts,MUS,57672,LL,"STERANKA, SARAH",CHAMBER MUS: WW&MXD,Graduate,3,1,33.3%,5.00,3.00,3.00,3.00,3.00,3.00,3.00,3.00,3.00,3.00
2025,Fall,College of Fine Arts,MUS,57672,O,"STERANKA, SARAH",CHAMBER MUS: WW&MXD,Graduate,3,1,33.3%,14.00,5.00,5.00,5.00,5.00,5.00,5.00,5.00,5.00,5.00
2025,Fall,College of Fine Arts,MUS,57672,R,"STERANKA, SARAH",CHAMBER MUS: WW&MXD,Graduate,3,0,0.0%,,,,,,,,,,
2025,Fall,College of Fine Arts,MUS,57672,S,"STERANKA, SARAH",CHAMBER MUS: WW&MXD,Graduate,3,0,0.0%,,,,,,,,,,
2025,Fall,College of Fine Arts,MUS,57672,V,"STERANKA, SARAH",CHAMBER MUS: WW&MXD,Graduate,3,0,0.0%,,,,,,,,,,
2025,Fall,College of Fine Arts,MUS,57672,W,"STERANKA, SARAH",CHAMBER MUS: WW&MXD,Graduate,3,0,0.0%,,,,,,,,,,
2025,Fall,College of Fine Arts,MUS,57672,Q,"STERANKA, SARAH",CHAMBER MUS: WW&MXD,Graduate,3,1,33.3%,8.00,5.00,5.00,5.00,5.00,5.00,5.00,5.00,5.00,5.00
2025,Fall,College of Fine Arts,MUS,57672,E,"STERANKA, SARAH",CHAMBER MUS: WW&MXD,Graduate,2,2,100.0%,2.00,5.00,5.00,5.00,5.00,5.00,5.00,5.00,5.00,5.00
2025,Fall,College of Fine Arts,MUS,57672,L,"AYLMER, JENNIFER",CHAMBER MUS: WW&MXD,Graduate,3,1,33.3%,2.00,5.00,5.00,5.00,5.00,5.00,5.00,5.00,5.00,5.00
2025,Fall,College of Fine Arts,MUS,57672,Q,"KIM, SUNG-IM",CHAMBER MUS: WW&MXD,Graduate,3,1,33.3%,8.00,5.00,5.00,5.00,5.00,5.00,5.00,5.00,5.00,5.00
2025,Fall,College of Fine Arts,MUS,57672,U,"KIM, SUNG-IM",CHAMBER MUS: WW&MXD,Graduate,3,0,0.0%,,,,,,,,,,
2025,Fall,College of Fine Arts,MUS,57672,Y,"KIM, SUNG-IM",CHAMBER MUS: WW&MXD,Graduate,3,0,0.0%,,,,,,,,,,
2025,Fall,College of Fine Arts,MUS,57675,A,"SULLIVAN, PETER",CHAMBER ENSEMBLE,Graduate,12,1,8.3%,2.00,3.00,2.00,4.00,5.00,4.00,5.00,4.00,4.00,4.00
2025,Fall,College of Fine Arts,MUS,57675,B,"DIAZ, HIRAM",CHAMBER ENSEMBLE,Graduate,8,1,12.5%,2.00,5.00,4.00,4.00,4.00,5.00,5.00,4.00,5.00,5.00
2025,Fall,College of Fine Arts,MUS,57687,A,"BRANSON, JEREMY",PROF ESSTL PERC I,Graduate,6,0,0.0%,,,,,,,,,,
2025,Fall,College of Fine Arts,MUS,57693,D,"CHIESA, SARA",GRAD VOCAL COACHING,Graduate,5,4,80.0%,6.50,4.75,4.75,4.75,5.00,4.75,4.75,4.75,4.75,4.75
2025,Fall,College of Fine Arts,MUS,57693,B,"DUECK, JOCELYN",GRAD VOCAL COACHING,Graduate,6,2,33.3%,8.00,5.00,5.00,5.00,5.00,5.00,5.00,5.00,5.00,5.00
2025,Fall,College of Fine Arts,MUS,57693,A,"MILLER, Billie Jo",GRAD VOCAL COACHING,Graduate,4,2,50.0%,6.50,5.00,5.00,5.00,5.00,5.00,5.00,5.00,5.00,5.00
2025,Fall,College of Fine Arts,MUS,57700,C,"GRUBER, ALEXANDRA",MAJOR STUDIO (VOICE),Graduate,3,2,66.7%,6.50,5.00,4.50,5.00,5.00,5.00,5.00,5.00,5.00,5.00
2025,Fall,College of Fine Arts,MUS,57700,E,"TEADT, DANIEL",MAJOR STUDIO (VOICE),Graduate,2,1,50.0%,8.00,5.00,5.00,5.00,5.00,5.00,5.00,5.00,5.00,5.00
2025,Fall,College of Fine Arts,MUS,57700,D,"SPACAGNA, MARIA",MAJOR STUDIO (VOICE),Graduate,5,3,60.0%,7.00,5.00,5.00,5.00,5.00,5.00,5.00,5.00,5.00,5.00
2025,Fall,College of Fine Arts,MUS,57701,B,"CHIU, FREDERIC",MAJOR STUDIO (PIANO),Graduate,4,3,75.0%,24.00,5.00,5.00,5.00,5.00,5.00,5.00,5.00,5.00,5.00
2025,Fall,College of Fine Arts,MUS,57705,D,"SMART, CALLUM",MAJOR STUDIO(VIOLIN),Graduate,4,1,25.0%,24.00,5.00,4.00,4.00,5.00,5.00,5.00,5.00,5.00,5.00
2025,Fall,College of Fine Arts,MUS,57705,B,"VAN DER SLOOT, WILLIAM",MAJOR STUDIO(VIOLIN),Graduate,3,2,66.7%,12.50,5.00,5.00,5.00,5.00,5.00,5.00,5.00,5.00,5.00
2025,Fall,College of Fine Arts,MUS,57705,C,"WU, CHRISTOPHER",MAJOR STUDIO(VIOLIN),Graduate,2,0,0.0%,,,,,,,,,,
2025,Fall,College of Fine Arts,MUS,57706,A,"HARDING, DAVID",MAJOR STUDIO (VIOLA),Graduate,6,1,16.7%,8.00,4.00,4.00,4.00,5.00,5.00,3.00,5.00,5.00,5.00
2025,Fall,College of Fine Arts,MUS,57707,A,"WILLIAMS, ANNE",MAJOR STUDIO (CELLO),Graduate,2,0,0.0%,,,,,,,,,,
2025,Fall,College of Fine Arts,MUS,57708,A,"HOWARD, MICAH",MAJOR STUD(DBL BASS),Graduate,5,0,0.0%,,,,,,,,,,
2025,Fall,College of Fine Arts,MUS,57710,A,"ALMARZA, ALBERTO",MAJOR STUDIO (FLUTE),Graduate,4,1,25.0%,11.00,5.00,5.00,5.00,5.00,5.00,5.00,5.00,5.00,5.00
2025,Fall,College of Fine Arts,MUS,57714,A,"HOULIK, JAMES",MRJ STUD (SAXOPHONE),Graduate,3,0,0.0%,,,,,,,,,,
2025,Fall,College of Fine Arts,MUS,57716,A,"BERNTSEN, NEAL",MAJR STUDIO(TRUMPET),Graduate,4,0,0.0%,,,,,,,,,,
2025,Fall,College of Fine Arts,MUS,57717,C,"SULLIVAN, PETER",MAJR STU (TROMBONE),Graduate,3,0,0.0%,,,,,,,,,,
2025,Fall,College of Fine Arts,MUS,57717,B,"DEE, JEFFREY",MAJR STU (TROMBONE),Graduate,2,0,0.0%,,,,,,,,,,
2025,Fall,College of Fine Arts,MUS,57718,A,"DIAZ, HIRAM",MJR ST (EUPHNM/BRTN),Graduate,3,1,33.3%,21.00,5.00,5.00,5.00,5.00,5.00,5.00,5.00,5.00,5.00
2025,Fall,College of Fine Arts,MUS,57719,A,"KNOX, CRAIG",MAJOR STUDIO (TUBA),Graduate,3,1,33.3%,14.00,5.00,4.00,4.00,5.00,5.00,5.00,5.00,5.00,4.00
2025,Fall,College of Fine Arts,MUS,57720,A,"EVANS, PAUL",MAJOR ST(PERCUSSION),Graduate,4,0,0.0%,,,,,,,,,,
2025,Fall,College of Fine Arts,MUS,57721,A,"PUKINSKIS, KATHERINE",MAJOR ST(COMPOSITN),Graduate,2,1,50.0%,8.00,5.00,5.00,5.00,5.00,5.00,5.00,5.00,5.00,5.00
2025,Fall,College of Fine Arts,MUS,57721,B,"GALBRAITH, NANCY",MAJOR ST(COMPOSITN),Graduate,2,1,50.0%,11.00,5.00,5.00,5.00,5.00,5.00,5.00,5.00,5.00,5.00
2025,Fall,College of Fine Arts,MUS,57724,C,"KIM, SUNG-IM",MAJ STUD (COL PNO),Graduate,2,1,50.0%,14.00,5.00,5.00,5.00,5.00,5.00,5.00,5.00,5.00,5.00
2025,Fall,College of Fine Arts,MUS,57730,A,"OJEDA, RODRIGO",ART OF SNTA PERF I,Graduate,11,3,27.3%,9.00,5.00,5.00,5.00,5.00,5.00,5.00,5.00,5.00,5.00
2025,Fall,College of Fine Arts,MUS,57736,A,"KIM, SUNG-IM",CHAMBER MSC LITR II,Graduate,9,2,22.2%,8.00,5.00,4.50,4.50,5.00,5.00,5.00,5.00,5.00,5.00
2025,Fall,College of Fine Arts,MUS,57737,J,"CHAMIS, TATJANA",LIT & REPERTOIRE,Graduate,6,1,16.7%,8.00,4.00,3.00,4.00,4.00,5.00,4.00,4.00,4.00,4.00
2025,Fall,College of Fine Arts,MUS,57737,L,"GUILD, PETER",LIT & REPERTOIRE,Graduate,7,0,0.0%,,,,,,,,,,
2025,Fall,College of Fine Arts,MUS,57737,E,"BERNTSEN, NEAL",LIT & REPERTOIRE,Graduate,6,0,0.0%,,,,,,,,,,
2025,Fall,College of Fine Arts,MUS,57737,PA,"SCHEPKIN, SERGEY",LIT & REPERTOIRE,Graduate,2,1,50.0%,2.00,4.00,3.00,3.00,4.00,4.00,3.00,3.00,3.00,3.00
2025,Fall,College of Fine Arts,MUS,57737,B,"EVANS, PAUL",LIT & REPERTOIRE,Graduate,7,0,0.0%,,,,,,,,,,
2025,Fall,College of Fine Arts,MUS,57737,A,"VOSBURGH, GEORGE",LIT & REPERTOIRE,Graduate,17,1,5.9%,2.00,3.00,3.00,2.00,3.00,5.00,4.00,2.00,4.00,4.00
2025,Fall,College of Fine Arts,MUS,57737,H,"KNOX, CRAIG",LIT & REPERTOIRE,Graduate,3,1,33.3%,8.00,5.00,4.00,3.00,5.00,5.00,5.00,5.00,5.00,5.00
2025,Fall,College of Fine Arts,MUS,57737,I,"ALMARZA, ALBERTO",LIT & REPERTOIRE,Graduate,4,1,25.0%,5.00,5.00,5.00,5.00,5.00,5.00,5.00,5.00,5.00,5.00
2025,Fall,College of Fine Arts,MUS,57737,G,"SULLIVAN, PETER",LIT & REPERTOIRE,Graduate,7,0,0.0%,,,,,,,,,,
2025,Fall,College of Fine Arts,MUS,57737,M,"VAN HOESEN, GRETCHEN",LIT & REPERTOIRE,Graduate,2,0,0.0%,,,,,,,,,,
2025,Fall,College of Fine Arts,MUS,57737,C,"WU, CHRISTOPHER",LIT & REPERTOIRE,Graduate,14,5,35.7%,6.20,4.80,5.00,4.80,5.00,4.80,5.00,5.00,4.80,5.00
2025,Fall,College of Fine Arts,MUS,57737,F,"CABALLERO, WILLIAM",LIT & REPERTOIRE,Graduate,4,0,0.0%,,,,,,,,,,
2025,Fall,College of Fine Arts,MUS,57737,O,"DIAZ, HIRAM",LIT & REPERTOIRE,Graduate,3,0,0.0%,,,,,,,,,,
2025,Fall,College of Fine Arts,MUS,57737,K,"PARK, ANGELA",LIT & REPERTOIRE,Graduate,3,0,0.0%,,,,,,,,,,
2025,Fall,College of Fine Arts,MUS,57737,N,"HOULIK, JAMES",LIT & REPERTOIRE,Graduate,4,0,0.0%,,,,,,,,,,
2025,Fall,College of Fine Arts,MUS,57737,D,"GORTON, JAMES",LIT & REPERTOIRE,Graduate,3,0,0.0%,,,,,,,,,,
2025,Fall,College of Fine Arts,MUS,57737,PB,"CHIU, FREDERIC",LIT & REPERTOIRE,Graduate,4,2,50.0%,13.00,5.00,5.00,5.00,5.00,5.00,5.00,5.00,5.00,5.00
2025,Fall,College of Fine Arts,MUS,57738,A,"CHIESA, SARA",GRAD VOCAL LIT I,Graduate,9,3,33.3%,5.00,5.00,5.00,5.00,5.00,5.00,5.00,5.00,5.00,5.00
2025,Fall,College of Fine Arts,MUS,57743,A,"MANRIQUEZ, LUZ",SONATAS/SONGS III,Graduate,3,1,33.3%,14.00,5.00,5.00,5.00,5.00,5.00,5.00,5.00,5.00,5.00
2025,Fall,College of Fine Arts,MUS,57743,A,"CARVER, MARK",SONATAS/SONGS III,Graduate,3,1,33.3%,14.00,5.00,5.00,5.00,5.00,5.00,5.00,5.00,5.00,5.00
2025,Fall,College of Fine Arts,MUS,57743,A,"OJEDA, RODRIGO",SONATAS/SONGS III,Graduate,3,1,33.3%,14.00,5.00,5.00,5.00,5.00,5.00,5.00,5.00,5.00,5.00
2025,Fall,College of Fine Arts,MUS,57743,A,"KIM, SUNG-IM",SONATAS/SONGS III,Graduate,3,1,33.3%,14.00,5.00,5.00,5.00,5.00,5.00,5.00,5.00,5.00,5.00
2025,Fall,College of Fine Arts,MUS,57752,A,"MEAD, MONIQUE",COLL PROJ MUS ENTREP,Graduate,4,2,50.0%,5.00,4.50,4.50,3.50,4.50,5.00,4.50,4.50,4.50,4.00
2025,Fall,College of Fine Arts,MUS,57757,A,"COLWELL, DENIS",MENTAL TRAINING PERF,Graduate,16,4,25.0%,7.50,4.00,4.00,4.25,4.00,4.50,4.25,4.25,4.00,4.00
2025,Fall,College of Fine Arts,MUS,57758,A,"COLWELL, DENIS",BUSINESS OF MUSIC,Graduate,5,2,40.0%,3.50,5.00,5.00,5.00,4.00,5.00,5.00,5.00,5.00,5.00
2025,Fall,College of Fine Arts,MUS,57761,D,"NEELY, Stephen",EURHYTHMICS I,Graduate,3,2,66.7%,5.00,5.00,5.00,5.00,5.00,5.00,5.00,4.50,5.00,4.00
2025,Fall,College of Fine Arts,MUS,57763,A,"NEELY, Stephen",EURHYTHMICS III,Graduate,2,1,50.0%,5.00,5.00,4.00,4.00,5.00,5.00,5.00,5.00,5.00,5.00
2025,Fall,College of Fine Arts,MUS,57773,A2,"DOUGLAS, THOMAS",PROD PERF OPERA 2,Graduate,8,3,37.5%,17.50,4.00,4.00,4.50,4.00,4.50,4.00,4.00,4.00,4.50
2025,Fall,College of Fine Arts,MUS,57774,A,"AYLMER, JENNIFER",VOCAL PEDAGOGY I,Graduate,12,6,50.0%,5.50,5.00,3.83,4.50,4.17,4.67,4.83,5.00,4.50,4.67
2025,Fall,College of Fine Arts,MUS,57780,A,"KEELING, KENNETH",BLK AMRCN MUSIC SEMR,Graduate,5,1,20.0%,5.00,5.00,5.00,5.00,5.00,5.00,5.00,5.00,4.00,4.00
2025,Fall,College of Fine Arts,MUS,57780,B,"KEELING, KENNETH",BLK AMRCN MUSIC SEMR,Graduate,6,1,16.7%,2.00,3.00,4.00,3.00,3.00,5.00,3.00,3.00,3.00,4.00
2025,Fall,College of Fine Arts,MUS,57817,A,"AYLMER, JENNIFER",GRAD OPERA WORKSHOP,Graduate,9,4,44.4%,3.50,5.00,5.00,4.50,5.00,5.00,5.00,5.00,5.00,5.00
2025,Fall,College of Fine Arts,MUS,57817,A,"TRUMBULL, KELLY",GRAD OPERA WORKSHOP,Graduate,9,4,44.4%,3.50,5.00,5.00,5.00,5.00,5.00,5.00,5.00,5.00,5.00
2025,Fall,College of Fine Arts,MUS,57818,A,"CURTIS, DANIEL",MAJR INSTRMTL ENSMBL,Graduate,80,8,10.0%,13.00,4.20,4.60,4.60,3.60,4.80,3.80,4.80,4.20,4.00
2025,Fall,College of Fine Arts,MUS,57818,A,"VOSBURGH, GEORGE",MAJR INSTRMTL ENSMBL,Graduate,80,8,10.0%,7.25,3.50,3.50,3.75,3.25,3.75,3.75,3.50,3.75,3.75
2025,Fall,College of Fine Arts,MUS,57818,A,"STORY, STEPHEN",MAJR INSTRMTL ENSMBL,Graduate,80,8,10.0%,9.29,4.43,4.29,4.14,4.00,4.43,4.00,4.43,4.29,4.00
2025,Fall,College of Fine Arts,MUS,57821,A,"HSIEH, ANNIE HUI-HSIN",EXPLODED ENSEMBLE,Graduate,2,0,0.0%,,,,,,,,,,
2025,Fall,College of Fine Arts,MUS,57822,A,"DOUGLAS, THOMAS",SINGERS,Graduate,2,0,0.0%,,,,,,,,,,
2025,Fall,College of Fine Arts,MUS,57824,A,"BRANSON, JEREMY",PERCUSSION ENSEMBLE,Graduate,5,0,0.0%,,,,,,,,,,
2025,Fall,College of Fine Arts,MUS,57834,A,"GERLACH, PAUL",FUND MARCHING BAND,Graduate,2,0,0.0%,,,,,,,,,,
2025,Fall,College of Fine Arts,MUS,57839,A,"DUECK, JOCELYN",SPREZZATURA III,Graduate,2,1,50.0%,5.00,5.00,5.00,5.00,5.00,5.00,5.00,5.00,5.00,5.00
2025,Fall,College of Fine Arts,MUS,57856,A,"WALL, JANE",ELEM GUIDED TEACHING,Graduate,6,3,50.0%,6.00,5.00,5.00,5.00,5.00,5.00,5.00,5.00,5.00,5.00
2025,Fall,College of Fine Arts,MUS,57860,A,"GERLACH, PAUL",BRASS METHODS,Graduate,4,1,25.0%,5.00,4.00,5.00,4.00,4.00,3.00,3.00,4.00,4.00,4.00
2025,Fall,College of Fine Arts,MUS,57861,A,"EVANS, PAUL",PERCUSSION METHODS,Graduate,3,1,33.3%,2.00,5.00,5.00,5.00,5.00,5.00,5.00,5.00,5.00,5.00
2025,Fall,College of Fine Arts,MUS,57864,A1,"CHIESA, SARA",GRAD DICTION: FRENCH,Graduate,7,5,71.4%,7.40,5.00,5.00,5.00,5.00,5.00,5.00,5.00,5.00,5.00
2025,Fall,College of Fine Arts,MUS,57865,A2,"CHIESA, SARA",GRAD DICTION: GERMAN,Graduate,6,4,66.7%,5.75,5.00,5.00,5.00,5.00,5.00,5.00,5.00,5.00,5.00
2025,Fall,College of Fine Arts,MUS,57875,A,"WALL, JANE",MUSIC ELEM SCHOOL,Graduate,6,3,50.0%,6.00,5.00,5.00,5.00,5.00,5.00,5.00,5.00,5.00,5.00
2025,Fall,College of Fine Arts,MUS,57884,A2,"DUECK, JOCELYN",ECI MUS & AI,Graduate,4,1,25.0%,2.00,4.00,4.00,4.00,3.00,5.00,4.00,5.00,4.00,4.00
2025,Fall,College of Fine Arts,MUS,57885,A,"WOLOSHYN, ALEXA",HISTORY OF SYMPHONY,Graduate,12,4,33.3%,11.25,4.75,4.75,4.75,4.75,4.75,4.75,4.75,4.75,4.75
2025,Fall,College of Fine Arts,MUS,57889,A,"RAPONI, SUSAN",PRACTC TEACHNG ELEM,Graduate,2,1,50.0%,24.00,5.00,5.00,5.00,5.00,5.00,5.00,5.00,5.00,5.00
2025,Fall,College of Fine Arts,MUS,57890,A,"RAPONI, SUSAN",PRACTICE TEACHNG SEC,Graduate,2,1,50.0%,24.00,5.00,5.00,5.00,5.00,5.00,5.00,5.00,5.00,5.00
2025,Fall,College of Fine Arts,MUS,57891,A,"NEELY, Stephen",DALCR PDGY/PRA TEACH,Graduate,3,2,66.7%,3.50,4.50,3.50,4.00,4.00,5.00,4.00,5.00,4.00,4.00
2025,Fall,College of Fine Arts,MUS,57893,A,"STORY, STEPHEN",INTRO TO CONDUCTING,Graduate,2,1,50.0%,8.00,5.00,5.00,5.00,5.00,5.00,5.00,5.00,5.00,5.00
2025,Fall,College of Fine Arts,MUS,57901,A1,"HEATH, KRISTIN",MUSIC RSRCH MTHDS,Graduate,20,8,40.0%,5.00,5.00,5.00,5.00,4.88,5.00,5.00,5.00,4.88,4.88
2025,Fall,College of Fine Arts,MUS,57901,A2,"HEATH, KRISTIN",MUSIC RSRCH MTHDS,Graduate,21,3,14.3%,3.00,5.00,5.00,5.00,5.00,5.00,5.00,5.00,5.00,4.33
2025,Fall,College of Fine Arts,MUS,57902,A,"SAPA, EMILY",ALXDR TCHNQ MUSCNS,Graduate,7,6,85.7%,3.50,5.00,4.83,4.83,4.83,5.00,4.50,5.00,4.83,4.50
2025,Fall,College of Fine Arts,MUS,57903,A,"MOSKAL, ANNE",YOGA FOR MUSICIANS,Graduate,10,1,10.0%,2.00,5.00,5.00,5.00,5.00,5.00,5.00,5.00,5.00,5.00
2025,Fall,College of Fine Arts,MUS,57911,A,"WOLOSHYN, ALEXA",MUSIC SINCE 1945,Graduate,10,3,30.0%,5.00,5.00,5.00,5.00,5.00,5.00,5.00,5.00,5.00,5.00
2025,Fall,College of Fine Arts,MUS,57923,A,"CURTIS, DANIEL",REPERTOIRE ORCHSTRA,Graduate,12,3,25.0%,5.00,5.00,5.00,5.00,5.00,5.00,5.00,5.00,5.00,4.67
2025,Fall,College of Fine Arts,MUS,57925,A1,"SCHULTZ, STEPHEN",SYMPHONIES OF MAHLER,Graduate,16,4,25.0%,6.50,4.50,4.50,4.50,4.00,4.50,4.50,5.00,4.50,4.25
2025,Fall,College of Fine Arts,MUS,57930,A1,"SCHULTZ, STEPHEN",BAROQUE ENSEMBLE,Graduate,7,2,28.6%,5.00,5.00,5.00,5.00,5.00,5.00,5.00,5.00,5.00,5.00
2025,Fall,College of Fine Arts,MUS,57934,A,"RANDALL, RICHARD",ADV ANALYTCL TECHNQE,Graduate,7,3,42.9%,7.00,5.00,4.67,4.67,4.67,5.00,4.67,5.00,5.00,5.00
2025,Fall,College of Fine Arts,MUS,57944,A,"WHIPPLE, R. JAMES",PRINC COUNTERPOINT,Graduate,8,3,37.5%,6.00,4.67,4.00,4.33,3.67,4.33,4.33,5.00,4.33,4.33
2025,Fall,College of Fine Arts,MUS,57947,B1,"SCHULZ, RICCARDO",SOUND RECORDING,Graduate,5,3,60.0%,7.00,5.00,4.33,4.33,4.67,4.67,4.00,4.67,4.33,4.00
2025,Fall,College of Fine Arts,MUS,57947,C1,"SCHULZ, RICCARDO",SOUND RECORDING,Graduate,7,3,42.9%,4.00,5.00,5.00,5.00,5.00,5.00,5.00,5.00,5.00,5.00
2025,Fall,College of Fine Arts,MUS,57947,B2,"SCHULZ, RICCARDO",SOUND RECORDING,Graduate,3,1,33.3%,11.00,4.00,4.00,4.00,3.00,5.00,4.00,5.00,4.00,4.00
2025,Fall,College of Fine Arts,MUS,57948,A2,"SCHULZ, RICCARDO",SOUND EDIT & MASTERG,Graduate,7,3,42.9%,3.00,3.67,3.67,3.67,3.67,3.67,4.00,4.33,3.67,3.67
2025,Fall,College of Fine Arts,MUS,57948,B2,"SCHULZ, RICCARDO",SOUND EDIT & MASTERG,Graduate,3,0,0.0%,,,,,,,,,,
2025,Fall,College of Fine Arts,MUS,57950,A,"SCHULZ, RICCARDO",LIVE RECORDG LABORTY,Graduate,2,0,0.0%,,,,,,,,,,
2025,Fall,College of Fine Arts,MUS,57952,A,"SCHULZ, RICCARDO",STDO RECRD LABRTY,Graduate,3,0,0.0%,,,,,,,,,,
2025,Fall,College of Fine Arts,MUS,57965,A,"PUKINSKIS, KATHERINE",REP ANL MUS THEA,Graduate,14,6,42.9%,10.67,4.83,4.33,4.50,4.50,5.00,5.00,5.00,4.83,4.67
2025,Fall,College of Fine Arts,MUS,57970,A,"SCHULZ, RICCARDO",MUS AND TECH SEM,Graduate,9,0,0.0%,,,,,,,,,,
2025,Fall,College of Fine Arts,MUS,57981,A,"RAPONI, SUSAN",FNDTN PEDGY MUS EDU,Graduate,8,1,12.5%,5.00,5.00,5.00,5.00,5.00,5.00,5.00,5.00,5.00,5.00
2025,Fall,College of Fine Arts,MUS,57982,A,"RAPONI, SUSAN",RESEARCH IN MUSIC ED,Graduate,4,2,50.0%,8.00,5.00,4.00,4.50,5.00,5.00,5.00,5.00,5.00,5.00
2025,Fall,College of Fine Arts,MUS,57986,BB,"CHIU, FREDERIC",AMS STUDIO (INDIV),Graduate,2,1,50.0%,24.00,5.00,5.00,5.00,5.00,5.00,5.00,5.00,5.00,5.00
2025,Fall,College of Fine Arts,MUS,57986,LB,"HOWELL, JACK",AMS STUDIO (INDIV),Graduate,2,2,100.0%,17.50,5.00,4.50,4.50,4.50,5.00,4.50,5.00,5.00,5.00
2025,Fall,College of Fine Arts,MUS,57986,PA,"BERNTSEN, NEAL",AMS STUDIO (INDIV),Graduate,2,0,0.0%,,,,,,,,,,
2025,Fall,College of Fine Arts,MUS,57986,T,"EVANS, PAUL",AMS STUDIO (INDIV),Graduate,3,0,0.0%,,,,,,,,,,
2025,Fall,College of Fine Arts,MUS,57986,UB,"GALBRAITH, NANCY",AMS STUDIO (INDIV),Graduate,2,0,0.0%,,,,,,,,,,
2025,Fall,College of Fine Arts,MUS,57986,OB,"KOSTYNIAK, STEPHEN",AMS STUDIO (INDIV),Graduate,2,0,0.0%,,,,,,,,,,
2025,Fall,College of Fine Arts,MUS,57986,H,"HOWARD, MICAH",AMS STUDIO (INDIV),Graduate,3,0,0.0%,,,,,,,,,,
2025,Fall,College of Fine Arts,MUS,57986,F,"HARDING, DAVID",AMS STUDIO (INDIV),Graduate,2,0,0.0%,,,,,,,,,,
2025,Fall,College of Fine Arts,MUS,57986,QB,"DEE, JEFFREY",AMS STUDIO (INDIV),Graduate,2,0,0.0%,,,,,,,,,,
2025,Fall,College of Fine Arts,MUS,57986,EB,"VAN DER SLOOT, WILLIAM",AMS STUDIO (INDIV),Graduate,5,0,0.0%,,,,,,,,,,
2025,Fall,School of Computer Science,NSI,86631,A,"CHASE, STEVEN",NEURAL DATA ANALYS,Graduate,8,5,62.5%,9.80,4.60,5.00,4.80,4.00,4.80,5.00,4.80,4.60,4.80
2025,Fall,School of Computer Science,NSI,86675,A,"LEE, TAI-SING",COMPUTNL PERCPTION,Graduate,7,6,85.7%,12.17,4.67,4.67,4.50,4.67,4.67,4.67,4.83,4.50,4.67
2025,Fall,School of Computer Science,NSI,86752,A,"PITKOW, XAQ",PRINCIPLES NEUROAI,Graduate,18,12,66.7%,8.25,5.00,4.83,4.75,4.75,4.92,4.83,5.00,4.75,4.83
2025,Fall,Dietrich College of Humanities and Social Sciences,PHI,80100,3,"PAYNE, HARRISON",INTRO TO PHILOSOPHY,Undergraduate,59,25,42.4%,5.60,4.84,4.80,4.64,4.40,4.60,4.48,4.84,4.56,4.60
2025,Fall,Dietrich College of Humanities and Social Sciences,PHI,80100,1,"LEBEN, DEREK",INTRO TO PHILOSOPHY,Undergraduate,60,31,51.7%,5.58,4.55,4.55,4.55,3.97,4.55,4.71,4.35,4.58,4.48
2025,Fall,Dietrich College of Humanities and Social Sciences,PHI,80100,2,"MOHSENI, AYDIN",INTRO TO PHILOSOPHY,Undergraduate,59,24,40.7%,4.25,4.83,4.83,4.92,4.38,4.75,4.79,4.96,4.75,4.71
2025,Fall,Dietrich College of Humanities and Social Sciences,PHI,80130,1,"GRAY, DERRICK",INTRO TO ETHICS,Undergraduate,29,13,44.8%,9.00,4.38,4.46,4.62,4.46,4.54,4.69,4.54,4.77,4.62
2025,Fall,Dietrich College of Humanities and Social Sciences,PHI,80180,W,"GOMEZ LAICH, MARIA PIA",INTRO LINGUISTICS,Undergraduate,5,4,80.0%,10.25,5.00,4.75,4.75,5.00,5.00,4.75,5.00,5.00,4.75
2025,Fall,Dietrich College of Humanities and Social Sciences,PHI,80180,A,"WERNER, TOM",INTRO LINGUISTICS,Undergraduate,87,47,54.0%,6.21,3.85,3.32,3.40,3.51,3.81,3.28,4.38,3.23,3.19
2025,Fall,Dietrich College of Humanities and Social Sciences,PHI,80210,W,"KHARE, NIRAJ",LOGIC AND PROOFS,Undergraduate,38,16,42.1%,7.44,4.75,4.44,4.50,4.50,4.63,4.63,4.63,4.50,4.56
2025,Fall,Dietrich College of Humanities and Social Sciences,PHI,80210,A,"FECHTNER, Hannah",LOGIC AND PROOFS,Undergraduate,16,9,56.3%,6.00,4.78,5.00,4.78,5.00,4.78,4.88,5.00,5.00,5.00
2025,Fall,Dietrich College of Humanities and Social Sciences,PHI,80210,B,"FECHTNER, Hannah",LOGIC AND PROOFS,Undergraduate,14,6,42.9%,4.50,4.50,4.17,4.00,4.17,3.83,3.83,4.50,4.33,3.83
2025,Fall,Dietrich College of Humanities and Social Sciences,PHI,80244,A,"GRAY, DERRICK",ENVIRONMENTAL ETHICS,Undergraduate,29,17,58.6%,6.06,4.53,4.65,4.35,4.53,4.71,4.76,4.82,4.71,4.65
2025,Fall,Dietrich College of Humanities and Social Sciences,PHI,80249,A,"GUNTHER, MARIO",AI SOC HUMANITY,Undergraduate,110,41,37.3%,6.10,4.00,4.00,3.92,3.38,4.17,4.00,3.95,3.74,3.79
2025,Fall,Dietrich College of Humanities and Social Sciences,PHI,80250,A,"STROM, GREGORY",ANCIENT PHILOSOPHY,Undergraduate,31,15,48.4%,6.20,4.73,4.40,4.27,3.87,4.47,4.80,4.73,4.67,4.47
2025,Fall,Dietrich College of Humanities and Social Sciences,PHI,80255,A,"WALSH, Patrick",PRAGMATISM,Undergraduate,25,23,92.0%,5.39,4.96,4.83,4.91,4.74,4.91,4.96,5.00,5.00,5.00
2025,Fall,Dietrich College of Humanities and Social Sciences,PHI,80276,A,"KELLY, KEVIN",PHILOSOPHY OF RELGN,Undergraduate,12,2,16.7%,9.50,4.50,3.00,4.00,4.50,3.50,4.00,4.50,4.00,3.50
2025,Fall,Dietrich College of Humanities and Social Sciences,PHI,80287,A,"BJORNDAHL, CHRISTINA",LANG VAR CHANGE,Undergraduate,19,10,52.6%,8.60,4.80,3.50,4.10,3.80,4.60,4.30,4.30,4.40,4.10
2025,Fall,Dietrich College of Humanities and Social Sciences,PHI,80288,A,"SIMONS, MANDY",INTONATION,Undergraduate,5,1,20.0%,8.00,5.00,5.00,5.00,5.00,4.00,5.00,5.00,5.00,5.00
2025,Fall,Dietrich College of Humanities and Social Sciences,PHI,80305,A,"BJORNDAHL, ADAM",GAME THEORY,Undergraduate,36,16,44.4%,8.44,4.56,4.63,4.56,4.25,4.44,4.44,4.56,4.56,4.50
2025,Fall,Dietrich College of Humanities and Social Sciences,PHI,80310,A,"MIERZEWSKI, KRZYSZTOF",FORMAL LOGIC,Undergraduate,9,5,55.6%,8.60,5.00,5.00,5.00,5.00,4.80,4.80,5.00,4.80,5.00
2025,Fall,Dietrich College of Humanities and Social Sciences,PHI,80324,A,"ZOLLMAN, KEVIN",PHILOSOPHY ECONOMCS,Undergraduate,35,14,40.0%,6.93,4.29,4.31,4.08,3.92,4.33,4.58,4.50,4.17,4.17
2025,Fall,Dietrich College of Humanities and Social Sciences,PHI,80325,A,"ZHANG, KUN",FDN CAUS MACH LEARN,Undergraduate,5,2,40.0%,5.00,4.50,4.50,4.50,3.50,4.00,4.50,4.50,4.50,4.50
2025,Fall,Dietrich College of Humanities and Social Sciences,PHI,80334,W,"BASSFORD, ANDREW",SOC AND POL PHIL,Undergraduate,38,25,65.8%,7.04,4.96,4.92,4.84,4.80,4.76,4.92,4.88,4.88,4.84
2025,Fall,Dietrich College of Humanities and Social Sciences,PHI,80335,A,"WENNER, DANIELLE",SOC POL PHILO,Undergraduate,21,8,38.1%,7.63,4.88,4.88,4.75,4.75,5.00,5.00,4.88,4.88,4.75
2025,Fall,Dietrich College of Humanities and Social Sciences,PHI,80381,A,"WERNER, TOM",MEANING IN LANGUAGE,Undergraduate,11,4,36.4%,4.25,5.00,4.75,4.75,5.00,4.75,5.00,5.00,4.75,4.75
2025,Fall,Dietrich College of Humanities and Social Sciences,PHI,80413,A,"BARTON, REID",CATEGORY THEORY,Undergraduate,23,8,34.8%,11.50,4.25,4.25,4.00,3.75,3.50,3.88,4.63,3.75,3.75
2025,Fall,Dietrich College of Humanities and Social Sciences,PHI,80449,A,"WENNER, DANIELLE",EHPP CAPSTONE COURSE,Undergraduate,3,3,100.0%,10.00,4.67,4.00,5.00,5.00,4.67,4.33,4.67,4.67,4.67
2025,Fall,Dietrich College of Humanities and Social Sciences,PHI,80524,A,"KELLY, KEVIN",TOPICS IN FML EPIST,Undergraduate,6,2,33.3%,6.50,5.00,4.50,4.00,3.00,5.00,3.50,5.00,4.50,4.50
2025,Fall,Dietrich College of Humanities and Social Sciences,PHI,80600,A,"GRAY, DERRICK",PHILOSOPHY CR SEMINR,Graduate,6,5,83.3%,7.40,4.80,4.80,4.20,4.40,3.60,4.80,5.00,4.80,4.40
2025,Fall,Dietrich College of Humanities and Social Sciences,PHI,80601,A2,"MIERZEWSKI, KRZYSZTOF",FMM: ALGEBRAIC LOGIC,Graduate,7,3,42.9%,6.00,4.33,4.67,4.33,4.00,4.33,4.33,5.00,4.33,4.00
2025,Fall,Dietrich College of Humanities and Social Sciences,PHI,80605,A,"BJORNDAHL, ADAM",GAME THEORY,Graduate,12,7,58.3%,11.43,4.86,4.57,4.71,4.43,4.57,4.71,5.00,5.00,4.71
2025,Fall,Dietrich College of Humanities and Social Sciences,PHI,80610,A,"MIERZEWSKI, KRZYSZTOF",FORMAL LOGIC,Graduate,2,2,100.0%,8.00,5.00,5.00,5.00,5.00,5.00,5.00,5.00,5.00,5.00
2025,Fall,Dietrich College of Humanities and Social Sciences,PHI,80616,A1,"SEIDENFELD, TEDDY",FMM: DEC GAMES,Graduate,5,3,60.0%,8.00,5.00,4.33,3.67,5.00,4.67,4.33,5.00,4.33,4.33
2025,Fall,Dietrich College of Humanities and Social Sciences,PHI,80617,A2,"ZHANG, KUN",FMM PROB CAUS LEARN,Graduate,4,1,25.0%,5.00,5.00,5.00,5.00,5.00,5.00,5.00,5.00,5.00,5.00
2025,Fall,Dietrich College of Humanities and Social Sciences,PHI,80624,A,"ZOLLMAN, KEVIN",PHILOSOPHY ECONOMICS,Graduate,2,1,50.0%,5.00,5.00,5.00,5.00,5.00,5.00,5.00,5.00,5.00,5.00
2025,Fall,Dietrich College of Humanities and Social Sciences,PHI,80625,A,"ZHANG, KUN",FDN CAUS MACH LEARN,Graduate,3,2,66.7%,6.50,5.00,4.00,4.00,4.50,4.50,5.00,5.00,4.50,4.50
2025,Fall,Dietrich College of Humanities and Social Sciences,PHI,80629,A,"SPIRTES, PETER",PHIL AND CAUSATION,Graduate,6,3,50.0%,7.00,4.00,3.33,3.67,4.33,4.67,3.67,4.67,3.67,4.33
2025,Fall,Dietrich College of Humanities and Social Sciences,PHI,80635,A,"WENNER, DANIELLE",SOC POL PHILO,Graduate,3,0,0.0%,,,,,,,,,,
2025,Fall,Dietrich College of Humanities and Social Sciences,PHI,80681,A,"WERNER, TOM",MEANING IN LANGUAGE,Graduate,2,0,0.0%,,,,,,,,,,
2025,Fall,Dietrich College of Humanities and Social Sciences,PHI,80713,A,"BARTON, REID",CATEGORY THEORY,Graduate,15,4,26.7%,13.50,4.50,4.75,4.25,3.25,4.25,4.25,5.00,4.25,4.00
2025,Fall,Dietrich College of Humanities and Social Sciences,PHI,80715,A,"AWODEY, STEVE",SEM HOMOTPY TYP THRY,Graduate,4,0,0.0%,,,,,,,,,,
2025,Fall,Dietrich College of Humanities and Social Sciences,PHI,80824,A,"KELLY, KEVIN",TOPICS IN FML EPIST,Graduate,2,1,50.0%,8.00,3.00,3.00,4.00,5.00,5.00,5.00,5.00,4.00,4.00
2025,Fall,Dietrich College of Humanities and Social Sciences,PHI,80832,A,"KASIRZADEH, ATOOSA",SEM ON ETHICS AND AI,Graduate,3,1,33.3%,11.00,5.00,5.00,5.00,5.00,5.00,5.00,5.00,5.00,5.00
2025,Fall,Dietrich College of Humanities and Social Sciences,PHI,80836,A,"LONDON, ALEX",TOPICS:ETHICS FOR AI,Graduate,4,2,50.0%,11.00,5.00,5.00,5.00,5.00,5.00,5.00,5.00,5.00,5.00
2025,Fall,Dietrich College of Humanities and Social Sciences,PHI,80880,A,"SIMONS, MANDY",SEMR PHILOSOPHY LANG,Graduate,2,1,50.0%,5.00,5.00,5.00,5.00,5.00,5.00,5.00,5.00,5.00,5.00
2025,Fall,Mellon College of Science,PHY,33100,2,"LACHANCE, Patrick",BASC EXPERMTL PHYSCS,Undergraduate,39,18,46.2%,5.67,4.50,4.44,4.39,4.33,4.33,4.39,4.83,4.50,4.00
2025,Fall,Mellon College of Science,PHY,33100,1,"SINGH, SIMRANJEET",BASC EXPERMTL PHYSCS,Undergraduate,32,10,31.3%,6.20,3.60,3.80,3.60,3.40,3.30,3.50,4.30,3.50,3.30
2025,Fall,Mellon College of Science,PHY,33104,4,"DUTTA, VALENTINA",EXPERIMNTL PHYSICS,Undergraduate,38,11,28.9%,8.60,4.30,4.10,4.20,4.00,4.10,4.00,4.40,4.10,4.10
2025,Fall,Mellon College of Science,PHY,33104,2,"MULLAN, BRENDAN",EXPERIMNTL PHYSICS,Undergraduate,14,8,57.1%,8.13,4.38,4.13,4.63,4.50,4.50,4.50,4.63,4.38,4.00
2025,Fall,Mellon College of Science,PHY,33104,5,"SHI, SUFEI",EXPERIMNTL PHYSICS,Undergraduate,21,8,38.1%,7.63,4.00,3.75,3.63,3.38,3.88,3.88,4.75,3.63,3.75
2025,Fall,Mellon College of Science,PHY,33104,1,"ANDERSON, DAVID",EXPERIMNTL PHYSICS,Undergraduate,40,14,35.0%,6.50,4.77,4.62,4.77,4.92,4.69,4.77,4.92,4.85,4.92
2025,Fall,Mellon College of Science,PHY,33104,3,"MAJETICH, SARA",EXPERIMNTL PHYSICS,Undergraduate,26,13,50.0%,10.54,4.00,3.23,3.92,3.85,4.31,4.00,4.00,3.23,3.31
2025,Fall,Mellon College of Science,PHY,33115,1,"MANDAL, Sayan",PHYC FTR PRESIDENTS,Undergraduate,14,4,28.6%,4.25,4.75,4.75,4.25,4.50,4.75,4.25,4.50,4.25,4.00
2025,Fall,Mellon College of Science,PHY,33115,A,"MARTINEZ RODRIGUEZ, IRVIN",PHYC FTR PRESIDENTS,Undergraduate,7,1,14.3%,2.00,4.00,4.00,4.00,4.00,4.00,4.00,4.00,4.00,4.00
2025,Fall,Mellon College of Science,PHY,33115,B,"MARTINEZ RODRIGUEZ, IRVIN",PHYC FTR PRESIDENTS,Undergraduate,7,2,28.6%,5.00,5.00,5.00,5.00,5.00,5.00,5.00,5.00,5.00,3.50
2025,Fall,Mellon College of Science,PHY,33120,A,"LUOKKALA, BARRY",SCI & SCIENCE FICTN,Undergraduate,103,34,33.0%,4.82,4.74,4.82,4.82,4.65,4.71,4.82,4.85,4.79,4.76
2025,Fall,Mellon College of Science,PHY,33121,W,"ZAYED, MOHAMED",PHYSICS SCI STUD I,Undergraduate,8,5,62.5%,12.20,4.20,4.60,4.00,3.80,4.40,4.40,4.80,4.20,4.00
2025,Fall,Mellon College of Science,PHY,33121,1,"RYAN, GILLIAN",PHYSICS SCI STUD I,Undergraduate,82,37,45.1%,10.16,3.59,4.14,3.89,3.30,3.54,3.86,3.62,3.38,3.43
2025,Fall,Mellon College of Science,PHY,33122,1,"SI, FANGWEI",PHY II BIO & CHEM ST,Undergraduate,27,11,40.7%,9.18,3.45,3.18,3.18,3.00,3.91,2.91,4.27,2.91,2.91
2025,Fall,Mellon College of Science,PHY,33122,1,"GAROFF, STEPHEN",PHY II BIO & CHEM ST,Undergraduate,27,11,40.7%,9.45,3.91,3.45,3.64,3.18,3.82,2.82,4.45,3.00,2.73
2025,Fall,Mellon College of Science,PHY,33124,1,"CROFT, RUPERT",INTRO TO ASTRONOMY,Undergraduate,118,59,50.0%,5.10,4.59,4.59,4.61,4.39,4.69,4.73,4.75,4.60,4.66
2025,Fall,Mellon College of Science,PHY,33124,W,"ZAYED, MOHAMED",INTRO TO ASTRONOMY,Undergraduate,33,22,66.7%,8.00,4.45,4.23,4.32,4.05,4.23,4.27,4.68,4.36,4.18
2025,Fall,Mellon College of Science,PHY,33141,1,"ANDERSON, DAVID",PHY I ENG STUD,Undergraduate,228,111,48.7%,8.82,4.73,4.51,4.55,4.25,4.60,4.60,4.72,4.58,4.44
2025,Fall,Mellon College of Science,PHY,33142,1,"COLLINS, HAEL",PHY II ENG & PHY,Undergraduate,104,52,50.0%,10.27,4.22,3.98,4.14,3.78,4.14,3.94,4.31,3.88,3.65
2025,Fall,Mellon College of Science,PHY,33151,1,"PARNO, DIANA",MATTR & INTERACTNS 1,Undergraduate,43,37,86.0%,9.22,4.73,4.65,4.57,4.62,4.76,4.65,4.84,4.54,4.68
2025,Fall,Mellon College of Science,PHY,33201,A,"RYAN, GILLIAN",PHY SOPH COLLOQM I,Undergraduate,40,18,45.0%,2.00,4.50,4.44,4.56,4.22,4.50,4.39,4.33,4.39,4.11
2025,Fall,Mellon College of Science,PHY,33201,A,"PAULINI, MANFRED",PHY SOPH COLLOQM I,Undergraduate,40,18,45.0%,2.00,4.50,4.56,4.56,4.33,4.50,4.50,4.61,4.56,4.17
2025,Fall,Mellon College of Science,PHY,33211,A,"DESERNO, MARKUS",PHYS III: MOD ESSENT,Undergraduate,44,18,40.9%,13.00,4.39,4.28,4.11,3.83,4.28,4.06,4.28,3.94,3.89
2025,Fall,Mellon College of Science,PHY,33224,1,"MANDAL, Sayan",STRS GLXS & UNIVERSE,Undergraduate,19,9,47.4%,9.33,4.56,4.00,4.00,3.89,4.44,4.22,4.78,4.11,4.11
2025,Fall,Mellon College of Science,PHY,33225,A,"KATOCH, JYOTI",QUANTM PHY STRUC MAT,Undergraduate,11,7,63.6%,10.14,4.71,4.71,4.57,4.57,4.86,4.29,5.00,4.43,4.43
2025,Fall,Mellon College of Science,PHY,33231,A,"BRIERE, ROY",PHYSICAL ANALYSIS,Undergraduate,43,19,44.2%,11.32,3.79,3.63,3.95,3.32,4.26,3.95,3.58,3.63,3.63
2025,Fall,Mellon College of Science,PHY,33241,A,"TRAC, HY",INTR CMPTNL PHYSICS,Undergraduate,22,11,50.0%,9.91,4.55,4.55,4.45,3.55,4.64,4.27,4.45,4.27,4.18
2025,Fall,Mellon College of Science,PHY,33301,A,"ROTHSTEIN, IRA",PHY UPPER COLLOQM I,Undergraduate,43,15,34.9%,2.00,3.86,3.85,3.77,3.69,3.69,3.69,3.77,3.85,3.64
2025,Fall,Mellon College of Science,PHY,33301,A,"MAJETICH, SARA",PHY UPPER COLLOQM I,Undergraduate,43,15,34.9%,2.00,4.00,4.00,3.79,3.64,3.71,3.64,3.86,3.86,3.64
2025,Fall,Mellon College of Science,PHY,33331,A,"MEYER, CURTIS",PHYSCL MECHANICS I,Undergraduate,41,38,92.7%,8.95,4.53,4.39,4.26,4.29,4.21,4.03,4.71,4.11,4.08
2025,Fall,Mellon College of Science,PHY,33338,A,"MORNINGSTAR, COLIN",INTRM ELEC & MAG I,Undergraduate,34,30,88.2%,10.80,4.07,4.33,4.30,3.60,4.03,4.20,4.27,4.00,3.97
2025,Fall,Mellon College of Science,PHY,33340,1,"ALISON, JOHN",MODERN PHYSICS LAB,Undergraduate,8,6,75.0%,12.80,2.60,2.60,2.60,2.60,3.20,2.60,2.80,2.60,3.00
2025,Fall,Mellon College of Science,PHY,33340,1,"MULLAN, BRENDAN",MODERN PHYSICS LAB,Undergraduate,8,6,75.0%,12.80,4.80,4.40,4.40,4.60,4.60,4.60,4.80,4.60,3.80
2025,Fall,Mellon College of Science,PHY,33341,A,"ROSEN, RACHEL",THERMAL PHYSICS I,Undergraduate,48,21,43.8%,7.71,4.33,4.33,4.38,3.86,4.33,4.10,4.57,4.29,3.86
2025,Fall,Mellon College of Science,PHY,33355,1,"HUNT, BENJAMIN",NANOSCI NANOTECH,Undergraduate,5,2,40.0%,8.00,5.00,5.00,5.00,5.00,5.00,5.00,5.00,5.00,5.00
2025,Fall,Mellon College of Science,PHY,33445,A,"COLLINS, HAEL",ADV QUANTUM PHYSCS I,Undergraduate,22,15,68.2%,11.00,4.80,4.71,4.71,4.36,4.57,4.64,4.79,4.71,4.40
2025,Fall,Mellon College of Science,PHY,33650,A,"DI MATTEO, TIZIANA",GENERAL RELATIVITY,Graduate,7,4,57.1%,14.25,5.00,5.00,5.00,5.00,5.00,4.75,5.00,5.00,5.00
2025,Fall,Mellon College of Science,PHY,33658,A,"WIDOM, MICHAEL",QUANTUM COMPUTATION,Graduate,9,8,88.9%,9.13,4.38,3.75,3.75,3.38,4.00,3.50,4.75,3.63,3.50
2025,Fall,Mellon College of Science,PHY,33755,A,"TARNOPOLSKIY, GRIGORY",QUANTUM MECHANICS I,Graduate,11,8,72.7%,9.50,4.88,4.88,4.88,4.88,4.88,5.00,4.88,5.00,5.00
2025,Fall,Mellon College of Science,PHY,33757,A,"ROSEN, RACHEL",CLASSICAL MECHANICS,Graduate,9,3,33.3%,11.00,4.67,4.67,4.67,4.33,4.33,5.00,5.00,5.00,5.00
2025,Fall,Mellon College of Science,PHY,33761,A,"KAHNIASHVILI, TINA",CLASSCL ELCTRODYN I,Graduate,11,8,72.7%,9.13,4.13,4.00,4.13,4.00,4.25,4.00,4.75,3.88,4.13
2025,Fall,Mellon College of Science,PHY,33769,A,"ROTHSTEIN, IRA",QNTM MC III:BDY RELV,Graduate,4,2,50.0%,12.50,5.00,3.00,5.00,4.00,5.00,4.00,5.00,4.00,4.00
2025,Fall,Mellon College of Science,PHY,33775,A,"DESERNO, MARKUS",INTRO TO RESEARCH 1,Graduate,11,6,54.5%,11.67,5.00,4.83,4.67,4.67,5.00,5.00,5.00,5.00,5.00
2025,Fall,Mellon College of Science,PHY,33777,A,"PALMESE, ANTONELLA",INTRODTY ASTRPHYSICS,Graduate,6,1,16.7%,11.00,5.00,5.00,3.00,5.00,5.00,5.00,5.00,5.00,5.00
2025,Fall,Mellon College of Science,PHY,33779,A,"CREMONESI, MATTEO",INTR NUC PRTCL PHYS,Graduate,10,4,40.0%,7.25,5.00,4.75,5.00,4.50,5.00,4.50,5.00,4.75,4.50
2025,Fall,Mellon College of Science,PHY,33783,A,"KOZII, VLADYSLAV",SOLID STATE PHYSICS,Graduate,10,4,40.0%,11.00,4.75,5.00,4.75,4.50,4.75,5.00,5.00,4.75,4.75
2025,Fall,Heinz College,PPP,90401,A1,"FRANKO, GARY",MEDIA & COMM DSGN I,Undergraduate,4,0,0.0%,,,,,,,,,,
2025,Fall,Heinz College,PPP,90403,A2,"BORZUTZKY, SILVIA",GEN POLTC POL US WLD,Undergraduate,4,2,50.0%,5.00,5.00,5.00,5.00,5.00,5.00,5.00,5.00,5.00,5.00
2025,Fall,Heinz College,PPP,90404,A1,"BORZUTZKY, SILVIA",POV RED SOC POLICIES,Undergraduate,5,4,80.0%,7.25,5.00,4.50,4.75,4.75,5.00,5.00,5.00,5.00,4.75
2025,Fall,Heinz College,PPP,90436,A1,"APPLE, REBEKAH",HEALTH SYSTEMS,Undergraduate,4,3,75.0%,5.00,4.67,4.67,4.67,4.33,4.67,4.67,4.67,4.67,4.67
2025,Fall,Heinz College,PPP,90702,A2,"BORZUTZKY, SILVIA",POV RED & SOC POL,Graduate,14,10,71.4%,7.40,4.70,4.80,5.00,4.50,5.00,4.50,5.00,4.60,4.70
2025,Fall,Heinz College,PPP,90703,A2,"BORZUTZKY, SILVIA",GEN POLTC POL US WLD,Graduate,11,11,100.0%,6.36,4.82,4.55,4.64,4.55,5.00,4.73,5.00,4.73,4.73
2025,Fall,Heinz College,PPP,90704,A1,"BORZUTZKY, SILVIA",POV RED SOC POLICIES,Graduate,13,11,84.6%,4.73,4.91,4.73,4.73,4.64,5.00,4.91,5.00,4.91,4.73
2025,Fall,Heinz College,PPP,90707,A,"MATTIACE, JOHN",STAT REASONING,Graduate,35,29,82.9%,8.97,3.86,3.41,3.45,3.41,3.38,3.31,4.41,3.31,3.17
2025,Fall,Heinz College,PPP,90707,B,"MATTIACE, JOHN",STAT REASONING,Graduate,41,20,48.8%,8.20,3.80,3.75,3.70,3.35,3.85,3.50,4.45,3.55,3.55
2025,Fall,Heinz College,PPP,90708,A,"ADAMS, PETER",INT THY PRAC POL ANL,Graduate,8,6,75.0%,11.50,4.67,4.33,4.67,4.50,4.83,4.83,5.00,4.50,4.67
2025,Fall,Heinz College,PPP,90709,B,"KOENIG, FELIX",INTERMDTE ECON ANLYS,Graduate,11,8,72.7%,8.50,4.88,4.25,4.50,4.25,4.88,4.63,5.00,4.50,4.38
2025,Fall,Heinz College,PPP,90710,A,"TAYLOR, LOWELL",APPL ECON ANALYSIS,Graduate,52,34,65.4%,8.38,4.88,4.85,4.74,4.44,4.88,4.88,4.94,4.88,4.68
2025,Fall,Heinz College,PPP,90710,B,"TAYLOR, LOWELL",APPL ECON ANALYSIS,Graduate,47,34,72.3%,8.88,4.91,4.88,4.88,4.53,4.88,4.88,4.91,4.91,4.82
2025,Fall,Heinz College,PPP,90711,A,"MONTANA, Erika",STAT REASON WITH R,Graduate,39,18,46.2%,12.44,4.17,4.06,4.17,4.06,4.28,4.06,4.61,3.89,3.44
2025,Fall,Heinz College,PPP,90711,B,"MONTANA, Erika",STAT REASON WITH R,Graduate,17,12,70.6%,11.33,3.64,2.92,3.50,3.00,3.42,2.83,4.08,2.83,2.67
2025,Fall,Heinz College,PPP,90717,F2,"FITZSIMMONS, REBEKAH",WRTNG PUBLIC POLICY,Graduate,24,16,66.7%,11.19,4.56,4.31,4.44,4.63,4.56,4.56,4.75,4.38,4.38
2025,Fall,Heinz College,PPP,90717,A1,"FITZSIMMONS, REBEKAH",WRTNG PUBLIC POLICY,Graduate,22,13,59.1%,8.31,4.77,4.38,4.62,4.69,4.46,4.54,4.77,4.69,4.38
2025,Fall,Heinz College,PPP,90717,D2,"ROSENBERG, STACY",WRTNG PUBLIC POLICY,Graduate,24,16,66.7%,6.13,4.44,4.75,4.75,4.50,4.50,4.69,4.56,4.44,4.38
2025,Fall,Heinz College,PPP,90718,A2,"ROSENBERG, STACY",STRTGC PRSNTN SKILLS,Graduate,12,11,91.7%,5.55,5.00,4.91,5.00,5.00,5.00,5.00,5.00,5.00,4.82
2025,Fall,Heinz College,PPP,90718,B2,"ROSENBERG, STACY",STRTGC PRSNTN SKILLS,Graduate,9,6,66.7%,5.00,4.67,4.83,4.83,4.83,4.83,4.67,4.67,4.83,4.67
2025,Fall,Heinz College,PPP,90718,D1,"ROSENBERG, STACY",STRTGC PRSNTN SKILLS,Graduate,12,6,50.0%,6.50,5.00,4.67,4.83,5.00,5.00,4.83,4.67,4.50,4.50
2025,Fall,Heinz College,PPP,90718,E1,"ROSENBERG, STACY",STRTGC PRSNTN SKILLS,Graduate,12,9,75.0%,6.67,4.89,5.00,5.00,5.00,5.00,5.00,4.89,5.00,5.00
2025,Fall,Heinz College,PPP,90718,G2,"FITZSIMMONS, REBEKAH",STRTGC PRSNTN SKILLS,Graduate,11,8,72.7%,8.00,5.00,5.00,5.00,5.00,5.00,5.00,5.00,5.00,5.00
2025,Fall,Heinz College,PPP,90718,H2,"FITZSIMMONS, REBEKAH",STRTGC PRSNTN SKILLS,Graduate,11,8,72.7%,8.38,4.38,4.63,4.63,4.63,4.75,4.75,4.75,4.38,4.25
2025,Fall,Heinz College,PPP,90718,C1,"MASSARO, HAYLEE",STRTGC PRSNTN SKILLS,Graduate,11,8,72.7%,5.38,4.88,4.75,4.75,4.88,4.75,4.63,5.00,4.88,4.63
2025,Fall,Heinz College,PPP,90723,A2,"GOGOLAK, WILLIAM",FIN STATEMTS ANALYS,Graduate,25,14,56.0%,5.64,3.43,3.00,3.29,2.54,3.79,3.07,4.07,3.21,3.00
2025,Fall,Heinz College,PPP,90723,C1,"STEPHENSON, Jill",FIN STATEMTS ANALYS,Graduate,29,26,89.7%,7.42,4.88,4.77,4.73,4.54,4.85,4.73,4.92,4.85,4.50
2025,Fall,Heinz College,PPP,90736,A,"STRAUSS, ROBERT",PUBLIC FINANCE,Graduate,3,0,0.0%,,,,,,,,,,
2025,Fall,Heinz College,PPP,90746,A,"SAMARAS, CONSTANTINOS",AI ENG & POL CLIM MT,Graduate,2,2,100.0%,6.50,5.00,4.50,5.00,4.50,5.00,5.00,5.00,4.50,4.50
2025,Fall,Heinz College,PPP,90747,A2,"GOGOLAK, WILLIAM",COST BENEFIT ANALYS,Graduate,17,7,41.2%,6.29,4.00,3.43,3.57,3.71,4.00,3.43,5.00,3.29,3.43
2025,Fall,Heinz College,PPP,90748,A2,"LINK, THOMAS",REAL EST DEVLPMENT,Graduate,15,9,60.0%,8.78,4.44,4.11,4.22,4.22,4.33,4.33,4.67,4.22,4.22
2025,Fall,Heinz College,PPP,90752,A,"BRANSTETTER, LEE",RISE ASIAN ECON,Graduate,12,8,66.7%,7.63,4.88,4.75,4.88,4.88,5.00,5.00,5.00,4.88,5.00
2025,Fall,Heinz College,PPP,90777,B1,"BEN-MICHAEL, ELI",ACCELERATED STATS,Graduate,24,19,79.2%,11.21,3.42,3.11,3.63,3.11,3.68,3.11,3.89,3.00,3.11
2025,Fall,Heinz College,PPP,90777,A1,"GARIN, ANDREW",ACCELERATED STATS,Graduate,27,19,70.4%,9.58,3.68,3.63,3.74,3.16,3.84,3.42,4.42,3.21,3.11
2025,Fall,Heinz College,PPP,90779,A,"SINGH, MANASVINI",HEALTH POL & DEC MKG,Graduate,5,4,80.0%,9.75,3.25,3.75,3.75,3.50,4.25,3.75,4.25,3.50,3.50
2025,Fall,Heinz College,PPP,90783,A2,"GORANSON, CHRISTOPHER",POLICY INNOV LAB,Graduate,20,12,60.0%,9.50,4.50,4.17,4.25,4.58,4.42,4.42,4.83,4.42,4.08
2025,Fall,Heinz College,PPP,90798,A,"MEHALIK, MATTHEW",SYS ANA ENVIR POLICY,Graduate,12,11,91.7%,8.55,5.00,4.82,4.82,5.00,4.73,4.73,5.00,4.82,4.82
2025,Fall,Heinz College,PPP,90800,A2,"SIMKO, MICHAEL",DATA VIZ PYTHON,Graduate,24,20,83.3%,4.10,2.80,3.20,2.75,2.35,2.80,2.40,3.65,2.25,2.30
2025,Fall,Heinz College,PPP,90800,B2,"SIMKO, MICHAEL",DATA VIZ PYTHON,Graduate,28,22,78.6%,5.55,3.86,3.82,3.64,3.23,3.68,3.41,4.18,3.27,2.86
2025,Fall,Heinz College,PPP,90801,A1,"FRANKO, GARY",MEDIA & COMM DSGN I,Graduate,10,7,70.0%,7.29,5.00,4.71,5.00,4.43,4.86,4.86,5.00,4.71,4.57
2025,Fall,Heinz College,PPP,90806,A,"CHAPMAN, GRETCHEN",BEHVL DECS MKG,Graduate,4,4,100.0%,6.50,4.50,4.50,4.25,3.75,4.25,4.50,4.50,4.50,3.75
2025,Fall,Heinz College,PPP,90808,A2,"KUPFER, JEFFREY",US ENERGY/CLI POLICY,Graduate,22,18,81.8%,8.67,4.00,3.78,3.89,3.94,4.56,3.94,4.22,3.94,4.00
2025,Fall,Heinz College,PPP,90810,A1,"BORZUTZKY, SILVIA",SOC MOVMNTS & CHANGE,Graduate,11,8,72.7%,6.13,5.00,4.63,4.75,4.88,5.00,4.88,5.00,4.88,4.88
2025,Fall,Heinz College,PPP,90812,A2,"SHERMAN, MARY",PYTHON PRG I,Graduate,35,15,42.9%,7.60,4.47,3.73,3.87,3.87,3.67,3.67,4.47,3.60,3.60
2025,Fall,Heinz College,PPP,90819,A1,"CHISHOLM, ALEX",PYTHON PRG II,Graduate,38,29,76.3%,9.97,4.62,4.55,4.62,4.59,4.72,4.48,4.79,4.62,4.59
2025,Fall,Heinz College,PPP,90823,W,"CASH, AMANDA",PROGRAM EVALUATION,Graduate,15,3,20.0%,7.00,4.00,2.33,3.67,2.67,4.00,4.00,4.67,3.33,3.00
2025,Fall,Heinz College,PPP,90829,W1,"GORANSON, CHRISTOPHER",DES THNK PUB POLICY,Graduate,15,9,60.0%,6.67,4.22,3.44,2.67,4.22,3.33,3.67,4.89,3.22,2.44
2025,Fall,Heinz College,PPP,90836,A1,"APPLE, REBEKAH",HEALTH SYSTEMS,Graduate,14,8,57.1%,7.25,5.00,4.75,4.88,4.50,5.00,4.88,4.75,4.88,4.88
2025,Fall,Heinz College,PPP,90838,A,"TU, XIAOYING",DATBSE MGT POL ANLY,Graduate,26,24,92.3%,10.04,4.88,4.92,4.92,4.83,4.78,4.92,4.88,4.92,4.96
2025,Fall,Heinz College,PPP,90838,B,"TU, XIAOYING",DATBSE MGT POL ANLY,Graduate,20,16,80.0%,9.88,4.94,4.94,4.94,4.75,4.88,4.88,4.88,4.94,4.63
2025,Fall,Heinz College,PPP,90855,W1,"RADZANOWSKI, DAVID",LEADSHP/MGT SEMINAR,Graduate,15,10,66.7%,4.40,4.70,4.60,4.50,4.50,4.70,4.50,4.80,4.60,4.60
2025,Fall,Heinz College,PPP,90872,A1,"SERMONS, M",USING R POL DATA ANA,Graduate,9,3,33.3%,6.00,3.33,3.00,3.67,3.33,4.00,2.33,4.33,3.33,3.00
2025,Fall,Heinz College,PPP,90872,W1,"SERMONS, M",USING R POL DATA ANA,Graduate,3,0,0.0%,,,,,,,,,,
2025,Fall,Heinz College,PPP,90874,A1,"VERTI, MICHAEL",SP TP:PRNC PRC MANGM,Graduate,3,1,33.3%,2.00,4.00,5.00,5.00,4.00,3.00,3.00,5.00,3.00,4.00
2025,Fall,Heinz College,PPP,90879,W,"MCCANNELL, RYAN",POLICY IN ACTION I,Graduate,15,3,20.0%,6.00,5.00,5.00,4.67,4.33,4.67,4.67,5.00,4.67,4.33
2025,Fall,Heinz College,PPP,90879,W,"MASCHINO, KARL",POLICY IN ACTION I,Graduate,15,3,20.0%,4.00,4.33,4.00,4.00,4.00,4.00,4.00,4.00,4.00,4.00
2025,Fall,Heinz College,PPP,90879,W,"MORRISSETTE, ERIC",POLICY IN ACTION I,Graduate,15,3,20.0%,7.00,4.67,4.33,4.33,4.33,5.00,4.67,4.67,4.67,4.33
2025,Fall,Heinz College,PPP,90880,A,"SCHWARDMANN, PETER",BEHAVIORAL ECONOMICS,Graduate,8,6,75.0%,9.17,4.50,4.50,4.33,4.17,4.50,4.50,4.50,4.33,4.33
2025,Fall,Heinz College,PPP,90894,W2,"MASCHINO, KARL",FEDERAL BUDGT POLICY,Graduate,15,3,20.0%,10.00,5.00,4.33,4.67,4.33,5.00,4.67,5.00,4.33,4.33
2025,Fall,Heinz College,PPP,90899,W,"MIDDLETON, LEKISHA",FELLOWSHIP,Graduate,15,3,20.0%,2.00,3.67,4.33,4.67,3.33,3.67,3.67,5.00,3.67,3.33
2025,Fall,Heinz College,PPP,90899,W,"COLEMAN, MARIE",FELLOWSHIP,Graduate,15,3,20.0%,2.00,3.67,4.33,3.33,3.67,3.33,4.00,4.33,3.67,3.00
2025,Fall,Heinz College,PPP,90901,A,"KOENIG, FELIX",PHD SEMINAR I,Graduate,13,8,61.5%,4.25,4.63,4.75,4.75,4.63,4.63,4.75,4.88,4.75,4.50
2025,Fall,Heinz College,PPP,90906,A,"GARIN, ANDREW",PHD ECONOMETRICS I,Graduate,17,11,64.7%,10.55,4.82,4.91,4.82,4.45,4.82,4.64,4.82,4.55,4.73
2025,Fall,Heinz College,PPP,90908,A,"KOVAK, BRIAN",PH D MICROECONOMICS,Graduate,18,17,94.4%,10.00,4.94,5.00,5.00,4.82,4.94,4.94,5.00,4.94,4.94
2025,Fall,Heinz College,PPP,90918,A,"KOENIG, FELIX",PHD SEMINAR III,Graduate,14,3,21.4%,7.00,5.00,4.67,5.00,4.67,5.00,4.67,5.00,4.67,5.00
2025,Fall,Heinz College,PROJECT,90739,H,"JOHNSON, Traci",SYSTMS SYNTHESIS I,Graduate,5,2,40.0%,11.50,5.00,5.00,5.00,5.00,5.00,5.00,5.00,5.00,5.00
2025,Fall,Heinz College,PROJECT,90739,C,"GOGOLAK, WILLIAM",SYSTMS SYNTHESIS I,Graduate,5,3,60.0%,8.00,3.67,3.67,4.00,3.67,3.67,3.67,4.33,3.67,3.33
2025,Fall,Heinz College,PROJECT,90739,E,"PALLITTO, JORDAN",SYSTMS SYNTHESIS I,Graduate,5,4,80.0%,5.00,4.75,4.75,5.00,5.00,4.75,4.75,5.00,4.75,5.00
2025,Fall,Heinz College,PROJECT,90739,A,"CRAWFORD, BRETT",SYSTMS SYNTHESIS I,Graduate,6,6,100.0%,20.33,4.50,4.00,4.00,4.17,4.00,4.33,4.67,4.00,4.00
2025,Fall,Heinz College,PROJECT,90739,J,"LI, Suzy",SYSTMS SYNTHESIS I,Graduate,5,2,40.0%,8.00,5.00,5.00,5.00,5.00,5.00,5.00,5.00,5.00,5.00
2025,Fall,Heinz College,PROJECT,90739,F,"VADLAMUDI, VIJAY",SYSTMS SYNTHESIS I,Graduate,4,2,50.0%,15.50,4.00,4.00,3.50,3.50,3.00,3.00,4.50,3.00,4.00
2025,Fall,Heinz College,PROJECT,90739,B,"ZWICKER, LAURA",SYSTMS SYNTHESIS I,Graduate,4,1,25.0%,21.00,5.00,5.00,5.00,5.00,5.00,5.00,5.00,5.00,5.00
2025,Fall,Heinz College,PROJECT,90739,G,"BORZUTZKY, SILVIA",SYSTMS SYNTHESIS I,Graduate,5,3,60.0%,9.00,5.00,5.00,5.00,5.00,5.00,5.00,5.00,5.00,4.67
2025,Fall,Heinz College,PROJECT,90739,I,"BORZUTZKY, SILVIA",SYSTMS SYNTHESIS I,Graduate,4,3,75.0%,6.00,5.00,5.00,5.00,5.00,5.00,5.00,5.00,5.00,4.33
2025,Fall,Heinz College,PROJECT,90739,D,"CAULKINS, JONATHAN",SYSTMS SYNTHESIS I,Graduate,5,1,20.0%,17.00,5.00,5.00,4.00,5.00,3.00,4.00,5.00,4.00,4.00
2025,Fall,Heinz College,PROJECT,93889,LE,"LIU, JUDY",CAPSTNE MGMNT PROJ I,Graduate,6,1,16.7%,5.00,4.00,5.00,5.00,4.00,4.00,4.00,5.00,4.00,4.00
2025,Fall,Heinz College,PROJECT,93889,LA,"GREEN, DANIEL",CAPSTNE MGMNT PROJ I,Graduate,5,1,20.0%,5.00,5.00,4.00,4.00,4.00,4.00,4.00,5.00,4.00,4.00
2025,Fall,Heinz College,PROJECT,93889,LB,"GREEN, DANIEL",CAPSTNE MGMNT PROJ I,Graduate,6,1,16.7%,5.00,5.00,5.00,5.00,5.00,5.00,5.00,5.00,5.00,5.00
2025,Fall,Heinz College,PROJECT,93889,LC,"GREEN, DANIEL",CAPSTNE MGMNT PROJ I,Graduate,6,1,16.7%,14.00,4.00,5.00,5.00,5.00,5.00,5.00,5.00,5.00,5.00
2025,Fall,Heinz College,PROJECT,93889,LD,"GREEN, DANIEL",CAPSTNE MGMNT PROJ I,Graduate,5,1,20.0%,11.00,5.00,3.00,3.00,3.00,3.00,4.00,5.00,3.00,1.00
2025,Fall,Heinz College,PROJECT,93889,LE,"GREEN, DANIEL",CAPSTNE MGMNT PROJ I,Graduate,6,1,16.7%,5.00,5.00,5.00,5.00,5.00,5.00,4.00,4.00,4.00,4.00
2025,Fall,Heinz College,PROJECT,93889,LF,"GREEN, DANIEL",CAPSTNE MGMNT PROJ I,Graduate,6,1,16.7%,24.00,5.00,3.00,4.00,3.00,3.00,4.00,5.00,5.00,3.00
2025,Fall,Heinz College,PROJECT,93889,LF,"STEIN, KEVIN",CAPSTNE MGMNT PROJ I,Graduate,6,1,16.7%,24.00,5.00,3.00,4.00,3.00,3.00,4.00,5.00,5.00,3.00
2025,Fall,Heinz College,PROJECT,93889,LD,"MEREDITH, THOMAS",CAPSTNE MGMNT PROJ I,Graduate,5,1,20.0%,11.00,3.00,2.00,3.00,2.00,1.00,1.00,5.00,2.00,1.00
2025,Fall,Heinz College,PROJECT,93889,LA,"GARNER, MICHAEL",CAPSTNE MGMNT PROJ I,Graduate,5,1,20.0%,5.00,5.00,5.00,4.00,5.00,5.00,4.00,4.00,4.00,4.00
2025,Fall,Heinz College,PROJECT,93889,LC,"EMILIO, ALISON",CAPSTNE MGMNT PROJ I,Graduate,6,1,16.7%,14.00,5.00,5.00,5.00,4.00,4.00,4.00,5.00,5.00,4.00
2025,Fall,Heinz College,PROJECT,93889,LB,"PAPON, LUCIENNE",CAPSTNE MGMNT PROJ I,Graduate,6,1,16.7%,5.00,5.00,5.00,5.00,5.00,5.00,5.00,5.00,5.00,5.00
2025,Fall,Heinz College,PROJECT,94739,D,"LUCAS, KIM",CAPSTONE PROJECT,Graduate,4,3,75.0%,10.00,5.00,5.00,5.00,5.00,5.00,5.00,5.00,5.00,5.00
2025,Fall,Heinz College,PROJECT,94739,B,"KOLOWITZ, BRIAN",CAPSTONE PROJECT,Graduate,4,4,100.0%,11.75,2.50,2.50,2.50,2.50,2.50,2.50,4.00,2.50,2.50
2025,Fall,Heinz College,PROJECT,94739,F,"NAGIN, DANIEL",CAPSTONE PROJECT,Graduate,5,0,0.0%,,,,,,,,,,
2025,Fall,Heinz College,PROJECT,94739,E,"QIAN, SEAN",CAPSTONE PROJECT,Graduate,4,3,75.0%,9.00,5.00,5.00,5.00,5.00,5.00,5.00,5.00,5.00,5.00
2025,Fall,Heinz College,PROJECT,94739,A,"PADMAN, REMA",CAPSTONE PROJECT,Graduate,4,0,0.0%,,,,,,,,,,
2025,Fall,Heinz College,PROJECT,94739,C,"PADMAN, REMA",CAPSTONE PROJECT,Graduate,4,2,50.0%,11.00,4.50,4.50,4.50,4.50,4.50,4.50,4.50,4.50,4.50
2025,Fall,Heinz College,PROJECT,94739,G,"PADMAN, REMA",CAPSTONE PROJECT,Graduate,6,1,16.7%,8.00,3.00,3.00,3.00,3.00,3.00,2.00,4.00,3.00,1.00
2025,Fall,Heinz College,PROJECT,95720,J,"CICCONE, JOHN",INFO SYSTEMS PROJECT,Graduate,5,1,20.0%,8.00,5.00,5.00,5.00,5.00,5.00,5.00,5.00,5.00,5.00
2025,Fall,Heinz College,PROJECT,95720,JJ,"CICCONE, JOHN",INFO SYSTEMS PROJECT,Graduate,5,2,40.0%,9.50,4.50,4.50,4.50,4.50,4.50,4.50,4.50,4.00,4.50
2025,Fall,Heinz College,PROJECT,95720,K,"CICCONE, JOHN",INFO SYSTEMS PROJECT,Graduate,5,1,20.0%,8.00,5.00,5.00,5.00,5.00,5.00,5.00,5.00,5.00,5.00
2025,Fall,Heinz College,PROJECT,95720,EE,"LASSMAN, DAVID",INFO SYSTEMS PROJECT,Graduate,5,4,80.0%,9.50,5.00,5.00,5.00,5.00,5.00,5.00,5.00,5.00,5.00
2025,Fall,Heinz College,PROJECT,95720,P,"LASSMAN, DAVID",INFO SYSTEMS PROJECT,Graduate,5,4,80.0%,9.50,4.50,4.50,4.25,4.75,4.75,4.25,5.00,4.50,4.50
2025,Fall,Heinz College,PROJECT,95720,I,"YASAR, HASAN",INFO SYSTEMS PROJECT,Graduate,5,3,60.0%,9.00,5.00,5.00,5.00,5.00,5.00,5.00,5.00,5.00,5.00
2025,Fall,Heinz College,PROJECT,95720,KK,"SMITH, JEREMY",INFO SYSTEMS PROJECT,Graduate,5,2,40.0%,11.00,5.00,5.00,5.00,5.00,5.00,5.00,5.00,5.00,5.00
2025,Fall,Heinz College,PROJECT,95720,DD,"DESANTIS, MARK",INFO SYSTEMS PROJECT,Graduate,5,3,60.0%,8.00,4.67,4.67,4.67,4.67,4.67,4.67,4.67,4.67,4.00
2025,Fall,Heinz College,PROJECT,95720,F,"DESANTIS, MARK",INFO SYSTEMS PROJECT,Graduate,5,1,20.0%,8.00,4.00,4.00,4.00,4.00,4.00,4.00,4.00,4.00,4.00
2025,Fall,Heinz College,PROJECT,95720,S,"MCCARTHY, MICHAEL",INFO SYSTEMS PROJECT,Graduate,5,3,60.0%,9.00,5.00,5.00,5.00,5.00,5.00,5.00,5.00,5.00,4.33
2025,Fall,Heinz College,PROJECT,95720,CC,"YUCEL, SAKIR",INFO SYSTEMS PROJECT,Graduate,5,3,60.0%,11.00,4.33,4.67,4.33,4.33,4.67,4.00,4.00,4.00,4.33
2025,Fall,Heinz College,PROJECT,95720,W,"YUCEL, SAKIR",INFO SYSTEMS PROJECT,Graduate,5,4,80.0%,9.50,4.50,4.50,4.75,4.50,4.75,4.75,4.75,4.75,4.25
2025,Fall,Heinz College,PROJECT,95720,N,"SMALLEY, RYAN",INFO SYSTEMS PROJECT,Graduate,5,2,40.0%,8.00,4.00,4.00,4.00,4.00,4.00,4.00,4.00,4.00,3.50
2025,Fall,Heinz College,PROJECT,95720,O,"SMALLEY, RYAN",INFO SYSTEMS PROJECT,Graduate,4,2,50.0%,11.00,5.00,5.00,5.00,5.00,5.00,5.00,5.00,5.00,5.00
2025,Fall,Heinz College,PROJECT,95720,V,"COSTA, DAN",INFO SYSTEMS PROJECT,Graduate,5,3,60.0%,16.00,4.67,5.00,4.67,4.33,4.00,4.33,4.67,4.67,4.67
2025,Fall,Heinz College,PROJECT,95720,H,"KOLOWITZ, BRIAN",INFO SYSTEMS PROJECT,Graduate,4,2,50.0%,9.50,3.50,3.50,4.00,4.00,3.50,3.50,4.00,4.00,3.00
2025,Fall,Heinz College,PROJECT,95720,E,"SHAIKH, TANVIR AHMED",INFO SYSTEMS PROJECT,Graduate,5,4,80.0%,9.50,4.50,5.00,5.00,5.00,5.00,5.00,5.00,5.00,5.00
2025,Fall,Heinz College,PROJECT,95720,MM,"SHAIKH, TANVIR AHMED",INFO SYSTEMS PROJECT,Graduate,5,5,100.0%,10.25,5.00,5.00,5.00,5.00,5.00,5.00,5.00,5.00,5.00
2025,Fall,Heinz College,PROJECT,95720,BB,"KOWALSKY, CHRISTOPHER",INFO SYSTEMS PROJECT,Graduate,5,3,60.0%,16.00,3.67,3.67,3.00,2.33,2.00,2.33,2.67,2.33,3.00
2025,Fall,Heinz College,PROJECT,95720,U,"MEYER, TOBY",INFO SYSTEMS PROJECT,Graduate,5,3,60.0%,8.00,4.50,4.50,4.50,4.50,4.50,4.50,4.50,4.50,4.50
2025,Fall,Heinz College,PROJECT,95720,A,"LEVINE, ALAN",INFO SYSTEMS PROJECT,Graduate,5,2,40.0%,11.00,4.00,4.00,3.50,3.50,3.50,3.50,4.50,4.00,3.50
2025,Fall,Heinz College,PROJECT,95720,B,"LEVINE, ALAN",INFO SYSTEMS PROJECT,Graduate,5,4,80.0%,12.75,4.50,4.75,4.50,4.50,4.25,4.25,4.75,4.00,4.50
2025,Fall,Heinz College,PROJECT,95720,C,"LEVINE, ALAN",INFO SYSTEMS PROJECT,Graduate,5,4,80.0%,9.50,4.25,4.25,4.25,4.00,4.25,4.00,4.25,4.25,3.75
2025,Fall,Heinz College,PROJECT,95720,M,"AGNOLI, STEVEN",INFO SYSTEMS PROJECT,Graduate,4,2,50.0%,3.50,5.00,5.00,5.00,5.00,5.00,5.00,5.00,5.00,4.50
2025,Fall,Heinz College,PROJECT,95720,Q,"AGNOLI, STEVEN",INFO SYSTEMS PROJECT,Graduate,5,1,20.0%,8.00,5.00,5.00,5.00,5.00,5.00,5.00,5.00,5.00,5.00
2025,Fall,Heinz College,PROJECT,95720,G,"SAGRAVES, ALLISON",INFO SYSTEMS PROJECT,Graduate,5,0,0.0%,,,,,,,,,,
2025,Fall,Heinz College,PROJECT,95720,R,"SAGRAVES, ALLISON",INFO SYSTEMS PROJECT,Graduate,5,0,0.0%,,,,,,,,,,
2025,Fall,Heinz College,PROJECT,95720,L,"SHERMAN, MARY",INFO SYSTEMS PROJECT,Graduate,5,2,40.0%,15.50,5.00,5.00,5.00,5.00,5.00,5.00,5.00,5.00,5.00
2025,Fall,Heinz College,PROJECT,95720,AA,"COLLIS, AVINASH",INFO SYSTEMS PROJECT,Graduate,24,14,58.3%,10.86,4.07,3.86,3.79,4.00,4.00,3.86,4.57,3.86,3.86
2025,Fall,Heinz College,PROJECT,95720,NN,"RAO, ANAND",INFO SYSTEMS PROJECT,Graduate,5,5,100.0%,12.20,5.00,5.00,5.00,5.00,5.00,5.00,5.00,5.00,5.00
2025,Fall,Heinz College,PROJECT,95720,T,"TUCKER, BRETT",INFO SYSTEMS PROJECT,Graduate,5,1,20.0%,2.00,3.00,3.00,3.00,3.00,3.00,3.00,3.00,3.00,2.00
2025,Fall,Heinz College,PROJECT,95720,OO,"PERL, SAMUEL",INFO SYSTEMS PROJECT,Graduate,5,2,40.0%,8.00,4.00,3.50,4.00,3.50,3.50,3.50,5.00,3.50,3.50
2025,Fall,Heinz College,PROJECT,95720,FF,"ZHANG, PETER",INFO SYSTEMS PROJECT,Graduate,5,2,40.0%,12.50,5.00,5.00,5.00,5.00,5.00,5.00,5.00,5.00,5.00
2025,Fall,Heinz College,PROJECT,95720,HH,"ZHU, WOODY",INFO SYSTEMS PROJECT,Graduate,5,4,80.0%,11.75,5.00,5.00,5.00,5.00,5.00,5.00,5.00,5.00,5.00
2025,Fall,Heinz College,PROJECT,95720,II,"ZHU, WOODY",INFO SYSTEMS PROJECT,Graduate,5,3,60.0%,8.00,4.67,4.67,4.67,4.67,4.67,4.67,4.67,4.67,4.67
2025,Fall,Heinz College,PROJECT,95720,D,"WIBERG, HOLLY",INFO SYSTEMS PROJECT,Graduate,5,5,100.0%,12.20,5.00,5.00,5.00,5.00,5.00,5.00,5.00,5.00,5.00
2025,Fall,Heinz College,PROJECT,95720,GG,"MANI, GANESH",INFO SYSTEMS PROJECT,Graduate,5,4,80.0%,8.00,5.00,4.75,5.00,5.00,5.00,4.75,5.00,5.00,4.75
2025,Fall,Heinz College,PROJECT,95721,B,"ZHANG, PETER",INF SYS RRCH PRACTM,Graduate,5,2,40.0%,6.50,5.00,5.00,5.00,5.00,4.50,5.00,5.00,5.00,4.50
2025,Fall,Heinz College,PROJECT,95721,A,"HYATT, KIM",INF SYS RRCH PRACTM,Graduate,5,4,80.0%,7.25,5.00,5.00,5.00,5.00,5.00,5.00,5.00,5.00,5.00
2025,Fall,Heinz College,PROJECT,95721,C,"TRZECIAK, RANDY",INF SYS RRCH PRACTM,Graduate,4,2,50.0%,5.00,5.00,5.00,5.00,5.00,5.00,5.00,5.00,5.00,5.00
2025,Fall,Heinz College,PROJECT,95721,D,"QIAN, SEAN",INF SYS RRCH PRACTM,Graduate,5,3,60.0%,11.00,5.00,5.00,5.00,5.00,5.00,5.00,5.00,5.00,5.00
2025,Fall,Dietrich College of Humanities and Social Sciences,PSY,85100,1,"OPPENHEIMER, DANNY",INTRO TO PSY,Undergraduate,155,77,49.7%,5.97,4.70,4.47,4.63,4.24,4.76,4.66,4.61,4.67,4.49
2025,Fall,Dietrich College of Humanities and Social Sciences,PSY,85105,A,"CRESWELL, J. DAVID",HYL,Undergraduate,29,26,89.7%,4.88,4.31,4.16,4.36,3.85,4.42,4.23,4.19,4.08,4.19
2025,Fall,Dietrich College of Humanities and Social Sciences,PSY,85107,A,"THIESSEN, ERIK",PSYCH OF VIDEO GAMES,Undergraduate,101,39,38.6%,5.77,4.46,4.18,4.18,3.97,4.15,4.21,4.62,4.21,4.03
2025,Fall,Dietrich College of Humanities and Social Sciences,PSY,85108,A,"CRITTENDEN, CRISTA",MIND AND BODY,Undergraduate,22,18,81.8%,6.83,4.65,4.65,4.59,4.35,4.82,4.65,4.82,4.71,4.59
2025,Fall,Dietrich College of Humanities and Social Sciences,PSY,85110,A,"EZRINA, EMILIA",COG PSY,Undergraduate,134,60,44.8%,4.45,3.67,4.02,4.10,3.73,3.90,3.83,4.38,3.67,3.73
2025,Fall,Dietrich College of Humanities and Social Sciences,PSY,85130,W,"BELANGER, JOCELYN",DEV PSYCH,Undergraduate,20,16,80.0%,6.50,4.69,4.56,4.75,4.38,4.69,4.69,4.88,4.56,4.63
2025,Fall,Dietrich College of Humanities and Social Sciences,PSY,85130,A,"RAKISON, DAVID",DEV PSYCH,Undergraduate,20,10,50.0%,7.10,4.80,4.90,5.00,4.90,5.00,5.00,5.00,4.90,4.90
2025,Fall,Dietrich College of Humanities and Social Sciences,PSY,85150,A,"COX-BOYD, CHANTE",SOCIAL PSYCHOLOGY,Undergraduate,127,47,37.0%,5.89,4.02,4.36,4.19,3.60,4.13,4.30,3.96,4.00,3.91
2025,Fall,Dietrich College of Humanities and Social Sciences,PSY,85170,A,"TSAY, JONATHAN",FOBB,Undergraduate,83,81,97.6%,5.48,5.00,4.94,4.94,4.81,4.94,4.89,4.99,4.94,4.90
2025,Fall,Dietrich College of Humanities and Social Sciences,PSY,85170,W,"BRUDER, JENNIFER LYNN",FOBB,Undergraduate,21,15,71.4%,9.07,4.40,4.13,3.93,4.00,4.21,4.14,4.50,4.07,3.86
2025,Fall,Dietrich College of Humanities and Social Sciences,PSY,85190,A,"CRESWELL, KASEY",PSYCHOPATHOLOGY,Undergraduate,50,41,82.0%,5.95,4.83,4.76,4.71,4.17,4.78,4.76,4.88,4.73,4.71
2025,Fall,Dietrich College of Humanities and Social Sciences,PSY,85213,A,"ANDERSON, JOHN",HMN INF PRO ART INTL,Undergraduate,27,8,29.6%,8.38,3.88,4.00,3.88,3.88,4.13,3.88,4.63,3.75,3.75
2025,Fall,Dietrich College of Humanities and Social Sciences,PSY,85300,A,"CRITTENDEN, CRISTA",INTRO TO RM,Undergraduate,39,27,69.2%,5.78,4.56,4.52,4.41,4.19,4.48,4.37,4.59,4.41,4.44
2025,Fall,Dietrich College of Humanities and Social Sciences,PSY,85302,A,"LAM, PHOEBE",RM: META-ANALYSIS,Undergraduate,8,3,37.5%,5.00,5.00,5.00,5.00,5.00,5.00,5.00,5.00,5.00,5.00
2025,Fall,Dietrich College of Humanities and Social Sciences,PSY,85310,A,"NOYCE, ABIGAIL",RSCH MTHD COG PSY,Undergraduate,10,2,20.0%,9.50,4.50,4.50,4.50,4.50,4.00,4.50,4.00,4.50,4.00
2025,Fall,Dietrich College of Humanities and Social Sciences,PSY,85401,A,"HODSON, Alana",PSYCHOLOGY OF AGING,Undergraduate,8,7,87.5%,6.71,5.00,4.71,4.43,4.71,4.86,4.86,5.00,4.71,4.57
2025,Fall,Dietrich College of Humanities and Social Sciences,PSY,85412,A,"ANDERSON, JOHN",COGNITIVE MODELING,Undergraduate,7,5,71.4%,8.00,4.60,4.20,4.00,4.20,4.00,4.20,4.60,4.60,4.20
2025,Fall,Dietrich College of Humanities and Social Sciences,PSY,85413,A,"KLATZKY, ROBERTA",PERCEPTION,Undergraduate,18,9,50.0%,8.33,4.44,4.11,4.44,4.44,4.56,4.78,4.11,4.56,4.44
2025,Fall,Dietrich College of Humanities and Social Sciences,PSY,85414,A,"HENDERSON, MARGARET",COG IN THE AGE OF AI,Undergraduate,12,6,50.0%,5.50,4.67,4.83,4.67,4.33,4.83,4.00,4.83,4.50,4.50
2025,Fall,Dietrich College of Humanities and Social Sciences,PSY,85417,A,"EZRINA, EMILIA",MULTILINGUAL MINDS,Undergraduate,10,3,30.0%,3.00,3.67,3.00,3.67,4.00,3.67,3.33,4.00,3.67,3.33
2025,Fall,Dietrich College of Humanities and Social Sciences,PSY,85421,A,"MACWHINNEY, BRIAN",LANGUAGE & THOUGHT,Undergraduate,5,3,60.0%,6.00,4.33,3.67,3.67,4.00,4.33,4.00,3.67,4.00,4.00
2025,Fall,Dietrich College of Humanities and Social Sciences,PSY,85450,A,"COX-BOYD, CHANTE",PSYCH OF PREJUDICE,Undergraduate,18,10,55.6%,8.00,4.60,4.60,4.50,3.70,4.60,4.40,4.80,4.60,4.50
2025,Fall,Dietrich College of Humanities and Social Sciences,PSY,85452,W,"BELANGER, JOCELYN",ATTITUDES & PERSUAS,Undergraduate,6,6,100.0%,8.00,4.67,4.33,4.50,4.50,4.50,5.00,4.83,4.67,4.67
2025,Fall,Dietrich College of Humanities and Social Sciences,PSY,85454,A,"TRUJILLO, MICHAEL",HEALTH PSYCHOLOGY,Undergraduate,12,12,100.0%,9.50,4.33,3.75,4.08,4.25,4.33,3.83,4.83,3.75,3.67
2025,Fall,Dietrich College of Humanities and Social Sciences,PSY,85456,A,"FEENEY, BROOKE",RELATIONSHIP,Undergraduate,13,6,46.2%,5.50,4.67,4.50,4.50,4.33,4.67,4.50,4.83,4.50,4.33
2025,Fall,Dietrich College of Humanities and Social Sciences,PSY,85472,A,"PLAUT, DAVID",COG NEUROPSYCH,Undergraduate,10,7,70.0%,6.29,4.29,4.29,4.43,3.71,5.00,4.00,4.57,4.29,4.43
2025,Fall,Dietrich College of Humanities and Social Sciences,PSY,85500,A,"THIESSEN, ERIK",STDENT TCHING PRACTM,Undergraduate,9,5,55.6%,2.00,5.00,5.00,5.00,4.80,5.00,5.00,5.00,5.00,5.00
2025,Fall,Dietrich College of Humanities and Social Sciences,PSY,85503,A,"THIESSEN, ERIK",INTERNSHIP IN PSYCHO,Undergraduate,2,0,0.0%,,,,,,,,,,
2025,Fall,Dietrich College of Humanities and Social Sciences,PSY,85507,Y,"THIESSEN, ERIK",RESEARCH PSYCHOLOGY,Undergraduate,5,2,40.0%,6.50,5.00,5.00,5.00,5.00,5.00,5.00,5.00,5.00,5.00
2025,Fall,Dietrich College of Humanities and Social Sciences,PSY,85507,U,"RAKISON, DAVID",RESEARCH PSYCHOLOGY,Undergraduate,8,1,12.5%,8.00,5.00,5.00,5.00,5.00,5.00,5.00,5.00,5.00,5.00
2025,Fall,Dietrich College of Humanities and Social Sciences,PSY,85507,G,"CRESWELL, J. DAVID",RESEARCH PSYCHOLOGY,Undergraduate,2,1,50.0%,8.00,5.00,5.00,5.00,5.00,5.00,5.00,5.00,5.00,5.00
2025,Fall,Dietrich College of Humanities and Social Sciences,PSY,85507,BB,"TRUJILLO, MICHAEL",RESEARCH PSYCHOLOGY,Undergraduate,6,1,16.7%,5.00,4.00,4.00,4.00,4.00,4.00,4.00,5.00,4.00,4.00
2025,Fall,Dietrich College of Humanities and Social Sciences,PSY,85507,R,"MAHON, BRADFORD",RESEARCH PSYCHOLOGY,Undergraduate,2,2,100.0%,5.00,4.50,3.50,3.50,4.00,5.00,4.50,4.50,4.00,4.50
2025,Fall,Dietrich College of Humanities and Social Sciences,PSY,85507,C,"CANTLON, JESSICA",RESEARCH PSYCHOLOGY,Undergraduate,2,0,0.0%,,,,,,,,,,
2025,Fall,Dietrich College of Humanities and Social Sciences,PSY,85507,J,"VALES, CATARINA",RESEARCH PSYCHOLOGY,Undergraduate,10,2,20.0%,8.00,5.00,5.00,5.00,5.00,5.00,5.00,5.00,5.00,5.00
2025,Fall,Dietrich College of Humanities and Social Sciences,PSY,85507,V,"LAM, PHOEBE",RESEARCH PSYCHOLOGY,Undergraduate,2,1,50.0%,8.00,5.00,5.00,5.00,5.00,5.00,5.00,5.00,5.00,5.00
2025,Fall,Dietrich College of Humanities and Social Sciences,PSY,85507,M,"TSAY, JONATHAN",RESEARCH PSYCHOLOGY,Undergraduate,2,1,50.0%,5.00,5.00,5.00,5.00,5.00,5.00,5.00,5.00,5.00,5.00
2025,Fall,Dietrich College of Humanities and Social Sciences,PSY,85509,A,"COX-BOYD, CHANTE",UNDER RES PSY PRAC,Undergraduate,8,4,50.0%,2.00,4.25,4.00,4.00,4.50,4.50,4.00,4.50,4.25,3.75
2025,Fall,Dietrich College of Humanities and Social Sciences,PSY,85509,A,"RENDULIC, EMILIE",UNDER RES PSY PRAC,Undergraduate,8,4,50.0%,2.00,4.25,4.25,4.25,4.25,4.75,4.25,4.50,4.25,3.75
2025,Fall,Dietrich College of Humanities and Social Sciences,PSY,85530,A,"CARVER, SHARON",PRAC DEV PSYCH,Undergraduate,2,2,100.0%,5.00,5.00,5.00,5.00,5.00,5.00,5.00,5.00,5.00,5.00
2025,Fall,Dietrich College of Humanities and Social Sciences,PSY,85590,A,"CRESWELL, KASEY",INTERN IN CLINICAL,Undergraduate,9,6,66.7%,8.00,4.50,4.83,4.83,4.50,4.83,4.33,5.00,4.50,4.50
2025,Fall,Dietrich College of Humanities and Social Sciences,PSY,85800,A,"FERBER, SUSANNE",PROSEMINAR,Graduate,17,10,58.8%,8.40,4.50,4.60,4.50,4.20,4.50,4.30,4.80,4.30,4.40
2025,Fall,Dietrich College of Humanities and Social Sciences,PSY,85850,A,"COX-BOYD, CHANTE",PSYCHLGY PREJUDICE,Graduate,2,2,100.0%,6.50,4.50,5.00,4.50,4.00,5.00,4.50,4.00,4.00,4.50
2025,Fall,Dietrich College of Humanities and Social Sciences,PSY,85854,A,"TRUJILLO, MICHAEL",HEALTH PSYCHOLOGY,Graduate,2,2,100.0%,6.50,5.00,5.00,5.00,5.00,5.00,5.00,5.00,5.00,5.00
2025,Fall,School of Computer Science,ROB,16161,A,"NOURBAKHSH, ILLAH",AI AND HUMANITY,Undergraduate,39,22,56.4%,5.55,4.91,4.68,4.86,4.73,4.95,4.77,4.82,4.86,4.86
2025,Fall,School of Computer Science,ROB,16211,A,"KANTOR, GEORGE",ROBOMATH,Undergraduate,10,9,90.0%,10.11,4.67,4.44,4.67,4.22,4.67,4.67,4.78,4.56,4.33
2025,Fall,School of Computer Science,ROB,16220,A,"TEMEL, ZEYNEP",ROBOT BUILDING,Undergraduate,25,19,76.0%,18.47,3.21,2.21,2.53,2.79,3.37,1.95,3.00,2.32,2.53
2025,Fall,School of Computer Science,ROB,16223,A,"ZEGLIN, GARTH",CREATIVE KINETIC SYS,Undergraduate,4,1,25.0%,8.00,5.00,4.00,5.00,5.00,4.00,3.00,4.00,4.00,4.00
2025,Fall,School of Computer Science,ROB,16280,A,"SILWAL, ABHISESH",INTEL. ROBOT SYSTEMS,Undergraduate,33,30,90.9%,12.97,4.40,3.87,4.20,3.80,4.43,4.03,4.57,4.17,4.03
2025,Fall,School of Computer Science,ROB,16362,A,"TABIB, Wennie",MOBILE ROB PRGRM LAB,Undergraduate,20,7,35.0%,6.29,4.86,4.86,4.86,4.86,4.86,4.86,4.86,4.86,4.86
2025,Fall,School of Computer Science,ROB,16375,A,"ZEGLIN, GARTH",ROBOTS CREATIVE PRAC,Undergraduate,7,3,42.9%,8.00,2.00,1.67,2.00,1.50,1.50,2.00,1.00,1.50,2.00
2025,Fall,School of Computer Science,ROB,16384,A,"ICHNOWSKI, JEFF",ROBOT KNMATCS DYNMCS,Undergraduate,51,17,33.3%,10.82,4.65,4.18,4.35,4.00,4.82,4.65,4.88,4.59,4.41
2025,Fall,School of Computer Science,ROB,16385,A,"HELD, DAVID",COMPUTER VISION,Undergraduate,89,40,44.9%,8.97,4.44,4.56,4.41,4.28,4.51,4.38,4.62,4.31,4.28
2025,Fall,School of Computer Science,ROB,16450,A,"WETTERGREEN, DAVID",ROBOTICS SYSTEMS ENG,Undergraduate,22,12,54.5%,10.25,4.67,4.25,4.33,4.42,4.25,4.25,4.58,4.33,4.17
2025,Fall,School of Computer Science,ROB,16622,A,"JENI, LASZLO",MSCV CAPSTONE,Graduate,36,4,11.1%,10.25,4.75,4.25,4.00,4.75,4.50,4.25,5.00,4.25,4.50
2025,Fall,School of Computer Science,ROB,16642,A,"LI, JIAOYANG",MANPLTN EST & CNTR,Graduate,47,22,46.8%,9.64,4.05,4.41,4.32,3.91,4.18,4.09,4.77,3.95,4.18
2025,Fall,School of Computer Science,ROB,16650,A,"APOSTOLOPOULOS, DIMITRIOS",SYSTEMS ENGINEERING,Graduate,48,22,45.8%,10.45,4.95,4.82,4.77,4.91,4.82,4.68,5.00,4.82,4.64
2025,Fall,School of Computer Science,ROB,16665,A,"APOSTOLOPOULOS, DIMITRIOS",ROBOT MOBILITY,Graduate,50,24,48.0%,8.63,4.88,4.67,4.63,4.63,4.71,4.58,4.92,4.67,4.54
2025,Fall,School of Computer Science,ROB,16665,A,"GEYER, HARTMUT",ROBOT MOBILITY,Graduate,50,24,48.0%,10.13,4.42,4.38,4.50,4.13,4.42,4.38,4.71,4.33,4.29
2025,Fall,School of Computer Science,ROB,16665,A,"KAESS, MICHAEL",ROBOT MOBILITY,Graduate,50,24,48.0%,8.39,4.52,4.61,4.70,4.39,4.61,4.57,4.70,4.39,4.43
2025,Fall,School of Computer Science,ROB,16665,A,"DOLAN, JOHN",ROBOT MOBILITY,Graduate,50,24,48.0%,10.09,4.52,4.52,4.61,4.39,4.48,4.22,4.74,4.26,4.43
2025,Fall,School of Computer Science,ROB,16665,A,"SHI, GUANYA",ROBOT MOBILITY,Graduate,50,24,48.0%,11.09,4.39,4.39,4.43,4.17,4.48,4.17,4.70,4.17,4.35
2025,Fall,School of Computer Science,ROB,16667,A,"WILLITS, STEVEN",AIR VEHICLE DESIGN,Graduate,14,7,50.0%,9.29,5.00,4.86,4.86,5.00,5.00,4.86,5.00,5.00,4.71
2025,Fall,School of Computer Science,ROB,16667,A,"SCHERER, SEBASTIAN",AIR VEHICLE DESIGN,Graduate,14,7,50.0%,9.71,5.00,4.83,4.83,5.00,5.00,4.86,5.00,5.00,4.71
2025,Fall,School of Computer Science,ROB,16682,A,"DOLAN, JOHN",MRSD PROJECT II,Graduate,45,25,55.6%,16.42,4.75,4.79,4.75,4.74,4.70,4.61,4.87,4.61,4.61
2025,Fall,School of Computer Science,ROB,16682,A,"APOSTOLOPOULOS, DIMITRIOS",MRSD PROJECT II,Graduate,45,25,55.6%,17.08,4.60,4.72,4.76,4.72,4.64,4.60,4.80,4.76,4.56
2025,Fall,School of Computer Science,ROB,16698,A,"BATAVIA, PARAG",ADV ROBOTICS BUS,Graduate,45,24,53.3%,8.38,4.63,4.58,4.71,4.67,4.63,4.71,4.79,4.58,4.58
2025,Fall,School of Computer Science,ROB,16700,A1,"KROEMER, OLIVER",FUNDAM. MANIPULATION,Graduate,13,8,61.5%,9.50,4.88,4.50,4.88,4.86,4.88,4.63,5.00,4.88,4.75
2025,Fall,School of Computer Science,ROB,16701,A1,"ADMONI, HENNY",INTRO TO HRI,Graduate,11,7,63.6%,7.57,4.86,5.00,4.86,5.00,5.00,5.00,5.00,4.86,4.86
2025,Fall,School of Computer Science,ROB,16701,A2,"ADMONI, HENNY",INTRO TO HRI,Graduate,9,6,66.7%,8.50,5.00,5.00,5.00,4.50,5.00,5.00,5.00,5.00,5.00
2025,Fall,School of Computer Science,ROB,16702,A2,"KROEMER, OLIVER",ROBOT BEHAVIOR LRNG,Graduate,12,5,41.7%,8.60,4.80,4.80,4.80,4.80,5.00,4.80,5.00,5.00,4.80
2025,Fall,School of Computer Science,ROB,16714,A,"LIU, CHANGLIU",ADVANCED CONTROL,Graduate,10,3,30.0%,11.00,5.00,4.67,4.33,5.00,4.67,5.00,5.00,5.00,5.00
2025,Fall,School of Computer Science,ROB,16720,A,"NARASIMHAN, SRINIVASA",COMPUTER VISION,Graduate,87,36,41.4%,11.11,4.31,4.56,4.44,4.00,4.53,4.44,4.56,4.33,4.36
2025,Fall,School of Computer Science,ROB,16722,A,"RIVIERE, CAMERON",SENSING & SENSORS,Graduate,22,13,59.1%,10.77,4.54,4.23,4.38,3.92,4.69,4.62,4.85,4.31,4.31
2025,Fall,School of Computer Science,ROB,16741,A,"ERICKSON, ZACKORY",MECH OF MANIPULATION,Graduate,34,15,44.1%,9.60,4.87,4.73,4.73,4.73,4.80,4.79,4.86,4.71,4.73
2025,Fall,School of Computer Science,ROB,16742,A,"CHOSET, HOWIE",MECHANIC OF LOCOMOTN,Graduate,4,2,50.0%,12.50,5.00,5.00,5.00,5.00,5.00,5.00,5.00,5.00,5.00
2025,Fall,School of Computer Science,ROB,16782,A,"LIKHACHEV, MAXIM",PLANNING IN ROBOTICS,Graduate,36,16,44.4%,12.75,4.69,4.69,4.75,4.44,4.75,4.75,4.81,4.75,4.69
2025,Fall,School of Computer Science,ROB,16811,A,"ERDMANN, MICHAEL",MATH FUND FOR ROBOT,Graduate,110,42,38.2%,9.52,4.79,4.48,4.57,4.64,4.43,4.36,4.74,4.45,4.38
2025,Fall,School of Computer Science,ROB,16820,A,"RAMANAN, DEVA",ADV COMP VISION,Graduate,86,36,41.9%,10.50,4.72,4.72,4.75,4.47,4.64,4.75,4.89,4.78,4.67
2025,Fall,School of Computer Science,ROB,16822,B,"KAESS, MICHAEL",GMTRY BSD MTH IN VIS,Graduate,34,8,23.5%,9.13,4.13,4.25,3.88,3.63,4.13,3.75,4.88,3.88,3.88
2025,Fall,School of Computer Science,ROB,16824,A,"ZHU, JUN-YAN",VIS LRN & RECOG,Graduate,81,30,37.0%,11.33,4.60,4.63,4.43,4.50,4.70,4.43,4.90,4.43,4.50
2025,Fall,School of Computer Science,ROB,16825,A,"TULSIANI, SHUBHAM",LEARNING FOR 3D,Graduate,70,20,28.6%,13.15,4.90,4.90,4.90,4.90,4.90,4.90,4.95,4.90,4.90
2025,Fall,School of Computer Science,ROB,16831,A,"SHI, GUANYA",INTRO ROBOT LEARNING,Graduate,140,63,45.0%,9.52,4.47,4.44,4.60,4.13,4.70,4.31,4.64,4.26,4.31
2025,Fall,School of Computer Science,ROB,16861,A,"JONES, HEATHER",SPACE ROBOTICS,Graduate,35,22,62.9%,9.09,3.95,3.41,3.45,3.64,4.32,3.91,4.32,3.64,3.50
2025,Fall,School of Computer Science,ROB,16861,A,"WHITTAKER, WILLIAM RED",SPACE ROBOTICS,Graduate,35,22,62.9%,9.09,4.05,3.62,3.38,3.52,4.33,3.90,4.19,3.76,3.57
2025,Fall,School of Computer Science,ROB,16867,A,"BAJCSY, ANDREA",HUMAN ROBOT INTRACTN,Graduate,27,17,63.0%,10.53,5.00,4.94,5.00,4.88,5.00,5.00,5.00,5.00,4.88
2025,Fall,School of Computer Science,ROB,16868,A,"GEYER, HARTMUT",BIOMCHC & MOTOR CNTL,Graduate,4,2,50.0%,9.50,5.00,5.00,5.00,5.00,5.00,5.00,5.00,5.00,5.00
2025,Fall,School of Computer Science,ROB,16878,A,"ORTA MARTINEZ, MELISA",ADV MECHATRON DESIGN,Graduate,12,9,75.0%,20.89,5.00,4.67,4.78,5.00,4.78,4.78,5.00,4.89,5.00
2025,Fall,School of Computer Science,ROB,16879,A,"RIVIERE, CAMERON",MEDICAL ROBOTICS,Graduate,26,21,80.8%,8.00,4.10,4.14,4.05,4.10,4.52,4.19,4.67,4.10,4.48
2025,Fall,School of Computer Science,S3D,17200,1,"SKIRPAN, MICHAEL",ETHCS POLICY CMPTNG,Undergraduate,52,35,67.3%,6.54,4.49,4.09,4.26,3.86,4.54,4.43,4.74,4.49,3.97
2025,Fall,School of Computer Science,S3D,17200,1,"HILTON, MICHAEL",ETHCS POLICY CMPTNG,Undergraduate,52,35,67.3%,6.54,4.26,3.94,4.14,3.89,4.29,4.23,4.31,4.17,4.06
2025,Fall,School of Computer Science,S3D,17209,A,"FANG, FEI",AI FOR EVERYONE,Undergraduate,14,13,92.9%,6.15,4.15,4.00,4.46,3.77,4.54,4.46,4.69,4.31,4.31
2025,Fall,School of Computer Science,S3D,17214,1,"AHMAD, HAMMAD",PRIN 0-0 SFTWR CONST,Undergraduate,11,8,72.7%,11.00,5.00,5.00,5.00,5.00,4.63,4.88,4.88,5.00,5.00
2025,Fall,School of Computer Science,S3D,17303,A,"CHRISTIN, NICOLAS",CRYPTO BLO APP,Undergraduate,7,3,42.9%,7.00,4.33,4.33,5.00,4.33,4.67,4.67,4.67,5.00,5.00
2025,Fall,School of Computer Science,S3D,17313,1,"HILTON, MICHAEL",FNDTNS SFTWR ENGNRNG,Undergraduate,118,84,71.2%,9.43,4.55,4.25,4.35,4.08,4.64,4.42,4.60,4.46,4.30
2025,Fall,School of Computer Science,S3D,17313,1,"TIMPERLEY, CHRISTOPHER",FNDTNS SFTWR ENGNRNG,Undergraduate,118,84,71.2%,9.42,4.54,4.31,4.33,4.17,4.51,4.41,4.60,4.46,4.35
2025,Fall,School of Computer Science,S3D,17313,2,"FEO FLUSHING, EDUARDO",FNDTNS SFTWR ENGNRNG,Undergraduate,30,26,86.7%,13.46,4.88,4.77,4.73,4.50,4.88,4.69,5.00,4.69,4.65
2025,Fall,School of Computer Science,S3D,17315,B,"BEGEL, ANDREW",INDEPENDENT STUDY,Undergraduate,3,0,0.0%,,,,,,,,,,
2025,Fall,School of Computer Science,S3D,17316,A,"BEGEL, ANDREW",AI TOOLS 4 SD,Undergraduate,3,3,100.0%,10.00,5.00,4.33,4.33,5.00,5.00,4.33,4.67,5.00,5.00
2025,Fall,School of Computer Science,S3D,17316,A,"HENLEY, AUSTIN",AI TOOLS 4 SD,Undergraduate,3,3,100.0%,10.00,5.00,4.33,4.67,5.00,5.00,4.67,5.00,5.00,5.00
2025,Fall,School of Computer Science,S3D,17320,A,"CHAN, JUSTIN",MACHINE LEARN HEALTH,Undergraduate,4,1,25.0%,5.00,5.00,5.00,5.00,5.00,5.00,5.00,5.00,5.00,5.00
2025,Fall,School of Computer Science,S3D,17320,A,"GOEL, MAYANK",MACHINE LEARN HEALTH,Undergraduate,4,1,25.0%,5.00,5.00,5.00,5.00,5.00,5.00,5.00,5.00,5.00,5.00
2025,Fall,School of Computer Science,S3D,17331,A,"HABIB, Hana",INFR SEC PRIV & POL,Undergraduate,3,0,0.0%,,,,,,,,,,
2025,Fall,School of Computer Science,S3D,17333,A,"SCHEFFLER, SARAH",PRIVCY POLCY LAW TEC,Undergraduate,15,9,60.0%,7.33,4.56,4.33,4.67,4.22,5.00,4.78,5.00,4.56,4.56
2025,Fall,School of Computer Science,S3D,17355,1,"PADHYE, ROHAN",PROGRAM ANALYSIS,Undergraduate,8,7,87.5%,9.71,5.00,5.00,5.00,5.00,4.86,4.86,5.00,5.00,4.86
2025,Fall,School of Computer Science,S3D,17363,1,"ALDRICH, JONATHAN",PROG LANGUAGE PRAGMA,Undergraduate,6,5,83.3%,11.00,5.00,4.60,4.60,4.80,4.80,5.00,5.00,4.80,5.00
2025,Fall,School of Computer Science,S3D,17415,B,"LE GOUES, CLAIRE",SFTWR ENGRNG RFLCTN,Undergraduate,7,4,57.1%,4.25,5.00,5.00,5.00,5.00,5.00,5.00,5.00,5.00,5.00
2025,Fall,School of Computer Science,S3D,17437,A,"LEE, TERRY",WEB APPLCTN DEVLPMNT,Undergraduate,34,32,94.1%,9.13,4.78,4.69,4.69,4.59,4.84,4.63,4.78,4.72,4.53
2025,Fall,School of Computer Science,S3D,17437,A,"HENLEY, AUSTIN",WEB APPLCTN DEVLPMNT,Undergraduate,34,32,94.1%,9.06,4.32,4.35,4.35,4.29,4.55,4.26,4.52,4.32,4.32
2025,Fall,School of Computer Science,S3D,17445,1,"KAESTNER, CHRISTIAN",MACHINE LEARN PROD,Undergraduate,7,2,28.6%,11.00,5.00,4.50,5.00,5.00,5.00,5.00,5.00,5.00,5.00
2025,Fall,School of Computer Science,S3D,17445,1,"VASILESCU, BOGDAN",MACHINE LEARN PROD,Undergraduate,7,2,28.6%,17.50,4.00,4.00,4.50,4.00,4.50,4.50,4.50,4.50,4.50
2025,Fall,School of Computer Science,S3D,17493,W1,"FROLLINI, DOMINICK",NEG FOR SW LEADERS,Undergraduate,13,9,69.2%,4.67,5.00,5.00,5.00,5.00,5.00,5.00,5.00,5.00,5.00
2025,Fall,School of Computer Science,S3D,17514,1,"AHMAD, HAMMAD",PRIN 0-0 SFTWR CONST,Undergraduate,22,11,50.0%,12.73,5.00,5.00,5.00,5.00,5.00,5.00,5.00,5.00,5.00
2025,Fall,School of Computer Science,S3D,17562,A,"SHAMOS, MICHAEL",LAW OF COMPUTER TECH,Undergraduate,2,1,50.0%,14.00,5.00,5.00,5.00,5.00,5.00,5.00,5.00,5.00,5.00
2025,Fall,School of Computer Science,S3D,17603,A,"FROLLINI, DOMINICK",COM FOR SW LEADER I,Graduate,19,15,78.9%,7.60,4.71,4.79,4.79,4.79,4.79,4.64,4.79,4.71,4.64
2025,Fall,School of Computer Science,S3D,17603,B,"FROLLINI, DOMINICK",COM FOR SW LEADER I,Graduate,19,13,68.4%,5.00,5.00,5.00,5.00,5.00,5.00,5.00,5.00,5.00,5.00
2025,Fall,School of Computer Science,S3D,17603,C,"FROLLINI, DOMINICK",COM FOR SW LEADER I,Graduate,12,9,75.0%,5.00,5.00,5.00,4.89,5.00,5.00,4.89,5.00,5.00,5.00
2025,Fall,School of Computer Science,S3D,17603,D,"FROLLINI, DOMINICK",COM FOR SW LEADER I,Graduate,8,6,75.0%,4.50,5.00,5.00,5.00,5.00,5.00,5.00,5.00,5.00,5.00
2025,Fall,School of Computer Science,S3D,17603,E,"FROLLINI, DOMINICK",COM FOR SW LEADER I,Graduate,17,17,100.0%,6.24,4.94,4.88,4.88,4.88,4.94,4.81,4.81,4.81,4.81
2025,Fall,School of Computer Science,S3D,17606,A,"HABIB, Hana",PRVY DES PRJ WRKSHP,Graduate,9,0,0.0%,,,,,,,,,,
2025,Fall,School of Computer Science,S3D,17611,41,"PAVETTI, SCOTT",STATS FOR DEC MAKING,Graduate,9,3,33.3%,9.00,4.67,4.67,4.67,4.33,4.67,4.67,5.00,4.67,3.67
2025,Fall,School of Computer Science,S3D,17611,A1,"PAVETTI, SCOTT",STATS FOR DEC MAKING,Graduate,40,18,45.0%,9.00,3.94,3.72,3.72,3.44,3.53,3.56,4.61,3.44,3.61
2025,Fall,School of Computer Science,S3D,17611,B1,"MIRANDA, EDUARDO",STATS FOR DEC MAKING,Graduate,30,14,46.7%,6.71,4.36,4.50,4.43,4.07,4.50,4.36,4.50,4.14,4.07
2025,Fall,School of Computer Science,S3D,17614,11,"GARLAN, DAVID",FORMAL METHODS,Graduate,35,18,51.4%,12.35,3.65,3.65,3.71,3.41,3.65,3.71,4.29,3.76,3.35
2025,Fall,School of Computer Science,S3D,17614,21,"GARLAN, DAVID",FORMAL METHODS,Graduate,32,14,43.8%,14.50,4.00,4.00,3.71,3.71,3.79,3.71,4.64,3.57,3.29
2025,Fall,School of Computer Science,S3D,17614,41,"GARLAN, DAVID",FORMAL METHODS,Graduate,13,5,38.5%,11.00,4.67,4.67,4.67,4.33,4.67,4.67,5.00,3.75,3.75
2025,Fall,School of Computer Science,S3D,17614,11,"KANG, EUNSUK",FORMAL METHODS,Graduate,35,18,51.4%,12.83,4.22,3.72,3.56,3.56,3.78,3.89,4.50,3.89,3.28
2025,Fall,School of Computer Science,S3D,17614,21,"KANG, EUNSUK",FORMAL METHODS,Graduate,32,14,43.8%,14.50,4.21,3.93,4.00,3.93,3.64,3.79,4.86,3.79,3.43
2025,Fall,School of Computer Science,S3D,17614,41,"KANG, EUNSUK",FORMAL METHODS,Graduate,13,5,38.5%,9.80,3.80,4.20,4.40,3.80,4.20,4.20,4.40,3.80,3.60
2025,Fall,School of Computer Science,S3D,17616,A,"BEGEL, ANDREW",AI TOOLS 4 SD,Graduate,14,12,85.7%,10.25,5.00,4.83,5.00,4.75,4.92,4.92,5.00,4.92,4.67
2025,Fall,School of Computer Science,S3D,17616,A,"HENLEY, AUSTIN",AI TOOLS 4 SD,Graduate,14,12,85.7%,10.25,5.00,4.83,4.92,4.75,4.92,4.92,5.00,4.92,4.67
2025,Fall,School of Computer Science,S3D,17619,A1,"BERARDONE, JIM",PROD MGMT ESSEN I,Graduate,30,14,46.7%,6.93,4.57,4.86,4.86,4.57,4.86,4.86,4.86,4.79,4.79
2025,Fall,School of Computer Science,S3D,17619,B1,"BERARDONE, JIM",PROD MGMT ESSEN I,Graduate,38,24,63.2%,8.88,4.83,4.88,4.79,4.71,4.96,4.79,4.83,4.79,4.63
2025,Fall,School of Computer Science,S3D,17619,C1,"BERARDONE, JIM",PROD MGMT ESSEN I,Graduate,39,20,51.3%,8.50,4.75,4.75,4.80,4.60,4.65,4.65,4.75,4.60,4.55
2025,Fall,School of Computer Science,S3D,17619,D1,"BERARDONE, JIM",PROD MGMT ESSEN I,Graduate,4,3,75.0%,8.00,4.67,5.00,5.00,4.33,4.67,4.67,4.00,4.00,4.33
2025,Fall,School of Computer Science,S3D,17619,E1,"BERARDONE, JIM",PROD MGMT ESSEN I,Graduate,11,2,18.2%,8.00,5.00,5.00,5.00,5.00,5.00,5.00,5.00,5.00,5.00
2025,Fall,School of Computer Science,S3D,17619,F1,"BERARDONE, JIM",PROD MGMT ESSEN I,Graduate,4,2,50.0%,8.00,5.00,5.00,5.00,5.00,5.00,5.00,5.00,5.00,5.00
2025,Fall,School of Computer Science,S3D,17622,22,"MIRANDA, EDUARDO",AGILE METHODS,Graduate,26,11,42.3%,12.45,3.27,3.36,3.55,3.27,3.45,3.09,3.64,3.18,2.91
2025,Fall,School of Computer Science,S3D,17622,A2,"KUMAR, ASHOK",AGILE METHODS,Graduate,43,18,41.9%,7.50,4.17,3.50,3.67,3.67,3.39,3.61,4.28,3.50,2.78
2025,Fall,School of Computer Science,S3D,17622,A2,"CHICK, TIMOTHY",AGILE METHODS,Graduate,43,18,41.9%,7.33,3.61,3.50,3.50,3.56,3.61,3.72,4.28,3.50,2.94
2025,Fall,School of Computer Science,S3D,17623,12,"TIMPERLEY, CHRISTOPHER",QUALITY ASSURANCE,Graduate,70,32,45.7%,13.28,4.66,4.56,4.58,4.23,4.52,4.69,4.63,4.50,4.47
2025,Fall,School of Computer Science,S3D,17623,12,"GENNARI, JEFFREY",QUALITY ASSURANCE,Graduate,70,32,45.7%,13.66,4.50,4.56,4.59,4.19,4.50,4.53,4.59,4.47,4.38
2025,Fall,School of Computer Science,S3D,17623,42,"GENNARI, JEFFREY",QUALITY ASSURANCE,Graduate,12,4,33.3%,17.25,3.75,3.00,4.00,2.75,4.75,4.00,4.50,3.75,3.00
2025,Fall,School of Computer Science,S3D,17625,22,"SCHMERL, BRADLEY",API DESIGN,Graduate,9,1,11.1%,11.00,4.00,4.00,4.00,4.00,4.00,4.00,4.00,4.00,4.00
2025,Fall,School of Computer Science,S3D,17625,A2,"SCHMERL, BRADLEY",API DESIGN,Graduate,59,21,35.6%,8.75,4.10,4.15,4.10,3.76,4.19,4.05,4.57,4.00,4.00
2025,Fall,School of Computer Science,S3D,17625,22,"ASHOK, SWARNALATHA",API DESIGN,Graduate,9,1,11.1%,11.00,4.00,4.00,4.00,4.00,4.00,4.00,4.00,4.00,4.00
2025,Fall,School of Computer Science,S3D,17625,A2,"ASHOK, SWARNALATHA",API DESIGN,Graduate,59,21,35.6%,9.29,4.05,4.10,4.10,3.67,4.05,3.95,4.62,3.90,3.81
2025,Fall,School of Computer Science,S3D,17626,42,"BREAUX, TRAVIS",RQ FOR INFO SYS,Graduate,8,5,62.5%,10.40,4.60,4.80,4.60,4.60,4.60,4.20,5.00,4.40,4.40
2025,Fall,School of Computer Science,S3D,17626,A2,"BREAUX, TRAVIS",RQ FOR INFO SYS,Graduate,58,26,44.8%,8.81,3.50,3.19,3.35,3.62,3.46,3.35,4.42,3.12,2.92
2025,Fall,School of Computer Science,S3D,17627,A2,"PAVETTI, SCOTT",RQ FOR EMBED SYS,Graduate,8,3,37.5%,13.33,4.67,4.67,4.67,4.67,4.67,4.67,4.67,4.67,3.67
2025,Fall,School of Computer Science,S3D,17629,A2,"BERARDONE, JIM",PME II,Graduate,25,13,52.0%,8.92,4.85,4.85,4.92,4.62,4.85,4.77,4.92,4.92,4.85
2025,Fall,School of Computer Science,S3D,17629,D2,"BERARDONE, JIM",PME II,Graduate,2,1,50.0%,5.00,4.00,5.00,4.00,5.00,4.00,4.00,5.00,4.00,4.00
2025,Fall,School of Computer Science,S3D,17631,A,"HABIB, Hana",INFM SEC PRIV & POL,Graduate,20,13,65.0%,8.46,4.77,4.85,4.85,4.77,4.85,4.69,4.92,4.54,4.38
2025,Fall,School of Computer Science,S3D,17631,A,"CALANDRINO, JOSEPH",INFM SEC PRIV & POL,Graduate,20,13,65.0%,9.00,4.67,4.67,4.69,4.69,4.69,4.54,4.92,4.38,4.38
2025,Fall,School of Computer Science,S3D,17636,A,"BASS, LEN",DEVOPS: ENG SEC D&D,Graduate,14,8,57.1%,9.13,4.63,4.38,4.71,4.57,4.71,4.43,5.00,4.57,4.57
2025,Fall,School of Computer Science,S3D,17636,A,"YASAR, HASAN",DEVOPS: ENG SEC D&D,Graduate,14,8,57.1%,9.13,4.75,4.63,4.50,4.13,4.75,4.50,4.75,4.38,4.50
2025,Fall,School of Computer Science,S3D,17637,A,"LEE, TERRY",WEB APPLCTN DEVLPMNT,Graduate,31,28,90.3%,11.93,4.96,4.93,4.96,4.96,4.96,4.89,5.00,4.86,4.89
2025,Fall,School of Computer Science,S3D,17637,A,"HENLEY, AUSTIN",WEB APPLCTN DEVLPMNT,Graduate,31,28,90.3%,11.81,4.70,4.74,4.78,4.59,4.70,4.64,4.85,4.70,4.89
2025,Fall,School of Computer Science,S3D,17638,A1,"RILEY, MICHAEL",ENG EMBEDDED SYS,Graduate,8,4,50.0%,6.50,4.25,4.50,4.25,4.00,4.75,4.50,4.75,4.50,4.25
2025,Fall,School of Computer Science,S3D,17638,A1,"PAVETTI, SCOTT",ENG EMBEDDED SYS,Graduate,8,4,50.0%,6.50,4.50,4.50,4.25,4.75,4.25,4.25,4.75,4.50,4.25
2025,Fall,School of Computer Science,S3D,17645,1,"KAESTNER, CHRISTIAN",MACHINE LEARN PROD,Graduate,94,45,47.9%,13.04,4.87,4.82,4.87,4.87,4.87,4.80,4.89,4.84,4.84
2025,Fall,School of Computer Science,S3D,17645,1,"VASILESCU, BOGDAN",MACHINE LEARN PROD,Graduate,94,45,47.9%,13.04,4.80,4.76,4.71,4.71,4.69,4.76,4.84,4.71,4.73
2025,Fall,School of Computer Science,S3D,17663,1,"ALDRICH, JONATHAN",PROG LANGUAGE PRAGMA,Graduate,2,1,50.0%,8.00,5.00,5.00,5.00,5.00,5.00,5.00,5.00,5.00,5.00
2025,Fall,School of Computer Science,S3D,17668,A,"PARK, PATRICK",NETWORK ANALYSIS,Graduate,2,2,100.0%,11.00,5.00,5.00,5.00,5.00,5.00,5.00,5.00,5.00,5.00
2025,Fall,School of Computer Science,S3D,17673,A,"BERARDONE, JIM",STUDIO PROJECT III,Graduate,22,5,22.7%,22.60,4.80,4.80,4.80,4.80,4.80,4.80,4.80,4.80,4.80
2025,Fall,School of Computer Science,S3D,17675,A,"BERARDONE, JIM",SE PRACTICUM,Graduate,49,9,18.4%,20.20,3.40,3.40,3.40,3.40,3.40,3.40,3.40,3.40,3.40
2025,Fall,School of Computer Science,S3D,17675,A,"PAVETTI, SCOTT",SE PRACTICUM,Graduate,49,9,18.4%,21.29,3.86,4.00,4.00,4.00,4.00,4.00,4.00,4.00,3.86
2025,Fall,School of Computer Science,S3D,17675,A,"YASAR, HASAN",SE PRACTICUM,Graduate,49,9,18.4%,20.80,3.20,3.20,3.20,3.20,3.20,3.20,3.20,3.20,3.20
2025,Fall,School of Computer Science,S3D,17675,A,"SCHMERL, BRADLEY",SE PRACTICUM,Graduate,49,9,18.4%,20.20,3.20,3.20,3.20,3.20,3.20,3.20,3.20,3.20,3.20
2025,Fall,School of Computer Science,S3D,17675,A,"GENNARI, JEFFREY",SE PRACTICUM,Graduate,49,9,18.4%,21.29,3.14,3.29,3.14,3.14,3.29,3.29,3.43,3.14,2.71
2025,Fall,School of Computer Science,S3D,17675,A,"MIRANDA, EDUARDO",SE PRACTICUM,Graduate,49,9,18.4%,20.20,3.00,3.00,3.00,3.00,3.00,3.00,3.00,3.00,3.00
2025,Fall,School of Computer Science,S3D,17679,A,"SCHMERL, BRADLEY",THESIS WRTG SFT LEAD,Graduate,8,5,62.5%,9.20,4.80,5.00,5.00,4.80,4.80,4.80,5.00,4.80,4.80
2025,Fall,School of Computer Science,S3D,17681,A1,"AHMAD, HAMMAD",PRACTICAL PYTHON,Graduate,8,5,62.5%,9.20,5.00,5.00,5.00,5.00,5.00,5.00,5.00,5.00,5.00
2025,Fall,School of Computer Science,S3D,17683,A2,"AHMAD, HAMMAD",PRACTICAL DATA STRUC,Graduate,13,7,53.8%,7.57,5.00,5.00,5.00,5.00,5.00,5.00,5.00,5.00,5.00
2025,Fall,School of Computer Science,S3D,17684,1,"HILTON, MICHAEL",ETHICS POLICY ISSUES,Graduate,4,4,100.0%,9.50,4.75,4.50,4.25,3.75,4.50,4.75,5.00,4.50,4.75
2025,Fall,School of Computer Science,S3D,17684,1,"SKIRPAN, MICHAEL",ETHICS POLICY ISSUES,Graduate,4,4,100.0%,9.50,5.00,4.50,4.50,3.75,5.00,5.00,4.75,4.75,4.75
2025,Fall,School of Computer Science,S3D,17695,41,"ASHOK, SWARNALATHA",DESIGN PATTERNS,Graduate,10,4,40.0%,7.25,5.00,4.75,4.75,5.00,5.00,5.00,5.00,5.00,5.00
2025,Fall,School of Computer Science,S3D,17695,A1,"ASHOK, SWARNALATHA",DESIGN PATTERNS,Graduate,54,24,44.4%,7.63,4.42,4.13,4.13,3.88,4.08,4.13,4.57,3.92,3.63
2025,Fall,School of Computer Science,S3D,17702,A,"HABIB, Hana",CURNT TPC PRVY SEMR,Graduate,19,5,26.3%,2.00,5.00,5.00,5.00,4.80,5.00,5.00,5.00,5.00,5.00
2025,Fall,School of Computer Science,S3D,17702,B,"HABIB, Hana",CURNT TPC PRVY SEMR,Graduate,3,0,0.0%,,,,,,,,,,
2025,Fall,School of Computer Science,S3D,17703,A,"CHRISTIN, NICOLAS",CRYPTO BLO APP,Graduate,3,1,33.3%,2.00,5.00,4.00,5.00,5.00,5.00,3.00,5.00,3.00,4.00
2025,Fall,School of Computer Science,S3D,17709,A,"FANG, FEI",AI FOR EVERYONE,Graduate,7,4,57.1%,5.75,5.00,4.75,4.75,4.25,4.75,5.00,5.00,4.75,5.00
2025,Fall,School of Computer Science,S3D,17720,A,"CHAN, JUSTIN",MACHINE LEARN HEALTH,Graduate,10,2,20.0%,8.00,5.00,5.00,5.00,4.00,5.00,5.00,5.00,4.50,5.00
2025,Fall,School of Computer Science,S3D,17720,B,"CHAN, JUSTIN",MACHINE LEARN HEALTH,Graduate,2,1,50.0%,8.00,5.00,5.00,5.00,5.00,5.00,5.00,5.00,5.00,5.00
2025,Fall,School of Computer Science,S3D,17720,A,"GOEL, MAYANK",MACHINE LEARN HEALTH,Graduate,10,2,20.0%,8.00,4.50,4.50,5.00,4.00,5.00,5.00,5.00,5.00,5.00
2025,Fall,School of Computer Science,S3D,17720,B,"GOEL, MAYANK",MACHINE LEARN HEALTH,Graduate,2,1,50.0%,8.00,5.00,5.00,5.00,5.00,5.00,5.00,5.00,5.00,5.00
2025,Fall,School of Computer Science,S3D,17731,A,"FANTI, GIULIA",FOUNDATIONS OF PRIVC,Graduate,14,10,71.4%,11.00,5.00,4.80,4.90,4.80,4.80,4.80,5.00,4.90,4.70
2025,Fall,School of Computer Science,S3D,17731,A,"WU, STEVEN",FOUNDATIONS OF PRIVC,Graduate,14,10,71.4%,11.00,4.90,4.60,4.70,4.60,4.80,4.56,4.67,4.67,4.70
2025,Fall,School of Computer Science,S3D,17733,A,"SCHEFFLER, SARAH",PRIVCY POL LAW TECH,Graduate,9,5,55.6%,8.60,5.00,4.40,4.80,5.00,4.80,4.80,5.00,4.80,4.80
2025,Fall,School of Computer Science,S3D,17762,A,"SHAMOS, MICHAEL",LAW OF COMPUTER TECH,Graduate,45,27,60.0%,9.70,4.89,4.85,4.85,4.81,4.81,4.89,4.89,4.85,4.81
2025,Fall,School of Computer Science,S3D,17770,1,"TITZER, BENJAMIN",VIRT MCH & MNG RUNT,Graduate,3,0,0.0%,,,,,,,,,,
2025,Fall,School of Computer Science,S3D,17808,A,"BROWN, FRASER",SOFTWARE ENGNG RESRC,Graduate,5,1,20.0%,17.00,5.00,5.00,5.00,5.00,5.00,5.00,5.00,5.00,5.00
2025,Fall,School of Computer Science,S3D,17808,A,"BEGEL, ANDREW",SOFTWARE ENGNG RESRC,Graduate,5,1,20.0%,17.00,5.00,5.00,5.00,5.00,5.00,5.00,5.00,5.00,5.00
2025,Fall,School of Computer Science,S3D,17808,A,"PADHYE, ROHAN",SOFTWARE ENGNG RESRC,Graduate,5,1,20.0%,17.00,5.00,5.00,5.00,5.00,5.00,5.00,5.00,5.00,5.00
2025,Fall,School of Computer Science,S3D,17808,A,"KANG, EUNSUK",SOFTWARE ENGNG RESRC,Graduate,5,1,20.0%,17.00,5.00,5.00,5.00,5.00,5.00,5.00,5.00,5.00,5.00
2025,Fall,School of Computer Science,S3D,17808,A,"ALDRICH, JONATHAN",SOFTWARE ENGNG RESRC,Graduate,5,1,20.0%,17.00,5.00,5.00,5.00,5.00,5.00,5.00,5.00,5.00,5.00
2025,Fall,School of Computer Science,S3D,17808,A,"GARLAN, DAVID",SOFTWARE ENGNG RESRC,Graduate,5,1,20.0%,17.00,5.00,5.00,5.00,5.00,5.00,5.00,5.00,5.00,5.00
2025,Fall,School of Computer Science,S3D,17808,A,"VASILESCU, BOGDAN",SOFTWARE ENGNG RESRC,Graduate,5,1,20.0%,17.00,5.00,5.00,5.00,5.00,5.00,5.00,5.00,5.00,5.00
2025,Fall,School of Computer Science,S3D,17808,A,"BREAUX, TRAVIS",SOFTWARE ENGNG RESRC,Graduate,5,1,20.0%,17.00,5.00,5.00,5.00,5.00,5.00,5.00,5.00,5.00,5.00
2025,Fall,School of Computer Science,S3D,17808,A,"KAESTNER, CHRISTIAN",SOFTWARE ENGNG RESRC,Graduate,5,1,20.0%,17.00,5.00,5.00,5.00,5.00,5.00,5.00,5.00,5.00,5.00
2025,Fall,School of Computer Science,S3D,17819,1,"PADHYE, ROHAN",SPCL TPCS PROG ANALY,Graduate,8,6,75.0%,11.50,4.83,4.67,4.83,4.33,4.67,4.17,4.83,4.67,4.67
2025,Fall,School of Computer Science,S3D,17919,A2,"MEYER GRELLI, MEREDITH",LAB TO MARKET,Graduate,13,7,53.8%,9.67,4.83,4.67,4.67,4.67,4.67,4.83,4.83,4.83,4.67
2025,Fall,School of Computer Science,S3D,17920,A,"CARLEY, KATHLEEN",AI ENABLED NETWORK,Graduate,2,2,100.0%,9.50,5.00,4.00,5.00,4.50,5.00,5.00,5.00,5.00,5.00
2025,Fall,School of Computer Science,S3D,17994,A,"VASILESCU, BOGDAN",SC COMPUTING PRACTIC,Graduate,8,4,50.0%,5.00,4.75,4.50,4.50,4.00,4.50,4.50,4.25,4.50,4.50
2025,Fall,School of Computer Science,SCS,07070,A,"KOHLBRENNER, Anne",TEACH TECHNQS FOR CS,Undergraduate,25,11,44.0%,2.55,4.73,4.82,4.82,4.64,4.82,4.82,4.82,4.82,4.55
2025,Fall,School of Computer Science,SCS,07070,B,"RIVERS, KELLY",TEACH TECHNQS FOR CS,Undergraduate,36,18,50.0%,3.39,4.76,4.76,4.82,4.41,4.71,4.65,4.76,4.59,4.18
2025,Fall,School of Computer Science,SCS,07070,A,"GARROD, CHARLES",TEACH TECHNQS FOR CS,Undergraduate,25,11,44.0%,2.55,4.64,4.73,4.73,4.55,4.64,4.64,4.09,4.45,4.45
2025,Fall,School of Computer Science,SCS,07070,B,"GARROD, CHARLES",TEACH TECHNQS FOR CS,Undergraduate,36,18,50.0%,3.56,4.35,4.47,4.41,4.06,4.29,4.29,4.12,4.18,3.94
2025,Fall,School of Computer Science,SCS,07128,A,"CORTINA, THOMAS",FRSHMN IMGRATN COURS,Undergraduate,219,97,44.3%,2.23,4.53,4.46,4.48,4.20,4.38,4.37,4.52,4.38,4.11
2025,Fall,School of Computer Science,SCS,07128,A,"PEET, VERONICA",FRSHMN IMGRATN COURS,Undergraduate,219,97,44.3%,2.28,4.41,4.46,4.47,4.14,4.26,4.31,4.55,4.27,4.05
2025,Fall,School of Computer Science,SCS,07129,W1,"HARRAS, KHALED",FRESHMEN IMMIGRATION,Undergraduate,29,20,69.0%,5.45,5.00,4.95,4.95,4.95,4.95,4.80,4.75,4.90,4.75
2025,Fall,School of Computer Science,SCS,07300,1,"MARTINS, RUBEN",RSRCH & INNOV IN CS,Undergraduate,21,12,57.1%,6.25,4.83,4.83,4.75,4.83,4.67,4.83,4.83,4.75,4.75
2025,Fall,School of Computer Science,SCS,07402,A,"KRIEG, LISA",SCS LDRSHP DEV SEM,Undergraduate,11,11,100.0%,8.00,5.00,4.91,5.00,4.91,4.91,4.82,5.00,5.00,4.91
2025,Fall,Dietrich College of Humanities and Social Sciences,SDS,88120,A,"DOWNS, JULIE",REASN PASSN & COGNTN,Undergraduate,76,59,77.6%,6.59,4.51,4.39,4.38,4.09,4.43,4.53,4.49,4.37,4.36
2025,Fall,Dietrich College of Humanities and Social Sciences,SDS,88130,A,"PATTERSON, MARK",BEHAV ECON 4 LIFE,Undergraduate,36,30,83.3%,5.30,4.87,4.76,4.66,4.68,4.89,4.86,4.89,4.79,4.82
2025,Fall,Dietrich College of Humanities and Social Sciences,SDS,88150,A,"RODE, DAVID",MANAGING DECISIONS,Undergraduate,23,23,100.0%,6.30,3.91,4.17,4.35,3.57,4.30,3.87,4.22,3.87,3.96
2025,Fall,Dietrich College of Humanities and Social Sciences,SDS,88230,A,"OPPENHEIMER, DANNY",HUMAN INTELIG&STUPID,Undergraduate,69,34,49.3%,5.18,4.74,4.56,4.73,4.58,4.82,4.82,4.74,4.82,4.74
2025,Fall,Dietrich College of Humanities and Social Sciences,SDS,88230,B,"OPPENHEIMER, DANNY",HUMAN INTELIG&STUPID,Undergraduate,76,33,43.4%,5.45,4.76,4.48,4.64,4.39,4.64,4.79,4.76,4.70,4.67
2025,Fall,Dietrich College of Humanities and Social Sciences,SDS,88235,A,"CHANG, Jenny",NEGOTIATION,Undergraduate,51,22,43.1%,5.41,4.73,4.77,4.64,4.64,4.76,4.82,4.91,4.77,4.77
2025,Fall,Dietrich College of Humanities and Social Sciences,SDS,88251,A,"AMES, DANIEL",EMPIRICAL RSRCH MTHD,Undergraduate,52,30,57.7%,4.90,3.90,2.10,2.80,2.93,3.37,2.90,4.53,2.86,2.66
2025,Fall,Dietrich College of Humanities and Social Sciences,SDS,88252,A,"SINGH, MANASVINI",CAUSAL INF: DATA DEC,Undergraduate,20,19,95.0%,7.21,4.42,4.37,4.32,4.00,4.58,4.37,4.74,4.42,4.11
2025,Fall,Dietrich College of Humanities and Social Sciences,SDS,88261,A,"SINGH, MANASVINI",HEALTH POL & DEC MAK,Undergraduate,17,15,88.2%,6.80,4.07,3.80,3.93,3.40,4.47,3.93,4.07,3.93,4.00
2025,Fall,Dietrich College of Humanities and Social Sciences,SDS,88281,A,"MILLER, MARY JO",TPCS LAW: 1ST AMEND,Undergraduate,29,12,41.4%,4.25,4.50,4.42,4.50,4.00,4.92,4.75,4.75,4.67,4.58
2025,Fall,Dietrich College of Humanities and Social Sciences,SDS,88299,A,"DOWNS, JULIE",PEER RESRCH MENTOR,Undergraduate,5,1,20.0%,2.00,5.00,5.00,5.00,4.00,4.00,4.00,5.00,5.00,5.00
2025,Fall,Dietrich College of Humanities and Social Sciences,SDS,88302,A,"CHAPMAN, GRETCHEN",BEHAV DECSN MAKING,Undergraduate,35,33,94.3%,5.82,4.76,4.67,4.61,4.24,4.55,4.73,4.85,4.64,4.55
2025,Fall,Dietrich College of Humanities and Social Sciences,SDS,88341,A,"TOMPROU, MARIA",TEAM DYNAM &LEADRSHP,Undergraduate,6,6,100.0%,7.00,4.67,4.00,4.50,4.33,4.83,4.83,4.83,4.67,3.83
2025,Fall,Dietrich College of Humanities and Social Sciences,SDS,88344,A,"MEHALIK, MATTHEW",SYS ANA ENVIR POLICY,Undergraduate,2,1,50.0%,5.00,5.00,5.00,5.00,5.00,5.00,5.00,5.00,5.00,5.00
2025,Fall,Dietrich College of Humanities and Social Sciences,SDS,88360,A,"SCHWARDMANN, PETER",BEHAVIORAL ECONOMICS,Undergraduate,22,9,40.9%,6.67,4.44,4.22,4.67,4.22,4.44,4.33,4.56,4.44,4.44
2025,Fall,Dietrich College of Humanities and Social Sciences,SDS,88379,A,"RODE, DAVID",DATA-DRIV DEC ANALYS,Undergraduate,12,12,100.0%,9.50,4.58,4.33,4.50,4.50,4.42,4.42,5.00,4.33,4.17
2025,Fall,Dietrich College of Humanities and Social Sciences,SDS,88411,A,"BRANSTETTER, LEE",RISE OF ASIAN ECON,Undergraduate,2,0,0.0%,,,,,,,,,,
2025,Fall,Dietrich College of Humanities and Social Sciences,SDS,88452,A,"NOCK, DESTENIE",POLCY ANALY SNR PRJ,Undergraduate,6,6,100.0%,11.00,4.50,3.67,4.50,4.50,4.67,3.83,4.50,3.83,3.83
2025,Fall,Dietrich College of Humanities and Social Sciences,SDS,88453,A,"SCHWARDMANN, PETER",BE CAPSTONE,Undergraduate,6,6,100.0%,9.50,4.83,4.50,4.67,4.83,4.67,4.83,4.83,4.67,4.83
2025,Fall,Dietrich College of Humanities and Social Sciences,SDS,88636,A,"CHANG, Jenny",NEGOTIATION,Graduate,5,3,60.0%,4.00,5.00,5.00,5.00,5.00,5.00,5.00,5.00,5.00,5.00
2025,Fall,Dietrich College of Humanities and Social Sciences,SDS,88703,A,"DOWNS, JULIE",SM:JUDGMNT & DEC MKG,Graduate,9,7,77.8%,11.14,5.00,5.00,5.00,4.86,5.00,5.00,5.00,4.86,5.00
2025,Fall,Dietrich College of Humanities and Social Sciences,STA,36200,2,"PARK, TAEYONG",REASONING DATA,Undergraduate,22,14,63.6%,8.43,4.79,4.71,4.79,4.79,4.71,4.64,4.79,4.50,4.57
2025,Fall,Dietrich College of Humanities and Social Sciences,STA,36200,3,"PARK, TAEYONG",REASONING DATA,Undergraduate,40,20,50.0%,10.80,4.10,4.05,4.00,3.45,3.95,3.60,4.75,3.25,3.30
2025,Fall,Dietrich College of Humanities and Social Sciences,STA,36200,1,"WEINBERG, GORDON",REASONING DATA,Undergraduate,289,109,37.7%,5.45,4.64,4.67,4.69,4.39,4.57,4.74,4.72,4.71,4.64
2025,Fall,Dietrich College of Humanities and Social Sciences,STA,36202,1,"WEINBERG, GORDON",METH STATDATASCI,Undergraduate,230,101,43.9%,5.27,4.70,4.75,4.73,4.55,4.70,4.70,4.76,4.72,4.64
2025,Fall,Dietrich College of Humanities and Social Sciences,STA,36204,A1,"SLAYTON, EMMA",DISCVR DATA,Undergraduate,4,1,25.0%,5.00,5.00,5.00,5.00,5.00,5.00,5.00,5.00,5.00,5.00
2025,Fall,Dietrich College of Humanities and Social Sciences,STA,36218,1,"GENOVESE, CHRISTOPHER",PROB THEO CS,Undergraduate,77,28,36.4%,11.00,4.21,3.36,3.19,3.30,3.00,3.11,4.46,3.18,2.57
2025,Fall,Dietrich College of Humanities and Social Sciences,STA,36220,A,"FREEMAN, PETER",ENGR STAT QUAL CTRL,Undergraduate,72,34,47.2%,7.65,3.94,4.00,3.97,3.58,4.06,3.82,4.45,3.73,3.58
2025,Fall,Dietrich College of Humanities and Social Sciences,STA,36225,1,"TANG, WEIJING",INTRO PROBLTY THEORY,Undergraduate,296,113,38.2%,8.36,3.90,3.99,3.96,3.77,3.80,3.81,4.36,3.66,3.62
2025,Fall,Dietrich College of Humanities and Social Sciences,STA,36235,1,"FREEMAN, PETER",PROB & STAT INF I,Undergraduate,185,65,35.1%,8.88,4.15,4.38,4.31,4.02,4.25,4.29,4.38,4.20,4.18
2025,Fall,Dietrich College of Humanities and Social Sciences,STA,36300,A,"YODER, BRYCE",STAT & DS INTERNSHIP,Undergraduate,5,0,0.0%,,,,,,,,,,
2025,Fall,Dietrich College of Humanities and Social Sciences,STA,36309,1,"BEN-MICHAEL, ELI",EX DES BEHA SOC SCI,Undergraduate,41,16,39.0%,7.81,4.00,3.88,4.06,3.69,4.31,3.63,4.63,3.75,3.81
2025,Fall,Dietrich College of Humanities and Social Sciences,STA,36315,1,"KOERNER, FREDERICK",STAT GRPHCS & VISUAL,Undergraduate,98,31,31.6%,7.55,4.19,4.29,4.32,4.03,4.26,4.19,4.52,4.13,4.13
2025,Fall,Dietrich College of Humanities and Social Sciences,STA,36350,A,"TOWNES, WILL",STAT COMP,Undergraduate,53,20,37.7%,8.80,3.75,4.10,3.80,3.65,3.65,3.70,4.40,3.90,3.30
2025,Fall,Dietrich College of Humanities and Social Sciences,STA,36396,A,"YURKO, RONALD",ATHLETICS ANALYTICS,Undergraduate,3,2,66.7%,9.50,5.00,5.00,5.00,5.00,5.00,5.00,5.00,5.00,5.00
2025,Fall,Dietrich College of Humanities and Social Sciences,STA,36401,A,"BRANSON, ZACHARY",MODERN REGRESSION,Undergraduate,243,95,39.1%,9.69,4.77,4.62,4.57,4.48,4.60,4.46,4.81,4.57,4.39
2025,Fall,Dietrich College of Humanities and Social Sciences,STA,36466,A,"SCHAFER, CHAD",SPTP STAT. MTH. FIN.,Undergraduate,29,12,41.4%,7.00,4.92,4.83,4.92,4.42,4.92,4.83,5.00,4.92,4.83
2025,Fall,Dietrich College of Humanities and Social Sciences,STA,36468,A,"REINHART, ALEXANDER",TEXT ANALYSIS,Undergraduate,39,7,17.9%,6.29,4.57,4.14,4.57,3.86,4.57,4.43,4.57,4.14,3.86
2025,Fall,Dietrich College of Humanities and Social Sciences,STA,36490,A,"MENA, GONZALO",UNDERGRAD RESEARCH,Undergraduate,9,4,44.4%,7.25,4.00,4.25,4.25,4.00,4.00,3.75,3.75,4.00,4.25
2025,Fall,Dietrich College of Humanities and Social Sciences,STA,36497,A,"MENA, GONZALO",CORP CAP PRJ,Undergraduate,10,4,40.0%,8.75,4.25,4.50,4.50,4.50,4.50,4.00,4.50,4.25,4.50
2025,Fall,Dietrich College of Humanities and Social Sciences,STA,36600,A,"KOERNER, FREDERICK",OVER STAT LEARN MOD,Graduate,22,13,59.1%,9.15,4.54,4.69,4.62,4.23,4.46,4.62,4.77,4.54,4.54
2025,Fall,Dietrich College of Humanities and Social Sciences,STA,36611,A,"MCGOVERN, JAMIE",PROF SKILLS STAT I,Graduate,28,12,42.9%,6.75,4.75,4.50,4.64,4.82,4.82,4.67,4.67,4.50,4.58
2025,Fall,Dietrich College of Humanities and Social Sciences,STA,36613,A1,"BRANSON, ZACHARY",DATA VISUALIZATION,Graduate,28,21,75.0%,7.43,4.95,4.90,4.86,4.86,4.86,4.81,4.95,4.95,4.95
2025,Fall,Dietrich College of Humanities and Social Sciences,STA,36614,A2,"WALCHESSEN, Julia",DATA ENGINEERING,Graduate,28,12,42.9%,7.75,3.08,2.67,2.83,3.33,3.33,2.92,3.92,2.58,2.92
2025,Fall,Dietrich College of Humanities and Social Sciences,STA,36617,A,"VENTURA, VALERIE",LINEAR MODELS,Graduate,28,12,42.9%,12.75,4.75,4.58,4.50,4.50,4.50,4.75,4.75,4.58,4.58
2025,Fall,Dietrich College of Humanities and Social Sciences,STA,36642,A2,"YURKO, RONALD",DATA VIS,Graduate,16,6,37.5%,10.67,4.33,4.67,4.67,4.17,4.50,4.50,5.00,4.67,4.50
2025,Fall,Dietrich College of Humanities and Social Sciences,STA,36643,A1,"REINHART, ALEXANDER",INTRO TO DS COMP,Graduate,15,7,46.7%,11.14,5.00,4.86,5.00,5.00,5.00,5.00,5.00,4.86,4.71
2025,Fall,Dietrich College of Humanities and Social Sciences,STA,36644,A1,"FREEMAN, PETER",RL WRLD DS CAPSTN,Graduate,10,4,40.0%,11.00,5.00,5.00,5.00,5.00,5.00,5.00,5.00,5.00,5.00
2025,Fall,Dietrich College of Humanities and Social Sciences,STA,36644,A1,"NUGENT, REBECCA",RL WRLD DS CAPSTN,Graduate,10,4,40.0%,11.00,5.00,5.00,5.00,5.00,5.00,5.00,5.00,5.00,5.00
2025,Fall,Dietrich College of Humanities and Social Sciences,STA,36650,A,"KUUSELA, MIKAEL",STAT COMPUTING,Graduate,29,12,41.4%,8.50,4.67,4.50,4.67,4.50,4.58,4.75,4.83,4.75,4.58
2025,Fall,Dietrich College of Humanities and Social Sciences,STA,36666,A,"SCHAFER, CHAD",STAT. METH. FIN.,Graduate,13,3,23.1%,9.00,5.00,5.00,5.00,5.00,5.00,5.00,5.00,5.00,5.00
2025,Fall,Dietrich College of Humanities and Social Sciences,STA,36668,A,"REINHART, ALEXANDER",TEXT ANALYSIS,Graduate,12,7,58.3%,6.29,5.00,4.86,4.86,4.57,4.86,5.00,5.00,5.00,4.86
2025,Fall,Dietrich College of Humanities and Social Sciences,STA,36673,A,"SHALIZI, COSMA",ST: STAT PRIN GEN AI,Graduate,7,3,42.9%,11.00,4.00,3.67,4.00,3.67,4.00,4.00,4.33,4.00,3.67
2025,Fall,Dietrich College of Humanities and Social Sciences,STA,36700,A,"LEE, ANN",PROB & MATH STATS,Graduate,83,38,45.8%,12.50,3.45,3.58,3.59,3.38,3.51,2.89,4.30,2.89,3.13
2025,Fall,Dietrich College of Humanities and Social Sciences,STA,36705,A,"WASSERMAN, LARRY",INTERMED STATISTICS,Graduate,64,28,43.8%,10.79,4.29,4.36,4.32,3.57,4.50,4.50,4.46,4.43,4.14
2025,Fall,Dietrich College of Humanities and Social Sciences,STA,36707,A,"REINHART, ALEXANDER",REGRESSION ANALYSIS,Graduate,17,8,47.1%,11.38,4.50,4.63,4.50,4.50,4.63,4.63,4.75,4.63,4.50
2025,Fall,Dietrich College of Humanities and Social Sciences,STA,36711,A1,"SHEN, YANDI",ADV STAT THRY I,Graduate,4,2,50.0%,3.50,5.00,5.00,5.00,5.00,5.00,5.00,5.00,5.00,5.00
2025,Fall,Dietrich College of Humanities and Social Sciences,STA,36712,A2,"SHEN, YANDI",ADV STAT THRY II,Graduate,6,2,33.3%,6.50,5.00,5.00,5.00,5.00,5.00,5.00,5.00,5.00,5.00
2025,Fall,Dietrich College of Humanities and Social Sciences,STA,36719,A,"KASS, ROBERT",EXP DSN DA FOR NEURO,Graduate,4,3,75.0%,3.00,4.67,4.67,5.00,5.00,5.00,4.67,5.00,4.67,4.67
2025,Fall,Dietrich College of Humanities and Social Sciences,STA,36731,A1,"KENNEDY, EDWARD",FOUND CAUS INF,Graduate,31,9,29.0%,12.11,5.00,4.89,5.00,5.00,5.00,5.00,5.00,5.00,5.00
2025,Fall,Dietrich College of Humanities and Social Sciences,STA,36732,A2,"KENNEDY, EDWARD",MOD CAUS INF,Graduate,30,9,30.0%,8.67,4.78,4.67,4.78,4.56,4.89,4.75,5.00,4.63,4.67
2025,Fall,Dietrich College of Humanities and Social Sciences,STA,36738,A1,"BALAKRISHNAN, SIVARAMAN",STAT OPT TRANSPORT I,Graduate,20,11,55.0%,4.45,4.91,4.73,5.00,4.91,4.91,4.91,5.00,5.00,4.91
2025,Fall,Dietrich College of Humanities and Social Sciences,STA,36739,A2,"BALAKRISHNAN, SIVARAMAN",STAT OPT TRNSPRT II,Graduate,18,5,27.8%,5.60,4.80,4.80,4.60,4.80,4.80,4.80,5.00,4.80,4.60
2025,Fall,Dietrich College of Humanities and Social Sciences,STA,36749,1,"BEN-MICHAEL, ELI",EXP DES BEH SOC SCI,Graduate,13,7,53.8%,9.29,4.57,4.43,4.43,4.29,4.71,4.57,4.86,4.57,4.43
2025,Fall,Dietrich College of Humanities and Social Sciences,STA,36750,A,"GENOVESE, CHRISTOPHER",STAT COMPUTING,Graduate,9,5,55.6%,12.20,4.40,2.80,3.20,3.60,4.20,4.00,4.80,4.00,3.40
2025,Fall,Dietrich College of Humanities and Social Sciences,STA,36758,A,"VENTURA, VALERIE",ADV DATA ANALYSIS II,Graduate,14,3,21.4%,6.00,5.00,5.00,5.00,5.00,5.00,5.00,5.00,5.00,4.67
2025,Fall,Dietrich College of Humanities and Social Sciences,STU,98002,A,"PEVIDA, Aidan",STUCO: MAST CONNECT4,Undergraduate,3,2,66.7%,2.00,5.00,5.00,5.00,5.00,5.00,5.00,5.00,5.00,5.00
2025,Fall,Dietrich College of Humanities and Social Sciences,STU,98008,A,"FISHER, Fiona",STUCO: RUSTLANG,Undergraduate,30,15,50.0%,2.60,4.60,4.80,4.67,4.40,4.53,4.40,4.80,4.33,4.40
2025,Fall,Dietrich College of Humanities and Social Sciences,STU,98040,A,"MARCELINO, Annie",STUCO: SEWSUSTAIN,Undergraduate,13,7,53.8%,2.00,5.00,5.00,4.86,4.71,4.71,4.86,5.00,4.86,4.86
2025,Fall,Dietrich College of Humanities and Social Sciences,STU,98040,A,"MENGER-THAU, Ada",STUCO: SEWSUSTAIN,Undergraduate,13,7,53.8%,2.00,5.00,5.00,4.86,4.71,4.71,4.86,5.00,4.86,4.86
2025,Fall,Dietrich College of Humanities and Social Sciences,STU,98043,A,"PENG, ANDREW",STUCO: CHESS,Undergraduate,20,8,40.0%,2.00,4.88,4.88,4.88,4.88,4.88,4.88,4.88,4.88,4.88
2025,Fall,Dietrich College of Humanities and Social Sciences,STU,98043,A,"KHONG, VIONNIE",STUCO: CHESS,Undergraduate,20,8,40.0%,2.00,4.88,4.88,4.88,4.88,4.88,4.88,4.88,4.88,4.88
2025,Fall,Dietrich College of Humanities and Social Sciences,STU,98043,A,"SIEGEL, Henry",STUCO: CHESS,Undergraduate,20,8,40.0%,2.00,4.88,4.88,4.88,4.88,4.88,4.88,4.88,4.88,4.88
2025,Fall,Dietrich College of Humanities and Social Sciences,STU,98067,A,"EBER, VERONIKA",STUCO: PEER M HEALTH,Undergraduate,6,0,0.0%,,,,,,,,,,
2025,Fall,Dietrich College of Humanities and Social Sciences,STU,98072,A,"KOAY, Jeslyn",STUCO: INTR SINGLISH,Undergraduate,4,2,50.0%,2.00,5.00,5.00,5.00,5.00,5.00,5.00,5.00,5.00,5.00
2025,Fall,Dietrich College of Humanities and Social Sciences,STU,98072,A,"NEO, Jun Wei",STUCO: INTR SINGLISH,Undergraduate,4,2,50.0%,2.00,5.00,5.00,5.00,5.00,5.00,5.00,5.00,5.00,5.00
2025,Fall,Dietrich College of Humanities and Social Sciences,STU,98081,A,"HUANG, Ethan",STUCO: HEMA,Undergraduate,8,3,37.5%,2.00,4.67,4.67,4.67,4.67,4.67,4.67,4.67,4.67,4.67
2025,Fall,Dietrich College of Humanities and Social Sciences,STU,98123,A,"MA, MARISSA",STUCO: LETTERING,Undergraduate,25,10,40.0%,2.60,4.70,4.90,4.80,4.80,4.80,4.80,4.80,4.80,4.80
2025,Fall,Dietrich College of Humanities and Social Sciences,STU,98123,A,"MONAHAN, MAGGIE",STUCO: LETTERING,Undergraduate,25,10,40.0%,2.60,4.90,4.90,4.80,4.80,4.80,4.80,4.90,4.90,4.80
2025,Fall,Dietrich College of Humanities and Social Sciences,STU,98128,A,"KOZLOWSKI, KAYA",STUCO: IMPROV COMEDY,Undergraduate,8,2,25.0%,2.00,4.50,5.00,4.50,4.50,4.50,5.00,5.00,4.50,5.00
2025,Fall,Dietrich College of Humanities and Social Sciences,STU,98128,A,"DOOLITTLE, Moira",STUCO: IMPROV COMEDY,Undergraduate,8,2,25.0%,2.00,4.50,5.00,4.50,4.50,4.50,5.00,5.00,5.00,5.00
2025,Fall,Dietrich College of Humanities and Social Sciences,STU,98179,A,"FAN, SUNNY",STUCO: INTRO MAHJONG,Undergraduate,14,4,28.6%,2.00,4.50,4.33,4.00,4.33,4.33,4.33,4.33,4.33,4.33
2025,Fall,Dietrich College of Humanities and Social Sciences,STU,98179,A,"TERNULLO, JOHN",STUCO: INTRO MAHJONG,Undergraduate,14,4,28.6%,2.00,4.50,4.50,4.50,4.50,4.50,4.50,4.50,4.50,4.50
2025,Fall,Dietrich College of Humanities and Social Sciences,STU,98179,A,"AN, Marshall",STUCO: INTRO MAHJONG,Undergraduate,14,4,28.6%,2.00,4.33,4.33,4.33,4.33,4.33,4.33,4.33,4.33,4.33
2025,Fall,Dietrich College of Humanities and Social Sciences,STU,98186,A,"ROBERTS, Taylor",STUCO: RLR CS HS DES,Undergraduate,8,7,87.5%,17.71,5.00,5.00,5.00,5.00,5.00,5.00,5.00,5.00,5.00
2025,Fall,Dietrich College of Humanities and Social Sciences,STU,98186,A,"ACOSTA, JOVANNI",STUCO: RLR CS HS DES,Undergraduate,8,7,87.5%,17.71,5.00,5.00,4.86,4.86,5.00,5.00,5.00,4.86,5.00
2025,Fall,Dietrich College of Humanities and Social Sciences,STU,98226,A,"BAI, EMILY",STUCO: MOVIES,Undergraduate,15,5,33.3%,2.60,4.80,4.80,4.80,4.60,4.60,4.60,5.00,4.80,4.80
2025,Fall,Dietrich College of Humanities and Social Sciences,STU,98226,A,"JAIN, Amishi",STUCO: MOVIES,Undergraduate,15,5,33.3%,2.00,4.60,4.60,4.60,4.60,4.60,4.60,4.80,4.80,4.80
2025,Fall,Dietrich College of Humanities and Social Sciences,STU,98244,A,"ABASCAL, Brooke",STUCO: SIGN LANGUAGE,Undergraduate,16,14,87.5%,2.46,4.85,4.85,4.92,4.85,4.92,4.92,4.92,4.85,4.85
2025,Fall,Dietrich College of Humanities and Social Sciences,STU,98244,A,"BI, JIALING",STUCO: SIGN LANGUAGE,Undergraduate,16,14,87.5%,2.43,5.00,4.85,4.92,5.00,4.92,4.92,4.92,4.85,4.69
2025,Fall,Dietrich College of Humanities and Social Sciences,STU,98258,A,"KIM, Ryan",STUCO: CMPT POKEMON,Undergraduate,19,11,57.9%,2.27,4.91,5.00,5.00,4.45,4.82,4.82,5.00,4.91,4.82
2025,Fall,Dietrich College of Humanities and Social Sciences,STU,98266,A,"WANG, Jack",STUCO: LEARN TO FLY,Undergraduate,20,11,55.0%,2.00,4.73,4.91,4.82,4.64,4.91,4.82,4.91,4.82,4.82
2025,Fall,Dietrich College of Humanities and Social Sciences,STU,98341,A,"BAILEY, Sky",STUCO: DIY COMPUTER,Undergraduate,12,8,66.7%,2.00,4.88,4.75,5.00,4.88,4.88,4.88,4.88,4.88,4.88
2025,Fall,Dietrich College of Humanities and Social Sciences,STU,98374,A,"LO, ALISA",STUCO: TEA CULTURE,Undergraduate,36,14,38.9%,6.71,4.93,4.93,4.93,4.62,4.86,4.93,4.93,4.93,4.79
2025,Fall,Dietrich College of Humanities and Social Sciences,STU,98374,A,"NGAI, RYAN",STUCO: TEA CULTURE,Undergraduate,36,14,38.9%,11.43,4.86,4.86,4.86,4.62,4.79,4.79,4.93,4.79,4.79
2025,Fall,Dietrich College of Humanities and Social Sciences,STU,98501,A,"HO, Marcus",STUCO: ORIGAMI,Undergraduate,11,6,54.5%,4.50,5.00,4.50,5.00,5.00,5.00,5.00,4.83,5.00,4.83
2025,Fall,Dietrich College of Humanities and Social Sciences,STU,98502,A,"PTAK, ALAYNA",STUCO: DYSTPIA WRTNG,Undergraduate,10,6,60.0%,2.50,4.83,4.83,4.83,4.83,4.83,4.83,5.00,4.83,4.83
2025,Fall,Dietrich College of Humanities and Social Sciences,STU,98502,A,"TIAN, JENNIE",STUCO: DYSTPIA WRTNG,Undergraduate,10,6,60.0%,2.50,4.83,4.83,4.83,4.83,4.83,4.83,5.00,4.83,4.83
2025,Fall,Dietrich College of Humanities and Social Sciences,STU,98502,A,"TSVETKOV, Eden",STUCO: DYSTPIA WRTNG,Undergraduate,10,6,60.0%,2.50,4.83,4.83,4.83,4.83,4.83,4.83,5.00,4.83,4.83
2025,Fall,Dietrich College of Humanities and Social Sciences,STU,98503,A,"LOCATELI, Helena",STUCO: JURASSIC PARK,Undergraduate,12,9,75.0%,2.00,5.00,5.00,5.00,5.00,5.00,5.00,5.00,5.00,5.00
2025,Fall,Dietrich College of Humanities and Social Sciences,STU,98504,A,"HOU, AINIKA",STUCO: INT TEN ANLYT,Undergraduate,4,2,50.0%,2.00,5.00,5.00,5.00,5.00,5.00,5.00,5.00,5.00,5.00
2025,Fall,Dietrich College of Humanities and Social Sciences,STU,98504,A,"SPIVACK, Peter",STUCO: INT TEN ANLYT,Undergraduate,4,2,50.0%,2.00,5.00,5.00,5.00,5.00,5.00,5.00,5.00,5.00,5.00
2025,Fall,Dietrich College of Humanities and Social Sciences,STU,98505,A,"MILLS, Audrey",STUCO: MINDFUL CRAFT,Undergraduate,14,8,57.1%,2.00,4.13,4.38,4.63,3.88,4.50,4.13,4.50,4.00,4.25
2025,Fall,Dietrich College of Humanities and Social Sciences,STU,98506,A,"CROSS, Sarah",STUCO: INTRO WEB DEV,Undergraduate,18,7,38.9%,2.86,4.86,4.86,4.71,4.71,4.43,4.57,4.86,4.71,4.71
2025,Fall,Dietrich College of Humanities and Social Sciences,STU,98506,A,"HANES, COLIN",STUCO: INTRO WEB DEV,Undergraduate,18,7,38.9%,2.43,4.71,4.86,4.71,4.57,4.43,4.57,4.86,4.71,4.71